timestamp_ms,price,size,side,is_buyer_maker,event_flags
6208212028,73166.38000000,0.00013000,SELL,true,
6208212029,73166.38000000,0.00009000,SELL,true,
6208212030,73166.39000000,0.00105000,BUY,false,
6208212031,73166.39000000,0.00136000,BUY,false,
6208212032,73166.39000000,0.00009000,BUY,false,
6208212033,73166.39000000,0.00101000,BUY,false,
6208212034,73166.39000000,0.00014000,BUY,false,
6208212035,73166.39000000,0.00014000,BUY,false,
6208212036,73166.39000000,0.00113000,BUY,false,
6208212037,73166.39000000,0.00107000,BUY,false,
6208212038,73166.39000000,0.00014000,BUY,false,
6208212039,73166.39000000,0.00032000,BUY,false,
6208212040,73166.39000000,0.00028000,BUY,false,
6208212041,73166.39000000,0.00077000,BUY,false,
6208212042,73166.39000000,0.00014000,BUY,false,
6208212043,73166.39000000,0.00183000,BUY,false,LARGE
6208212044,73166.39000000,0.01367000,BUY,false,LARGE
6208212045,73166.39000000,0.00014000,BUY,false,
6208212046,73166.39000000,0.00013000,BUY,false,
6208212047,73166.39000000,0.00014000,BUY,false,
6208212048,73166.39000000,0.00014000,BUY,false,
6208212049,73166.39000000,0.00054000,BUY,false,
6208212050,73166.39000000,0.00011000,BUY,false,
6208212051,73166.39000000,0.00102000,BUY,false,
6208212052,73166.39000000,0.00137000,BUY,false,
6208212053,73166.39000000,0.00021000,BUY,false,
6208212054,73166.39000000,0.00051000,BUY,false,
6208212055,73166.39000000,0.00041000,BUY,false,
6208212056,73166.39000000,0.00017000,BUY,false,
6208212057,73166.39000000,0.00018000,BUY,false,
6208212058,73166.39000000,0.00007000,BUY,false,
6208212059,73166.39000000,0.00014000,BUY,false,
6208212060,73166.39000000,0.00014000,BUY,false,
6208212061,73166.39000000,0.00007000,BUY,false,
6208212062,73166.39000000,0.00580000,BUY,false,LARGE
6208212063,73166.39000000,0.00068000,BUY,false,
6208212064,73166.39000000,0.00047000,BUY,false,
6208212065,73166.39000000,0.00014000,BUY,false,
6208212066,73166.39000000,0.00014000,BUY,false,
6208212067,73166.39000000,0.00014000,BUY,false,
6208212068,73166.39000000,0.00014000,BUY,false,
6208212069,73166.39000000,0.00014000,BUY,false,
6208212070,73166.39000000,0.00007000,BUY,false,
6208212071,73166.39000000,0.00007000,BUY,false,
6208212072,73166.39000000,0.00007000,BUY,false,
6208212073,73166.39000000,0.00007000,BUY,false,
6208212074,73166.39000000,0.00007000,BUY,false,
6208212075,73166.39000000,0.00007000,BUY,false,
6208212076,73166.39000000,0.00007000,BUY,false,
6208212077,73166.39000000,0.00008000,BUY,false,
6208212078,73166.39000000,0.00007000,BUY,false,
6208212079,73166.39000000,0.00197000,BUY,false,
6208212080,73166.39000000,0.00007000,BUY,false,
6208212081,73166.39000000,0.00007000,BUY,false,
6208212082,73166.39000000,0.00008000,BUY,false,
6208212083,73166.39000000,0.00007000,BUY,false,
6208212084,73166.39000000,0.00322000,BUY,false,LARGE
6208212085,73166.39000000,0.00151000,BUY,false,
6208212086,73166.39000000,0.00036000,BUY,false,
6208212087,73166.39000000,0.01300000,BUY,false,LARGE
6208212088,73166.39000000,0.01300000,BUY,false,LARGE
6208212089,73166.39000000,0.00008000,BUY,false,
6208212090,73166.39000000,0.00007000,BUY,false,
6208212091,73166.39000000,0.00007000,BUY,false,
6208212092,73166.39000000,0.00699000,BUY,false,LARGE
6208212093,73166.39000000,0.00007000,BUY,false,
6208212094,73166.39000000,0.00007000,BUY,false,
6208212095,73166.39000000,0.00007000,BUY,false,
6208212096,73166.39000000,0.00007000,BUY,false,
6208212097,73166.39000000,0.00007000,BUY,false,
6208212098,73166.39000000,0.00007000,BUY,false,
6208212099,73166.39000000,0.00007000,BUY,false,
6208212100,73166.39000000,0.00007000,BUY,false,
6208212101,73166.39000000,0.00007000,BUY,false,
6208212102,73166.39000000,0.00007000,BUY,false,
6208212103,73166.39000000,0.00007000,BUY,false,
6208212104,73166.39000000,0.00007000,BUY,false,
6208212105,73166.39000000,0.00007000,BUY,false,
6208212106,73166.39000000,0.00007000,BUY,false,
6208212107,73166.39000000,0.00007000,BUY,false,
6208212108,73166.39000000,0.00007000,BUY,false,
6208212109,73166.39000000,0.00007000,BUY,false,
6208212110,73166.39000000,0.00007000,BUY,false,
6208212111,73166.39000000,0.00007000,BUY,false,
6208212112,73166.39000000,0.00007000,BUY,false,
6208212113,73166.39000000,0.00007000,BUY,false,
6208212114,73166.39000000,0.00007000,BUY,false,
6208212115,73166.39000000,0.00007000,BUY,false,
6208212116,73166.39000000,0.00007000,BUY,false,
6208212117,73166.39000000,0.00007000,BUY,false,
6208212118,73166.40000000,0.00007000,BUY,false,
6208212119,73166.40000000,0.00007000,BUY,false,
6208212120,73166.40000000,0.00007000,BUY,false,
6208212121,73166.40000000,0.00007000,BUY,false,
6208212122,73166.40000000,0.00007000,BUY,false,
6208212123,73166.40000000,0.00007000,BUY,false,
6208212124,73166.40000000,0.00014000,BUY,false,
6208212125,73166.40000000,0.00007000,BUY,false,
6208212126,73166.40000000,0.00007000,BUY,false,
6208212127,73166.40000000,0.00007000,BUY,false,
6208212128,73166.40000000,0.00007000,BUY,false,
6208212129,73166.40000000,0.00007000,BUY,false,
6208212130,73166.40000000,0.00007000,BUY,false,
6208212131,73166.40000000,0.00007000,BUY,false,
6208212132,73166.40000000,0.00007000,BUY,false,
6208212133,73166.41000000,0.00007000,BUY,false,
6208212134,73166.41000000,0.00008000,BUY,false,
6208212135,73166.41000000,0.00007000,BUY,false,
6208212136,73166.41000000,0.00007000,BUY,false,
6208212137,73166.41000000,0.00007000,BUY,false,
6208212138,73166.99000000,0.00008000,BUY,false,
6208212139,73167.00000000,0.00050000,BUY,false,
6208212140,73167.00000000,0.00081000,BUY,false,
6208212141,73167.00000000,0.00050000,BUY,false,
6208212142,73167.00000000,0.00081000,BUY,false,
6208212143,73167.00000000,0.00200000,BUY,false,
6208212144,73167.00000000,0.00014000,BUY,false,
6208212145,73167.00000000,0.00014000,BUY,false,
6208212146,73167.00000000,0.00428000,BUY,false,LARGE
6208212147,73167.00000000,0.00200000,BUY,false,
6208212148,73167.00000000,0.00524000,BUY,false,LARGE
6208212149,73167.00000000,0.00350000,BUY,false,LARGE
6208212150,73166.99000000,0.00346000,SELL,true,LARGE
6208212151,73167.00000000,0.00014000,BUY,false,
6208212152,73167.00000000,0.00041000,BUY,false,
6208212153,73167.00000000,0.00041000,BUY,false,
6208212154,73167.00000000,0.00062000,BUY,false,
6208212155,73167.00000000,0.00164000,BUY,false,
6208212156,73167.00000000,0.00017000,BUY,false,
6208212157,73167.00000000,0.00164000,BUY,false,
6208212158,73167.00000000,0.00164000,BUY,false,
6208212159,73167.00000000,0.00164000,BUY,false,
6208212160,73167.00000000,0.00030000,BUY,false,
6208212161,73167.00000000,0.00164000,BUY,false,
6208212162,73167.00000000,0.00040000,BUY,false,
6208212163,73167.00000000,0.00040000,BUY,false,
6208212164,73167.00000000,0.00164000,BUY,false,
6208212165,73167.00000000,0.00164000,BUY,false,
6208212166,73167.00000000,0.00164000,BUY,false,
6208212167,73167.00000000,0.00164000,BUY,false,
6208212168,73167.00000000,0.00164000,BUY,false,
6208212169,73167.00000000,0.00164000,BUY,false,
6208212170,73167.00000000,0.00164000,BUY,false,
6208212171,73167.00000000,0.00015000,BUY,false,
6208212172,73167.00000000,0.00164000,BUY,false,
6208212173,73167.00000000,0.00164000,BUY,false,
6208212174,73167.00000000,0.00164000,BUY,false,
6208212175,73167.00000000,0.00031000,BUY,false,
6208212176,73167.00000000,0.00164000,BUY,false,
6208212177,73167.00000000,0.00014000,BUY,false,
6208212178,73167.00000000,0.00164000,BUY,false,
6208212179,73166.99000000,0.00278000,SELL,true,
6208212180,73167.00000000,0.00164000,BUY,false,
6208212181,73167.00000000,0.00025000,BUY,false,
6208212182,73167.00000000,0.00164000,BUY,false,
6208212183,73167.00000000,0.00014000,BUY,false,
6208212184,73167.00000000,0.00069000,BUY,false,
6208212185,73167.00000000,0.00164000,BUY,false,
6208212186,73167.00000000,0.00164000,BUY,false,
6208212187,73167.00000000,0.00164000,BUY,false,
6208212188,73167.00000000,0.00164000,BUY,false,
6208212189,73167.00000000,0.00164000,BUY,false,
6208212190,73167.00000000,0.00164000,BUY,false,
6208212191,73167.00000000,0.00164000,BUY,false,
6208212192,73167.00000000,0.00164000,BUY,false,
6208212193,73167.00000000,0.00164000,BUY,false,
6208212194,73167.00000000,0.00164000,BUY,false,
6208212195,73167.00000000,0.00074000,BUY,false,
6208212196,73167.00000000,0.00164000,BUY,false,
6208212197,73167.00000000,0.00164000,BUY,false,
6208212198,73167.00000000,0.00019000,BUY,false,
6208212199,73167.00000000,0.00164000,BUY,false,
6208212200,73167.00000000,0.00164000,BUY,false,
6208212201,73167.00000000,0.00164000,BUY,false,
6208212202,73167.00000000,0.00164000,BUY,false,
6208212203,73167.00000000,0.00164000,BUY,false,
6208212204,73167.00000000,0.00164000,BUY,false,
6208212205,73167.00000000,0.00164000,BUY,false,
6208212206,73167.00000000,0.00164000,BUY,false,
6208212207,73167.00000000,0.00164000,BUY,false,
6208212208,73167.00000000,0.00164000,BUY,false,
6208212209,73167.00000000,0.00164000,BUY,false,
6208212210,73167.00000000,0.00164000,BUY,false,
6208212211,73167.00000000,0.00164000,BUY,false,
6208212212,73167.00000000,0.00164000,BUY,false,
6208212213,73167.00000000,0.00164000,BUY,false,
6208212214,73167.00000000,0.00164000,BUY,false,
6208212215,73167.00000000,0.00164000,BUY,false,
6208212216,73167.00000000,0.00010000,BUY,false,
6208212217,73167.00000000,0.00164000,BUY,false,
6208212218,73167.00000000,0.00164000,BUY,false,
6208212219,73167.00000000,0.00164000,BUY,false,
6208212220,73167.00000000,0.00164000,BUY,false,
6208212221,73167.00000000,0.00164000,BUY,false,
6208212222,73167.00000000,0.00164000,BUY,false,
6208212223,73167.00000000,0.00164000,BUY,false,
6208212224,73167.00000000,0.00164000,BUY,false,
6208212225,73167.00000000,0.00164000,BUY,false,
6208212226,73167.00000000,0.00164000,BUY,false,
6208212227,73167.00000000,0.00164000,BUY,false,
6208212228,73167.00000000,0.00164000,BUY,false,
6208212229,73167.00000000,0.00164000,BUY,false,
6208212230,73167.00000000,0.00164000,BUY,false,
6208212231,73167.00000000,0.00164000,BUY,false,
6208212232,73167.00000000,0.00164000,BUY,false,
6208212233,73167.00000000,0.00164000,BUY,false,
6208212234,73167.00000000,0.00164000,BUY,false,
6208212235,73167.00000000,0.00164000,BUY,false,
6208212236,73167.00000000,0.00164000,BUY,false,
6208212237,73167.00000000,0.00164000,BUY,false,
6208212238,73167.00000000,0.00164000,BUY,false,
6208212239,73167.00000000,0.00200000,BUY,false,
6208212240,73167.00000000,0.00164000,BUY,false,
6208212241,73167.00000000,0.00164000,BUY,false,
6208212242,73167.00000000,0.00164000,BUY,false,
6208212243,73167.00000000,0.00164000,BUY,false,
6208212244,73167.00000000,0.00014000,BUY,false,
6208212245,73167.00000000,0.00014000,BUY,false,
6208212246,73167.00000000,0.85200000,BUY,false,LARGE
6208212247,73167.00000000,0.00007000,BUY,false,
6208212248,73167.00000000,0.00014000,BUY,false,
6208212249,73167.00000000,0.00007000,BUY,false,
6208212250,73167.00000000,0.00007000,BUY,false,
6208212251,73167.00000000,0.00007000,BUY,false,
6208212252,73167.00000000,0.00007000,BUY,false,
6208212253,73167.00000000,0.00008000,BUY,false,
6208212254,73167.00000000,0.00008000,BUY,false,
6208212255,73167.00000000,0.00008000,BUY,false,
6208212256,73167.00000000,0.00008000,BUY,false,
6208212257,73167.00000000,0.00008000,BUY,false,
6208212258,73167.00000000,0.00008000,BUY,false,
6208212259,73167.00000000,0.00007000,BUY,false,
6208212260,73167.00000000,0.00008000,BUY,false,
6208212261,73167.00000000,0.00008000,BUY,false,
6208212262,73167.00000000,0.00014000,BUY,false,
6208212263,73167.00000000,0.00197000,BUY,false,
6208212264,73167.00000000,0.00007000,BUY,false,
6208212265,73167.00000000,0.00007000,BUY,false,
6208212266,73167.00000000,0.00007000,BUY,false,
6208212267,73167.00000000,0.00007000,BUY,false,
6208212268,73167.00000000,0.00007000,BUY,false,
6208212269,73167.00000000,0.00014000,BUY,false,
6208212270,73167.00000000,0.00007000,BUY,false,
6208212271,73167.00000000,0.00007000,BUY,false,
6208212272,73167.00000000,0.00007000,BUY,false,
6208212273,73167.00000000,0.00007000,BUY,false,
6208212274,73167.00000000,0.00007000,BUY,false,
6208212275,73167.00000000,0.00007000,BUY,false,
6208212276,73167.00000000,0.00007000,BUY,false,
6208212277,73167.00000000,0.00007000,BUY,false,
6208212278,73167.00000000,0.00007000,BUY,false,
6208212279,73167.00000000,0.00007000,BUY,false,
6208212280,73167.00000000,0.00007000,BUY,false,
6208212281,73167.00000000,0.00007000,BUY,false,
6208212282,73167.00000000,0.00007000,BUY,false,
6208212283,73167.00000000,0.00007000,BUY,false,
6208212284,73167.00000000,0.00007000,BUY,false,
6208212285,73167.01000000,0.00008000,BUY,false,
6208212286,73167.01000000,0.00007000,BUY,false,
6208212287,73167.01000000,0.00007000,BUY,false,
6208212288,73167.01000000,0.00007000,BUY,false,
6208212289,73167.27000000,0.00007000,BUY,false,
6208212290,73167.27000000,0.00007000,BUY,false,
6208212291,73167.60000000,0.00008000,BUY,false,
6208212292,73167.61000000,0.00006000,BUY,false,
6208212293,73167.61000000,0.00456000,BUY,false,
6208212294,73167.96000000,0.00007000,BUY,false,
6208212295,73168.00000000,0.00040000,BUY,false,
6208212296,73168.00000000,0.00040000,BUY,false,
6208212297,73168.00000000,0.00040000,BUY,false,
6208212298,73168.00000000,0.00007000,BUY,false,
6208212299,73168.00000000,0.00007000,BUY,false,
6208212300,73168.00000000,0.00007000,BUY,false,
6208212301,73168.00000000,0.00007000,BUY,false,
6208212302,73168.00000000,0.00007000,BUY,false,
6208212303,73168.00000000,0.00014000,BUY,false,
6208212304,73168.00000000,0.00007000,BUY,false,
6208212305,73168.00000000,0.00007000,BUY,false,
6208212306,73168.00000000,0.00007000,BUY,false,
6208212307,73168.01000000,0.00007000,BUY,false,
6208212308,73168.01000000,0.00008000,BUY,false,
6208212309,73168.01000000,0.00007000,BUY,false,
6208212310,73168.01000000,0.00007000,BUY,false,
6208212311,73168.04000000,0.00231000,BUY,false,
6208212312,73168.68000000,0.00007000,BUY,false,
6208212313,73168.70000000,0.00007000,BUY,false,
6208212314,73169.09000000,0.00014000,BUY,false,
6208212315,73169.09000000,0.00069000,BUY,false,
6208212316,73169.09000000,0.00007000,BUY,false,
6208212317,73169.09000000,0.00014000,BUY,false,
6208212318,73169.09000000,0.00007000,BUY,false,
6208212319,73169.09000000,0.00007000,BUY,false,
6208212320,73169.09000000,0.00007000,BUY,false,
6208212321,73169.09000000,0.00007000,BUY,false,
6208212322,73169.09000000,0.00007000,BUY,false,
6208212323,73169.09000000,0.00007000,BUY,false,
6208212324,73169.09000000,0.00007000,BUY,false,
6208212325,73169.09000000,0.00007000,BUY,false,
6208212326,73169.10000000,0.00007000,BUY,false,
6208212327,73169.10000000,0.00008000,BUY,false,
6208212328,73169.10000000,0.00007000,BUY,false,
6208212329,73169.10000000,0.00007000,BUY,false,
6208212330,73170.00000000,0.00040000,BUY,false,
6208212331,73170.00000000,0.00040000,BUY,false,
6208212332,73170.00000000,0.00040000,BUY,false,
6208212333,73170.17000000,0.00007000,BUY,false,
6208212334,73170.36000000,0.00008000,BUY,false,
6208212335,73170.70000000,0.00007000,BUY,false,
6208212336,73170.70000000,0.00007000,BUY,false,
6208212337,73171.00000000,0.00007000,BUY,false,
6208212338,73171.00000000,0.00007000,BUY,false,
6208212339,73171.21000000,0.00014000,BUY,false,
6208212340,73171.21000000,0.00007000,BUY,false,
6208212341,73171.21000000,0.00007000,BUY,false,
6208212342,73171.38000000,0.00008000,BUY,false,
6208212343,73171.90000000,0.00007000,BUY,false,
6208212344,73171.90000000,0.00007000,BUY,false,
6208212345,73172.00000000,0.00040000,BUY,false,
6208212346,73172.00000000,0.00040000,BUY,false,
6208212347,73172.00000000,0.00040000,BUY,false,
6208212348,73172.24000000,0.00007000,BUY,false,
6208212349,73173.12000000,0.00008000,BUY,false,
6208212350,73173.12000000,0.00347000,BUY,false,LARGE
6208212351,73173.24000000,0.00007000,BUY,false,
6208212352,73173.24000000,0.00007000,BUY,false,
6208212353,73173.71000000,0.00007000,BUY,false,
6208212354,73174.00000000,0.00040000,BUY,false,
6208212355,73174.00000000,0.00036000,BUY,false,
6208212356,73174.00000000,0.00004000,BUY,false,
6208212357,73174.00000000,0.00040000,BUY,false,
6208212358,73174.00000000,0.00014000,BUY,false,
6208212359,73174.00000000,0.00007000,BUY,false,
6208212360,73174.00000000,0.00007000,BUY,false,
6208212361,73174.00000000,0.00007000,BUY,false,
6208212362,73174.00000000,0.00007000,BUY,false,
6208212363,73174.00000000,0.00007000,BUY,false,
6208212364,73174.00000000,0.00007000,BUY,false,
6208212365,73174.00000000,0.00007000,BUY,false,
6208212366,73174.00000000,0.00007000,BUY,false,
6208212367,73174.00000000,0.00007000,BUY,false,
6208212368,73174.00000000,0.00026000,BUY,false,
6208212369,73174.00000000,0.00007000,BUY,false,
6208212370,73174.00000000,0.00007000,BUY,false,
6208212371,73174.00000000,0.00007000,BUY,false,
6208212372,73174.00000000,0.00007000,BUY,false,
6208212373,73174.00000000,0.00007000,BUY,false,
6208212374,73174.00000000,0.00007000,BUY,false,
6208212375,73174.00000000,0.00007000,BUY,false,
6208212376,73174.00000000,0.00007000,BUY,false,
6208212377,73174.00000000,0.00014000,BUY,false,
6208212378,73174.00000000,0.00007000,BUY,false,
6208212379,73174.00000000,0.00007000,BUY,false,
6208212380,73174.00000000,0.00007000,BUY,false,
6208212381,73174.00000000,0.00007000,BUY,false,
6208212382,73174.00000000,0.00007000,BUY,false,
6208212383,73174.01000000,0.00009000,BUY,false,
6208212384,73174.01000000,0.00008000,BUY,false,
6208212385,73174.01000000,0.00007000,BUY,false,
6208212386,73174.01000000,0.00007000,BUY,false,
6208212387,73174.01000000,0.00007000,BUY,false,
6208212388,73174.01000000,0.00007000,BUY,false,
6208212389,73174.01000000,0.00007000,BUY,false,
6208212390,73174.01000000,0.00007000,BUY,false,
6208212391,73174.01000000,0.00007000,BUY,false,
6208212392,73174.01000000,0.00007000,BUY,false,
6208212393,73174.01000000,0.00007000,BUY,false,
6208212394,73174.01000000,0.00007000,BUY,false,
6208212395,73174.01000000,0.00007000,BUY,false,
6208212396,73174.01000000,0.00014000,BUY,false,
6208212397,73174.01000000,0.00007000,BUY,false,
6208212398,73174.01000000,0.00007000,BUY,false,
6208212399,73174.01000000,0.00007000,BUY,false,
6208212400,73174.01000000,0.00007000,BUY,false,
6208212401,73174.01000000,0.00007000,BUY,false,
6208212402,73174.01000000,0.00007000,BUY,false,
6208212403,73174.01000000,0.00007000,BUY,false,
6208212404,73174.01000000,0.00007000,BUY,false,
6208212405,73174.02000000,0.00008000,BUY,false,
6208212406,73174.02000000,0.00007000,BUY,false,
6208212407,73174.02000000,0.00007000,BUY,false,
6208212408,73174.02000000,0.00007000,BUY,false,
6208212409,73174.02000000,0.00007000,BUY,false,
6208212410,73174.02000000,0.00007000,BUY,false,
6208212411,73174.02000000,0.00007000,BUY,false,
6208212412,73174.02000000,0.00007000,BUY,false,
6208212413,73174.32000000,0.00300000,BUY,false,LARGE
6208212414,73174.32000000,0.00007000,BUY,false,
6208212415,73174.32000000,0.00007000,BUY,false,
6208212416,73174.84000000,0.00259000,BUY,false,LARGE
6208212417,73175.48000000,0.00007000,BUY,false,
6208212418,73175.80000000,0.00007000,BUY,false,
6208212419,73175.88000000,0.00008000,BUY,false,
6208212420,73176.00000000,0.00040000,BUY,false,
6208212421,73176.00000000,0.00040000,BUY,false,
6208212422,73176.00000000,0.00040000,BUY,false,
6208212423,73176.40000000,0.00007000,BUY,false,
6208212424,73176.40000000,0.00007000,BUY,false,
6208212425,73176.41000000,0.00083000,BUY,false,LARGE
6208212426,73176.41000000,0.00007000,BUY,false,
6208212427,73176.41000000,0.00007000,BUY,false,
6208212428,73176.42000000,0.00007000,BUY,false,
6208212429,73176.42000000,0.00014000,BUY,false,
6208212430,73176.42000000,0.00007000,BUY,false,
6208212431,73176.42000000,0.00007000,BUY,false,
6208212432,73176.42000000,0.00007000,BUY,false,
6208212433,73176.42000000,0.00007000,BUY,false,
6208212434,73176.42000000,0.00007000,BUY,false,
6208212435,73176.42000000,0.00007000,BUY,false,
6208212436,73176.42000000,0.00007000,BUY,false,
6208212437,73176.42000000,0.00007000,BUY,false,
6208212438,73176.42000000,0.00007000,BUY,false,
6208212439,73176.42000000,0.00007000,BUY,false,
6208212440,73176.42000000,0.00007000,BUY,false,
6208212441,73176.42000000,0.00007000,BUY,false,
6208212442,73176.42000000,0.00007000,BUY,false,
6208212443,73176.42000000,0.00007000,BUY,false,
6208212444,73176.42000000,0.00007000,BUY,false,
6208212445,73176.42000000,0.00007000,BUY,false,
6208212446,73176.42000000,0.00007000,BUY,false,
6208212447,73176.42000000,0.00007000,BUY,false,
6208212448,73176.42000000,0.00007000,BUY,false,
6208212449,73176.42000000,0.00007000,BUY,false,
6208212450,73176.42000000,0.00003000,BUY,false,
6208212451,73176.42000000,0.00011000,BUY,false,
6208212452,73176.42000000,0.00007000,BUY,false,
6208212453,73176.42000000,0.00007000,BUY,false,
6208212454,73176.42000000,0.00007000,BUY,false,
6208212455,73176.42000000,0.00007000,BUY,false,
6208212456,73176.42000000,0.00007000,BUY,false,
6208212457,73176.42000000,0.00007000,BUY,false,
6208212458,73176.42000000,0.00007000,BUY,false,
6208212459,73176.42000000,0.00007000,BUY,false,
6208212460,73176.42000000,0.00007000,BUY,false,
6208212461,73176.42000000,0.00090000,BUY,false,LARGE
6208212462,73176.42000000,0.00008000,BUY,false,
6208212463,73176.42000000,0.00007000,BUY,false,
6208212464,73176.42000000,0.00007000,BUY,false,
6208212465,73176.42000000,0.00007000,BUY,false,
6208212466,73176.42000000,0.00007000,BUY,false,
6208212467,73176.42000000,0.00014000,BUY,false,
6208212468,73176.42000000,0.00007000,BUY,false,
6208212469,73176.42000000,0.00007000,BUY,false,
6208212470,73176.42000000,0.00007000,BUY,false,
6208212471,73176.42000000,0.00007000,BUY,false,
6208212472,73176.42000000,0.00007000,BUY,false,
6208212473,73176.42000000,0.00007000,BUY,false,
6208212474,73176.42000000,0.00007000,BUY,false,
6208212475,73176.42000000,0.00007000,BUY,false,
6208212476,73176.42000000,0.00007000,BUY,false,
6208212477,73176.42000000,0.00007000,BUY,false,
6208212478,73176.42000000,0.00014000,BUY,false,
6208212479,73176.42000000,0.00007000,BUY,false,
6208212480,73176.42000000,0.00007000,BUY,false,
6208212481,73176.42000000,0.00007000,BUY,false,
6208212482,73176.42000000,0.00007000,BUY,false,
6208212483,73176.42000000,0.00002000,BUY,false,
6208212484,73176.42000000,0.00005000,BUY,false,
6208212485,73176.42000000,0.00007000,BUY,false,
6208212486,73176.42000000,0.00007000,BUY,false,
6208212487,73176.42000000,0.00014000,BUY,false,
6208212488,73176.42000000,0.00007000,BUY,false,
6208212489,73176.42000000,0.00007000,BUY,false,
6208212490,73176.42000000,0.00007000,BUY,false,
6208212491,73176.42000000,0.00007000,BUY,false,
6208212492,73176.42000000,0.00007000,BUY,false,
6208212493,73176.42000000,0.00007000,BUY,false,
6208212494,73176.42000000,0.00007000,BUY,false,
6208212495,73176.42000000,0.00007000,BUY,false,
6208212496,73176.42000000,0.00007000,BUY,false,
6208212497,73176.42000000,0.00007000,BUY,false,
6208212498,73176.42000000,0.00007000,BUY,false,
6208212499,73176.42000000,0.00014000,BUY,false,
6208212500,73176.42000000,0.00007000,BUY,false,
6208212501,73176.42000000,0.00007000,BUY,false,
6208212502,73176.42000000,0.00007000,BUY,false,
6208212503,73176.42000000,0.00007000,BUY,false,
6208212504,73176.42000000,0.00007000,BUY,false,
6208212505,73176.42000000,0.00007000,BUY,false,
6208212506,73176.42000000,0.00007000,BUY,false,
6208212507,73176.42000000,0.00007000,BUY,false,
6208212508,73176.42000000,0.00014000,BUY,false,
6208212509,73176.42000000,0.00007000,BUY,false,
6208212510,73176.42000000,0.00007000,BUY,false,
6208212511,73176.42000000,0.00007000,BUY,false,
6208212512,73176.42000000,0.00007000,BUY,false,
6208212513,73176.42000000,0.00101000,BUY,false,LARGE
6208212514,73176.42000000,0.00164000,BUY,false,LARGE
6208212515,73176.42000000,0.00164000,BUY,false,LARGE
6208212516,73176.42000000,0.00164000,BUY,false,LARGE
6208212517,73176.42000000,0.00164000,BUY,false,LARGE
6208212518,73176.42000000,0.00164000,BUY,false,LARGE
6208212519,73176.42000000,0.00014000,BUY,false,
6208212520,73176.41000000,0.00007000,SELL,true,
6208212521,73176.41000000,0.00016000,SELL,true,
6208212522,73176.41000000,0.00141000,SELL,true,LARGE
6208212523,73176.42000000,0.00020000,BUY,false,
6208212524,73176.42000000,0.00116000,BUY,false,LARGE
6208212525,73176.42000000,0.00027000,BUY,false,
6208212526,73176.41000000,0.00041000,SELL,true,
6208212527,73176.42000000,0.00035000,BUY,false,
6208212528,73176.41000000,0.00139000,SELL,true,LARGE
6208212529,73176.42000000,0.00055000,BUY,false,
6208212530,73176.41000000,0.00023000,SELL,true,
6208212531,73176.42000000,0.00122000,BUY,false,LARGE
6208212532,73176.42000000,0.00028000,BUY,false,
6208212533,73176.42000000,0.00022000,BUY,false,
6208212534,73176.41000000,0.00014000,SELL,true,
6208212535,73176.41000000,0.00014000,SELL,true,
6208212536,73176.41000000,0.00014000,SELL,true,
6208212537,73176.41000000,0.00102000,SELL,true,LARGE
6208212538,73176.42000000,0.00087000,BUY,false,LARGE
6208212539,73176.42000000,0.00082000,BUY,false,LARGE
6208212540,73176.41000000,0.00007000,SELL,true,
6208212541,73176.41000000,0.00070000,SELL,true,
6208212542,73176.41000000,0.00048000,SELL,true,
6208212543,73176.41000000,0.00014000,SELL,true,
6208212544,73176.41000000,0.00308000,SELL,true,LARGE
6208212545,73176.41000000,0.00009000,SELL,true,
6208212546,73176.41000000,0.00007000,SELL,true,
6208212547,73176.41000000,0.00133000,SELL,true,LARGE
6208212548,73176.41000000,0.00015000,SELL,true,
6208212549,73176.41000000,0.00007000,SELL,true,
6208212550,73176.41000000,0.00007000,SELL,true,
6208212551,73176.41000000,0.00016000,SELL,true,
6208212552,73176.41000000,0.00149000,SELL,true,LARGE
6208212553,73176.41000000,0.00008000,SELL,true,
6208212554,73176.41000000,0.00007000,SELL,true,
6208212555,73176.41000000,0.00007000,SELL,true,
6208212556,73176.41000000,0.09499000,SELL,true,LARGE
6208212557,73176.41000000,0.00059000,SELL,true,
6208212558,73176.41000000,0.00017000,SELL,true,
6208212559,73176.41000000,0.00012000,SELL,true,
6208212560,73176.41000000,0.00136000,SELL,true,
6208212561,73176.42000000,0.00410000,BUY,false,LARGE
6208212562,73176.42000000,0.02021000,BUY,false,LARGE
6208212563,73176.42000000,0.00007000,BUY,false,
6208212564,73176.42000000,0.00100000,BUY,false,
6208212565,73176.42000000,0.00014000,BUY,false,
6208212566,73176.42000000,0.00014000,BUY,false,
6208212567,73176.42000000,0.00007000,BUY,false,
6208212568,73176.42000000,0.00640000,BUY,false,LARGE
6208212569,73176.42000000,0.00160000,BUY,false,
6208212570,73176.42000000,0.00014000,BUY,false,
6208212571,73176.42000000,0.00014000,BUY,false,
6208212572,73176.42000000,0.00007000,BUY,false,
6208212573,73176.42000000,0.00014000,BUY,false,
6208212574,73176.42000000,0.00014000,BUY,false,
6208212575,73176.42000000,0.00014000,BUY,false,
6208212576,73176.42000000,0.00014000,BUY,false,
6208212577,73176.42000000,0.00014000,BUY,false,
6208212578,73176.42000000,0.00190000,BUY,false,
6208212579,73176.42000000,0.00015000,BUY,false,
6208212580,73176.42000000,0.00130000,BUY,false,
6208212581,73176.42000000,0.13690000,BUY,false,LARGE
6208212582,73176.42000000,0.01540000,BUY,false,LARGE
6208212583,73176.42000000,0.00007000,BUY,false,
6208212584,73176.42000000,0.00500000,BUY,false,
6208212585,73176.42000000,0.04509000,BUY,false,LARGE
6208212586,73176.42000000,0.00028000,BUY,false,
6208212587,73176.42000000,0.00014000,BUY,false,
6208212588,73176.42000000,0.07774000,BUY,false,LARGE
6208212589,73176.42000000,0.16300000,BUY,false,LARGE
6208212590,73176.42000000,0.23052000,BUY,false,LARGE
6208212591,73176.42000000,0.00380000,BUY,false,
6208212592,73176.42000000,0.06511000,BUY,false,LARGE
6208212593,73176.42000000,0.02502000,BUY,false,
6208212594,73176.42000000,0.00625000,BUY,false,
6208212595,73176.42000000,0.00024000,BUY,false,
6208212596,73176.42000000,0.01227000,BUY,false,
6208212597,73176.42000000,0.07691000,BUY,false,LARGE
6208212598,73176.42000000,0.00070000,BUY,false,
6208212599,73176.42000000,0.00048000,BUY,false,
6208212600,73176.42000000,0.00190000,BUY,false,
6208212601,73176.42000000,0.00047000,BUY,false,
6208212602,73176.42000000,0.00014000,BUY,false,
6208212603,73176.42000000,0.00048000,BUY,false,
6208212604,73176.42000000,0.00007000,BUY,false,
6208212605,73176.42000000,0.00007000,BUY,false,
6208212606,73176.42000000,0.00193000,BUY,false,
6208212607,73176.42000000,0.00008000,BUY,false,
6208212608,73176.42000000,0.01300000,BUY,false,
6208212609,73176.42000000,0.01300000,BUY,false,
6208212610,73176.42000000,0.01300000,BUY,false,
6208212611,73176.42000000,0.01400000,BUY,false,
6208212612,73176.42000000,0.01300000,BUY,false,
6208212613,73176.42000000,0.01300000,BUY,false,
6208212614,73176.42000000,0.01000000,BUY,false,
6208212615,73176.42000000,0.01300000,BUY,false,
6208212616,73176.42000000,0.00007000,BUY,false,
6208212617,73176.42000000,0.00007000,BUY,false,
6208212618,73176.42000000,0.00007000,BUY,false,
6208212619,73176.42000000,0.00007000,BUY,false,
6208212620,73176.42000000,0.00008000,BUY,false,
6208212621,73176.42000000,0.00497000,BUY,false,
6208212622,73176.42000000,0.00008000,BUY,false,
6208212623,73176.42000000,0.01300000,BUY,false,
6208212624,73176.42000000,0.01300000,BUY,false,
6208212625,73176.42000000,0.01300000,BUY,false,
6208212626,73176.42000000,0.01300000,BUY,false,
6208212627,73176.42000000,0.01300000,BUY,false,
6208212628,73176.42000000,0.01300000,BUY,false,
6208212629,73176.42000000,0.00007000,BUY,false,
6208212630,73176.42000000,0.00007000,BUY,false,
6208212631,73176.42000000,0.00007000,BUY,false,
6208212632,73176.42000000,0.00007000,BUY,false,
6208212633,73176.42000000,0.00007000,BUY,false,
6208212634,73176.42000000,0.00007000,BUY,false,
6208212635,73176.42000000,0.08594000,BUY,false,LARGE
6208212636,73176.42000000,0.00626000,BUY,false,
6208212637,73176.41000000,0.00007000,SELL,true,
6208212638,73176.41000000,0.00434000,SELL,true,
6208212639,73176.41000000,0.00434000,SELL,true,
6208212640,73176.41000000,0.00007000,SELL,true,
6208212641,73176.41000000,0.00007000,SELL,true,
6208212642,73176.41000000,0.00014000,SELL,true,
6208212643,73176.41000000,0.00014000,SELL,true,
6208212644,73176.41000000,0.00019000,SELL,true,
6208212645,73176.41000000,0.00048000,SELL,true,
6208212646,73176.41000000,0.00069000,SELL,true,
6208212647,73176.41000000,0.00014000,SELL,true,
6208212648,73176.41000000,0.00014000,SELL,true,
6208212649,73176.41000000,0.00014000,SELL,true,
6208212650,73176.41000000,0.00067000,SELL,true,
6208212651,73176.41000000,0.00204000,SELL,true,
6208212652,73176.41000000,0.00313000,SELL,true,
6208212653,73176.42000000,0.00081000,BUY,false,
6208212654,73176.41000000,0.00011000,SELL,true,
6208212655,73176.41000000,0.00037000,SELL,true,
6208212656,73176.42000000,0.00019000,BUY,false,
6208212657,73176.41000000,0.00037000,SELL,true,
6208212658,73176.41000000,0.00046000,SELL,true,
6208212659,73176.41000000,0.00008000,SELL,true,
6208212660,73176.41000000,0.00075000,SELL,true,
6208212661,73176.41000000,0.00434000,SELL,true,
6208212662,73176.41000000,0.00014000,SELL,true,
6208212663,73176.41000000,0.00014000,SELL,true,
6208212664,73176.41000000,0.00014000,SELL,true,
6208212665,73176.41000000,0.00014000,SELL,true,
6208212666,73176.41000000,0.00014000,SELL,true,
6208212667,73176.41000000,0.00008000,SELL,true,
6208212668,73176.41000000,0.00007000,SELL,true,
6208212669,73176.41000000,0.00434000,SELL,true,
6208212670,73176.41000000,0.00434000,SELL,true,
6208212671,73176.41000000,0.00007000,SELL,true,
6208212672,73176.41000000,0.00007000,SELL,true,
6208212673,73176.41000000,0.00069000,SELL,true,
6208212674,73176.41000000,0.00048000,SELL,true,
6208212675,73176.41000000,0.00007000,SELL,true,
6208212676,73176.41000000,0.00007000,SELL,true,
6208212677,73176.41000000,0.00007000,SELL,true,
6208212678,73176.41000000,0.00007000,SELL,true,
6208212679,73176.41000000,0.00225000,SELL,true,
6208212680,73176.41000000,0.00009000,SELL,true,
6208212681,73176.41000000,0.00007000,SELL,true,
6208212682,73176.41000000,0.03649000,SELL,true,LARGE
6208212683,73176.41000000,0.00434000,SELL,true,
6208212684,73176.41000000,0.00434000,SELL,true,
6208212685,73176.41000000,0.00434000,SELL,true,
6208212686,73176.41000000,0.00007000,SELL,true,
6208212687,73176.41000000,0.00007000,SELL,true,
6208212688,73176.41000000,0.00434000,SELL,true,
6208212689,73176.41000000,0.00434000,SELL,true,
6208212690,73176.41000000,0.00434000,SELL,true,
6208212691,73176.41000000,0.00007000,SELL,true,
6208212692,73176.41000000,0.00434000,SELL,true,
6208212693,73176.41000000,0.00434000,SELL,true,
6208212694,73176.41000000,0.00434000,SELL,true,
6208212695,73176.41000000,0.00434000,SELL,true,
6208212696,73176.41000000,0.00434000,SELL,true,
6208212697,73176.41000000,0.00434000,SELL,true,
6208212698,73176.41000000,0.00434000,SELL,true,
6208212699,73176.41000000,0.00434000,SELL,true,
6208212700,73176.41000000,0.00434000,SELL,true,
6208212701,73176.41000000,0.00434000,SELL,true,
6208212702,73176.41000000,0.00434000,SELL,true,
6208212703,73176.41000000,0.00434000,SELL,true,
6208212704,73176.41000000,0.00434000,SELL,true,
6208212705,73176.41000000,0.00434000,SELL,true,
6208212706,73176.41000000,0.00434000,SELL,true,
6208212707,73176.41000000,0.00434000,SELL,true,
6208212708,73176.41000000,0.00434000,SELL,true,
6208212709,73176.41000000,0.00434000,SELL,true,
6208212710,73176.41000000,0.00434000,SELL,true,
6208212711,73176.41000000,0.00434000,SELL,true,
6208212712,73176.41000000,0.00434000,SELL,true,
6208212713,73176.41000000,0.00434000,SELL,true,
6208212714,73176.41000000,0.00434000,SELL,true,
6208212715,73176.41000000,0.00434000,SELL,true,
6208212716,73176.41000000,0.00434000,SELL,true,
6208212717,73176.41000000,0.00434000,SELL,true,
6208212718,73176.41000000,0.00434000,SELL,true,
6208212719,73176.41000000,0.00434000,SELL,true,
6208212720,73176.41000000,0.00434000,SELL,true,
6208212721,73176.41000000,0.00434000,SELL,true,
6208212722,73176.41000000,0.00434000,SELL,true,
6208212723,73176.41000000,0.00434000,SELL,true,
6208212724,73176.41000000,0.00434000,SELL,true,
6208212725,73176.41000000,0.00037000,SELL,true,
6208212726,73176.41000000,0.00434000,SELL,true,
6208212727,73176.41000000,0.00434000,SELL,true,
6208212728,73176.41000000,0.00434000,SELL,true,
6208212729,73176.41000000,0.00434000,SELL,true,
6208212730,73176.41000000,0.00434000,SELL,true,
6208212731,73176.41000000,0.00123000,SELL,true,
6208212732,73176.41000000,0.00434000,SELL,true,
6208212733,73176.41000000,0.00117000,SELL,true,
6208212734,73176.40000000,0.00008000,SELL,true,
6208212735,73176.40000000,0.00351000,SELL,true,
6208212736,73176.40000000,0.00434000,SELL,true,
6208212737,73176.40000000,0.03306000,SELL,true,LARGE
6208212738,73176.40000000,0.01694000,SELL,true,LARGE
6208212739,73176.40000000,0.00008000,SELL,true,
6208212740,73176.40000000,0.00007000,SELL,true,
6208212741,73176.40000000,0.00007000,SELL,true,
6208212742,73176.40000000,0.00007000,SELL,true,
6208212743,73176.40000000,0.00007000,SELL,true,
6208212744,73176.40000000,0.00007000,SELL,true,
6208212745,73176.40000000,0.00007000,SELL,true,
6208212746,73176.40000000,0.00434000,SELL,true,
6208212747,73176.40000000,0.00007000,SELL,true,
6208212748,73176.40000000,0.00434000,SELL,true,
6208212749,73176.40000000,0.00434000,SELL,true,
6208212750,73176.40000000,0.00434000,SELL,true,
6208212751,73176.40000000,0.00434000,SELL,true,
6208212752,73176.40000000,0.00434000,SELL,true,
6208212753,73176.40000000,0.00434000,SELL,true,
6208212754,73176.40000000,0.00434000,SELL,true,
6208212755,73176.40000000,0.00434000,SELL,true,
6208212756,73176.40000000,0.00434000,SELL,true,
6208212757,73176.40000000,0.00434000,SELL,true,
6208212758,73176.40000000,0.00434000,SELL,true,
6208212759,73176.40000000,0.00391000,SELL,true,
6208212760,73176.36000000,0.00008000,SELL,true,
6208212761,73176.35000000,0.05000000,SELL,true,LARGE
6208212762,73176.35000000,0.00008000,SELL,true,
6208212763,73175.80000000,0.00007000,SELL,true,
6208212764,73174.95000000,0.00137000,SELL,true,
6208212765,73174.00000000,0.00007000,SELL,true,
6208212766,73174.00000000,0.00040000,SELL,true,
6208212767,73174.00000000,0.00007000,SELL,true,
6208212768,73174.00000000,0.00008000,SELL,true,
6208212769,73174.00000000,0.00007000,SELL,true,
6208212770,73174.00000000,0.00007000,SELL,true,
6208212771,73174.00000000,0.00014000,SELL,true,
6208212772,73174.00000000,0.00007000,SELL,true,
6208212773,73174.00000000,0.00007000,SELL,true,
6208212774,73174.00000000,0.00007000,SELL,true,
6208212775,73174.00000000,0.00007000,SELL,true,
6208212776,73174.00000000,0.00007000,SELL,true,
6208212777,73174.00000000,0.00007000,SELL,true,
6208212778,73174.00000000,0.00007000,SELL,true,
6208212779,73174.00000000,0.00007000,SELL,true,
6208212780,73174.00000000,0.00166000,SELL,true,
6208212781,73174.00000000,0.00007000,SELL,true,
6208212782,73174.00000000,0.00007000,SELL,true,
6208212783,73174.00000000,0.00007000,SELL,true,
6208212784,73174.00000000,0.00007000,SELL,true,
6208212785,73174.00000000,0.00007000,SELL,true,
6208212786,73174.00000000,0.00007000,SELL,true,
6208212787,73173.99000000,0.00007000,SELL,true,
6208212788,73173.99000000,0.00046000,SELL,true,
6208212789,73173.99000000,0.00007000,SELL,true,
6208212790,73173.99000000,0.00023000,SELL,true,
6208212791,73173.99000000,0.00615000,SELL,true,
6208212792,73173.99000000,0.00044000,SELL,true,
6208212793,73173.99000000,0.00008000,SELL,true,
6208212794,73173.99000000,0.00008000,SELL,true,
6208212795,73173.99000000,0.00007000,SELL,true,
6208212796,73173.99000000,0.00007000,SELL,true,
6208212797,73173.99000000,0.00007000,SELL,true,
6208212798,73173.99000000,0.00007000,SELL,true,
6208212799,73173.99000000,0.00007000,SELL,true,
6208212800,73173.99000000,0.00007000,SELL,true,
6208212801,73173.99000000,0.00007000,SELL,true,
6208212802,73173.99000000,0.00007000,SELL,true,
6208212803,73173.99000000,0.00007000,SELL,true,
6208212804,73173.99000000,0.00007000,SELL,true,
6208212805,73173.99000000,0.00007000,SELL,true,
6208212806,73173.99000000,0.00007000,SELL,true,
6208212807,73173.12000000,0.00007000,SELL,true,
6208212808,73172.43000000,0.00007000,SELL,true,
6208212809,73172.43000000,0.00007000,SELL,true,
6208212810,73172.27000000,0.00007000,SELL,true,
6208212811,73172.25000000,0.00039000,BUY,false,
6208212812,73172.25000000,0.00255000,BUY,false,
6208212813,73172.25000000,0.04607000,BUY,false,LARGE
6208212814,73172.25000000,0.01448000,BUY,false,LARGE
6208212815,73172.24000000,0.00014000,SELL,true,
6208212816,73172.24000000,0.00007000,SELL,true,
6208212817,73172.24000000,0.00007000,SELL,true,
6208212818,73172.24000000,0.00007000,SELL,true,
6208212819,73172.24000000,0.00007000,SELL,true,
6208212820,73172.24000000,0.00007000,SELL,true,
6208212821,73172.24000000,0.00007000,SELL,true,
6208212822,73172.24000000,0.00007000,SELL,true,
6208212823,73172.24000000,0.00007000,SELL,true,
6208212824,73172.24000000,0.00007000,SELL,true,
6208212825,73172.24000000,0.05978000,SELL,true,LARGE
6208212826,73172.25000000,0.01957000,BUY,false,LARGE
6208212827,73172.25000000,0.00011000,BUY,false,
6208212828,73172.24000000,0.00014000,SELL,true,
6208212829,73172.24000000,0.00014000,SELL,true,
6208212830,73172.24000000,0.00007000,SELL,true,
6208212831,73172.24000000,0.00007000,SELL,true,
6208212832,73172.24000000,0.00007000,SELL,true,
6208212833,73172.24000000,0.00007000,SELL,true,
6208212834,73172.24000000,0.00007000,SELL,true,
6208212835,73172.24000000,0.00005000,SELL,true,
6208212836,73172.24000000,0.00002000,SELL,true,
6208212837,73172.24000000,0.00007000,SELL,true,
6208212838,73172.24000000,0.00007000,SELL,true,
6208212839,73172.24000000,0.00005000,SELL,true,
6208212840,73172.24000000,0.00002000,SELL,true,
6208212841,73172.24000000,0.00007000,SELL,true,
6208212842,73172.24000000,0.00007000,SELL,true,
6208212843,73172.24000000,0.00008000,SELL,true,
6208212844,73172.24000000,0.00008000,SELL,true,
6208212845,73172.24000000,0.00007000,SELL,true,
6208212846,73172.24000000,0.00007000,SELL,true,
6208212847,73172.24000000,0.00007000,SELL,true,
6208212848,73172.24000000,0.00014000,SELL,true,
6208212849,73172.24000000,0.00007000,SELL,true,
6208212850,73172.24000000,0.00007000,SELL,true,
6208212851,73172.24000000,0.00048000,SELL,true,
6208212852,73172.24000000,0.00007000,SELL,true,
6208212853,73172.24000000,0.00014000,SELL,true,
6208212854,73172.24000000,0.00007000,SELL,true,
6208212855,73172.24000000,0.00014000,SELL,true,
6208212856,73172.24000000,0.00007000,SELL,true,
6208212857,73172.24000000,0.00007000,SELL,true,
6208212858,73172.24000000,0.00007000,SELL,true,
6208212859,73172.24000000,0.00068000,SELL,true,
6208212860,73172.24000000,0.00007000,SELL,true,
6208212861,73172.24000000,0.00007000,SELL,true,
6208212862,73172.24000000,0.00007000,SELL,true,
6208212863,73172.24000000,0.00007000,SELL,true,
6208212864,73172.23000000,0.00008000,SELL,true,
6208212865,73172.23000000,0.00007000,SELL,true,
6208212866,73172.23000000,0.00007000,SELL,true,
6208212867,73172.23000000,0.00007000,SELL,true,
6208212868,73172.23000000,0.00007000,SELL,true,
6208212869,73172.23000000,0.00007000,SELL,true,
6208212870,73172.23000000,0.00007000,SELL,true,
6208212871,73172.23000000,0.00007000,SELL,true,
6208212872,73172.23000000,0.00007000,SELL,true,
6208212873,73172.23000000,0.00007000,SELL,true,
6208212874,73172.00000000,0.00040000,SELL,true,
6208212875,73172.00000000,0.00040000,SELL,true,
6208212876,73171.69000000,0.00008000,SELL,true,
6208212877,73171.68000000,0.00008000,SELL,true,
6208212878,73170.36000000,0.00008000,SELL,true,
6208212879,73170.36000000,0.00007000,SELL,true,
6208212880,73170.36000000,0.00007000,SELL,true,
6208212881,73170.36000000,0.00007000,SELL,true,
6208212882,73170.36000000,0.00007000,SELL,true,
6208212883,73170.36000000,0.00007000,SELL,true,
6208212884,73170.36000000,0.00007000,SELL,true,
6208212885,73170.36000000,0.00007000,SELL,true,
6208212886,73170.36000000,0.00014000,SELL,true,
6208212887,73170.36000000,0.00007000,SELL,true,
6208212888,73170.36000000,0.00007000,SELL,true,
6208212889,73170.36000000,0.00007000,SELL,true,
6208212890,73170.35000000,0.00007000,SELL,true,
6208212891,73170.35000000,0.00007000,SELL,true,
6208212892,73170.35000000,0.00007000,SELL,true,
6208212893,73170.35000000,0.00007000,SELL,true,
6208212894,73170.35000000,0.00007000,SELL,true,
6208212895,73170.35000000,0.00007000,SELL,true,
6208212896,73170.35000000,0.00007000,SELL,true,
6208212897,73170.35000000,0.00008000,SELL,true,
6208212898,73170.35000000,0.00007000,SELL,true,
6208212899,73170.35000000,0.00007000,SELL,true,
6208212900,73170.35000000,0.00007000,SELL,true,
6208212901,73170.35000000,0.00007000,SELL,true,
6208212902,73170.35000000,0.00007000,SELL,true,
6208212903,73170.35000000,0.00007000,SELL,true,
6208212904,73170.00000000,0.00040000,SELL,true,
6208212905,73170.00000000,0.00040000,SELL,true,
6208212906,73170.00000000,0.00040000,SELL,true,
6208212907,73169.09000000,0.00083000,SELL,true,
6208212908,73169.09000000,0.00300000,SELL,true,
6208212909,73169.08000000,0.00007000,SELL,true,
6208212910,73169.08000000,0.00008000,SELL,true,
6208212911,73169.08000000,0.00007000,SELL,true,
6208212912,73169.08000000,0.00007000,SELL,true,
6208212913,73169.08000000,0.00007000,SELL,true,
6208212914,73169.08000000,0.00007000,SELL,true,
6208212915,73169.05000000,0.00007000,SELL,true,
6208212916,73169.03000000,0.00007000,SELL,true,
6208212917,73169.03000000,0.00007000,SELL,true,
6208212918,73168.71000000,0.00007000,SELL,true,
6208212919,73168.68000000,0.00007000,SELL,true,
6208212920,73168.67000000,0.00007000,SELL,true,
6208212921,73168.67000000,0.00007000,SELL,true,
6208212922,73168.67000000,0.00007000,SELL,true,
6208212923,73168.67000000,0.00007000,SELL,true,
6208212924,73168.00000000,0.00040000,SELL,true,
6208212925,73168.00000000,0.00040000,SELL,true,
6208212926,73168.00000000,0.00040000,SELL,true,
6208212927,73167.60000000,0.00008000,SELL,true,
6208212928,73167.01000000,0.00008000,SELL,true,
6208212929,73167.00000000,0.04084000,SELL,true,LARGE
6208212930,73167.00000000,0.00008000,SELL,true,
6208212931,73166.99000000,0.00260000,SELL,true,LARGE
6208212932,73166.65000000,0.00231000,SELL,true,LARGE
6208212933,73166.40000000,0.00007000,SELL,true,
6208212934,73166.40000000,0.00007000,SELL,true,
6208212935,73166.39000000,0.00008000,SELL,true,
6208212936,73166.39000000,0.00007000,SELL,true,
6208212937,73166.39000000,0.00007000,SELL,true,
6208212938,73166.39000000,0.00273000,BUY,false,LARGE
6208212939,73166.38000000,0.00198000,SELL,true,LARGE
6208212940,73166.38000000,0.00074000,SELL,true,
6208212941,73166.38000000,0.00317000,SELL,true,LARGE
6208212942,73166.39000000,0.00047000,BUY,false,
6208212943,73166.38000000,0.00375000,SELL,true,LARGE
6208212944,73166.38000000,0.00391000,SELL,true,LARGE
6208212945,73166.38000000,0.00849000,SELL,true,LARGE
6208212946,73166.39000000,0.00009000,BUY,false,
6208212947,73166.39000000,0.00028000,BUY,false,
6208212948,73166.38000000,0.00343000,SELL,true,LARGE
6208212949,73166.39000000,0.00019000,BUY,false,
6208212950,73166.39000000,0.00136000,BUY,false,
6208212951,73166.38000000,0.52653000,SELL,true,LARGE
6208212952,73166.38000000,0.13606000,SELL,true,LARGE
6208212953,73166.38000000,0.02871000,SELL,true,LARGE
6208212954,73166.38000000,0.25542000,SELL,true,LARGE
6208212955,73166.38000000,0.00007000,SELL,true,
6208212956,73166.38000000,0.00007000,SELL,true,
6208212957,73166.38000000,0.00014000,SELL,true,
6208212958,73166.38000000,0.00007000,SELL,true,
6208212959,73166.38000000,0.00007000,SELL,true,
6208212960,73166.38000000,0.00007000,SELL,true,
6208212961,73166.38000000,0.00014000,SELL,true,
6208212962,73166.38000000,0.00007000,SELL,true,
6208212963,73166.38000000,0.00007000,SELL,true,
6208212964,73166.38000000,0.00675000,SELL,true,
6208212965,73166.38000000,0.00014000,SELL,true,
6208212966,73166.38000000,0.00007000,SELL,true,
6208212967,73166.38000000,0.00137000,SELL,true,
6208212968,73166.38000000,0.00007000,SELL,true,
6208212969,73166.38000000,0.00008000,SELL,true,
6208212970,73166.38000000,0.00007000,SELL,true,
6208212971,73166.38000000,0.01377000,SELL,true,
6208212972,73166.38000000,0.00083000,SELL,true,
6208212973,73166.38000000,0.00007000,SELL,true,
6208212974,73166.38000000,0.01059000,SELL,true,
6208212975,73166.38000000,0.03000000,SELL,true,
6208212976,73166.38000000,0.03447000,SELL,true,LARGE
6208212977,73166.38000000,0.00150000,SELL,true,
6208212978,73166.38000000,0.00007000,SELL,true,
6208212979,73166.38000000,0.00007000,SELL,true,
6208212980,73166.38000000,0.00007000,SELL,true,
6208212981,73166.38000000,0.00007000,SELL,true,
6208212982,73166.38000000,0.00007000,SELL,true,
6208212983,73166.38000000,0.00007000,SELL,true,
6208212984,73166.38000000,0.00007000,SELL,true,
6208212985,73166.38000000,0.00007000,SELL,true,
6208212986,73166.38000000,0.00007000,SELL,true,
6208212987,73166.38000000,0.00007000,SELL,true,
6208212988,73166.38000000,0.00007000,SELL,true,
6208212989,73166.38000000,0.00007000,SELL,true,
6208212990,73166.38000000,0.00007000,SELL,true,
6208212991,73166.38000000,0.00007000,SELL,true,
6208212992,73166.38000000,0.00007000,SELL,true,
6208212993,73166.38000000,0.00007000,SELL,true,
6208212994,73166.37000000,0.00008000,SELL,true,
6208212995,73166.37000000,0.00007000,SELL,true,
6208212996,73166.37000000,0.00007000,SELL,true,
6208212997,73166.37000000,0.00007000,SELL,true,
6208212998,73166.37000000,0.00007000,SELL,true,
6208212999,73166.37000000,0.00007000,SELL,true,
6208213000,73166.37000000,0.00007000,SELL,true,
6208213001,73166.37000000,0.00007000,SELL,true,
6208213002,73166.33000000,0.00007000,SELL,true,
6208213003,73166.03000000,0.00325000,SELL,true,
6208213004,73166.00000000,0.00040000,SELL,true,
6208213005,73166.00000000,0.00040000,SELL,true,
6208213006,73166.00000000,0.00040000,SELL,true,
6208213007,73164.98000000,0.00008000,SELL,true,
6208213008,73164.98000000,0.00007000,SELL,true,
6208213009,73164.98000000,0.00007000,SELL,true,
6208213010,73164.98000000,0.00007000,SELL,true,
6208213011,73164.98000000,0.00007000,SELL,true,
6208213012,73164.98000000,0.00007000,SELL,true,
6208213013,73164.98000000,0.00007000,SELL,true,
6208213014,73164.98000000,0.00007000,SELL,true,
6208213015,73164.98000000,0.00007000,SELL,true,
6208213016,73164.98000000,0.00007000,SELL,true,
6208213017,73164.98000000,0.00007000,SELL,true,
6208213018,73164.98000000,0.00007000,SELL,true,
6208213019,73164.98000000,0.00072000,SELL,true,
6208213020,73164.98000000,0.00007000,SELL,true,
6208213021,73164.98000000,0.00007000,SELL,true,
6208213022,73164.98000000,0.00007000,SELL,true,
6208213023,73164.98000000,0.00007000,SELL,true,
6208213024,73164.97000000,0.00008000,SELL,true,
6208213025,73164.97000000,0.00008000,SELL,true,
6208213026,73164.97000000,0.00007000,SELL,true,
6208213027,73164.97000000,0.00007000,SELL,true,
6208213028,73164.97000000,0.00007000,SELL,true,
6208213029,73164.97000000,0.00007000,SELL,true,
6208213030,73164.97000000,0.00007000,SELL,true,
6208213031,73164.90000000,0.00008000,SELL,true,
6208213032,73164.88000000,0.00057000,SELL,true,
6208213033,73164.84000000,0.00008000,SELL,true,
6208213034,73164.30000000,0.00007000,SELL,true,
6208213035,73164.00000000,0.00040000,SELL,true,
6208213036,73164.00000000,0.00040000,SELL,true,
6208213037,73164.00000000,0.00040000,SELL,true,
6208213038,73163.89000000,0.00023000,SELL,true,
6208213039,73163.04000000,0.00007000,SELL,true,
6208213040,73163.04000000,0.00007000,SELL,true,
6208213041,73162.83000000,0.00007000,SELL,true,
6208213042,73162.27000000,0.00008000,SELL,true,
6208213043,73162.26000000,0.00008000,SELL,true,
6208213044,73162.08000000,0.00008000,SELL,true,
6208213045,73162.00000000,0.00040000,SELL,true,
6208213046,73162.00000000,0.00040000,SELL,true,
6208213047,73162.00000000,0.00040000,SELL,true,
6208213048,73161.77000000,0.00083000,SELL,true,
6208213049,73161.56000000,0.00007000,SELL,true,
6208213050,73161.02000000,0.00008000,SELL,true,
6208213051,73160.71000000,0.00029000,SELL,true,
6208213052,73160.60000000,0.00009000,SELL,true,
6208213053,73160.12000000,0.00137000,SELL,true,
6208213054,73160.01000000,0.00007000,SELL,true,
6208213055,73160.01000000,0.00007000,SELL,true,
6208213056,73160.00000000,0.00040000,SELL,true,
6208213057,73160.00000000,0.00040000,SELL,true,
6208213058,73160.00000000,0.00040000,SELL,true,
6208213059,73159.69000000,0.00008000,SELL,true,
6208213060,73159.69000000,0.00027000,BUY,false,
6208213061,73159.68000000,0.00089000,SELL,true,
6208213062,73159.69000000,0.00010000,BUY,false,
6208213063,73159.68000000,0.00035000,SELL,true,
6208213064,73159.68000000,0.60267000,SELL,true,LARGE
6208213065,73159.68000000,0.00008000,SELL,true,
6208213066,73159.68000000,0.00008000,SELL,true,
6208213067,73159.68000000,0.00007000,SELL,true,
6208213068,73159.68000000,0.00007000,SELL,true,
6208213069,73159.68000000,0.00007000,SELL,true,
6208213070,73159.68000000,0.00014000,SELL,true,
6208213071,73159.68000000,0.00007000,SELL,true,
6208213072,73159.68000000,0.00007000,SELL,true,
6208213073,73159.68000000,0.00007000,SELL,true,
6208213074,73159.68000000,0.00007000,SELL,true,
6208213075,73159.68000000,0.00014000,SELL,true,
6208213076,73159.68000000,0.00007000,SELL,true,
6208213077,73159.68000000,0.00580000,SELL,true,
6208213078,73159.68000000,0.00007000,SELL,true,
6208213079,73159.68000000,0.00007000,SELL,true,
6208213080,73159.68000000,0.00007000,SELL,true,
6208213081,73159.68000000,0.00007000,SELL,true,
6208213082,73159.68000000,0.00007000,SELL,true,
6208213083,73159.68000000,0.00007000,SELL,true,
6208213084,73159.68000000,0.00007000,SELL,true,
6208213085,73159.68000000,0.00007000,SELL,true,
6208213086,73159.68000000,0.00008000,SELL,true,
6208213087,73159.68000000,0.00007000,SELL,true,
6208213088,73159.68000000,0.00014000,SELL,true,
6208213089,73159.68000000,0.00008000,SELL,true,
6208213090,73159.68000000,0.00007000,SELL,true,
6208213091,73159.68000000,0.00007000,SELL,true,
6208213092,73159.68000000,0.00007000,SELL,true,
6208213093,73159.68000000,0.00007000,SELL,true,
6208213094,73159.68000000,0.00007000,SELL,true,
6208213095,73159.68000000,0.00007000,SELL,true,
6208213096,73159.68000000,0.00007000,SELL,true,
6208213097,73159.67000000,0.02734000,SELL,true,LARGE
6208213098,73159.67000000,0.00007000,SELL,true,
6208213099,73159.67000000,0.00007000,SELL,true,
6208213100,73159.67000000,0.00008000,SELL,true,
6208213101,73159.67000000,0.00007000,SELL,true,
6208213102,73159.67000000,0.00007000,SELL,true,
6208213103,73159.67000000,0.00007000,SELL,true,
6208213104,73159.67000000,0.00008000,SELL,true,
6208213105,73159.67000000,0.00007000,SELL,true,
6208213106,73159.67000000,0.00007000,SELL,true,
6208213107,73159.32000000,0.00008000,SELL,true,
6208213108,73159.32000000,0.00014000,SELL,true,
6208213109,73159.32000000,0.00007000,SELL,true,
6208213110,73159.32000000,0.00007000,SELL,true,
6208213111,73159.32000000,0.00007000,SELL,true,
6208213112,73159.32000000,0.00007000,SELL,true,
6208213113,73159.32000000,0.00007000,SELL,true,
6208213114,73159.32000000,0.00007000,SELL,true,
6208213115,73159.32000000,0.00007000,SELL,true,
6208213116,73159.31000000,0.00008000,SELL,true,
6208213117,73159.31000000,0.00007000,SELL,true,
6208213118,73159.31000000,0.00007000,SELL,true,
6208213119,73159.31000000,0.00007000,SELL,true,
6208213120,73159.31000000,0.00007000,SELL,true,
6208213121,73159.31000000,0.00007000,SELL,true,
6208213122,73159.16000000,0.00007000,SELL,true,
6208213123,73158.89000000,0.00346000,SELL,true,
6208213124,73158.42000000,0.00007000,SELL,true,
6208213125,73158.20000000,0.00007000,SELL,true,
6208213126,73158.00000000,0.00027000,SELL,true,
6208213127,73158.01000000,0.00013000,BUY,false,
6208213128,73158.01000000,0.00021000,BUY,false,
6208213129,73158.00000000,0.00013000,SELL,true,
6208213130,73158.00000000,0.00040000,SELL,true,
6208213131,73158.00000000,0.00040000,SELL,true,
6208213132,73158.00000000,0.00007000,SELL,true,
6208213133,73158.00000000,0.00007000,SELL,true,
6208213134,73158.00000000,0.00007000,SELL,true,
6208213135,73158.00000000,0.00007000,SELL,true,
6208213136,73158.00000000,0.00007000,SELL,true,
6208213137,73158.00000000,0.00014000,SELL,true,
6208213138,73158.00000000,0.00007000,SELL,true,
6208213139,73158.00000000,0.00007000,SELL,true,
6208213140,73158.00000000,0.00007000,SELL,true,
6208213141,73158.00000000,0.00007000,SELL,true,
6208213142,73158.00000000,0.00199000,SELL,true,
6208213143,73158.01000000,0.00061000,BUY,false,
6208213144,73158.00000000,0.00018000,SELL,true,
6208213145,73158.00000000,0.00042000,SELL,true,
6208213146,73158.00000000,0.00014000,SELL,true,
6208213147,73158.00000000,0.00027000,SELL,true,
6208213148,73158.00000000,0.03877000,SELL,true,LARGE
6208213149,73158.00000000,0.00130000,SELL,true,
6208213150,73158.00000000,0.00014000,SELL,true,
6208213151,73158.00000000,0.00014000,SELL,true,
6208213152,73158.00000000,0.00007000,SELL,true,
6208213153,73158.00000000,0.00007000,SELL,true,
6208213154,73158.00000000,0.00008000,SELL,true,
6208213155,73158.00000000,0.00007000,SELL,true,
6208213156,73158.00000000,0.00007000,SELL,true,
6208213157,73158.00000000,0.00007000,SELL,true,
6208213158,73158.00000000,0.00007000,SELL,true,
6208213159,73158.00000000,0.00007000,SELL,true,
6208213160,73158.00000000,0.00007000,SELL,true,
6208213161,73158.00000000,0.00007000,SELL,true,
6208213162,73158.00000000,0.00007000,SELL,true,
6208213163,73158.00000000,0.00007000,SELL,true,
6208213164,73158.00000000,0.00007000,SELL,true,
6208213165,73158.00000000,0.12423000,SELL,true,LARGE
6208213166,73158.00000000,0.00075000,SELL,true,
6208213167,73158.00000000,0.00085000,SELL,true,
6208213168,73158.00000000,0.00326000,SELL,true,
6208213169,73158.01000000,0.00013000,BUY,false,
6208213170,73158.01000000,0.00137000,BUY,false,
6208213171,73158.00000000,0.00042000,SELL,true,
6208213172,73158.00000000,0.00009000,SELL,true,
6208213173,73158.00000000,0.00028000,SELL,true,
6208213174,73158.00000000,0.00042000,SELL,true,
6208213175,73158.00000000,0.00026000,SELL,true,
6208213176,73158.00000000,0.00138000,SELL,true,
6208213177,73158.00000000,0.00049000,SELL,true,
6208213178,73158.01000000,0.00052000,BUY,false,
6208213179,73158.00000000,0.00149000,SELL,true,
6208213180,73158.00000000,0.00040000,SELL,true,
6208213181,73158.00000000,0.00002000,SELL,true,
6208213182,73158.00000000,0.00005000,SELL,true,
6208213183,73158.00000000,0.00007000,SELL,true,
6208213184,73158.00000000,0.00642000,SELL,true,
6208213185,73158.00000000,0.00018000,SELL,true,
6208213186,73158.01000000,0.00136000,BUY,false,
6208213187,73158.00000000,0.00045000,SELL,true,
6208213188,73158.00000000,0.00042000,SELL,true,
6208213189,73158.01000000,0.00742000,BUY,false,LARGE
6208213190,73158.00000000,0.00033000,SELL,true,
6208213191,73158.00000000,0.00023000,SELL,true,
6208213192,73158.00000000,0.00107000,SELL,true,
6208213193,73158.00000000,0.00788000,SELL,true,LARGE
6208213194,73158.01000000,0.00011000,BUY,false,
6208213195,73158.00000000,0.00014000,SELL,true,
6208213196,73158.00000000,0.00007000,SELL,true,
6208213197,73158.00000000,0.00007000,SELL,true,
6208213198,73158.00000000,0.00007000,SELL,true,
6208213199,73158.00000000,0.00007000,SELL,true,
6208213200,73158.00000000,0.00007000,SELL,true,
6208213201,73158.00000000,0.00008000,SELL,true,
6208213202,73158.00000000,0.00007000,SELL,true,
6208213203,73158.00000000,0.00007000,SELL,true,
6208213204,73158.00000000,0.00007000,SELL,true,
6208213205,73158.00000000,0.00007000,SELL,true,
6208213206,73158.00000000,0.00007000,SELL,true,
6208213207,73158.00000000,0.00050000,SELL,true,
6208213208,73158.00000000,0.00007000,SELL,true,
6208213209,73158.00000000,0.00420000,SELL,true,
6208213210,73158.00000000,0.00420000,SELL,true,
6208213211,73158.00000000,0.00007000,SELL,true,
6208213212,73158.00000000,0.00007000,SELL,true,
6208213213,73158.00000000,0.00007000,SELL,true,
6208213214,73158.00000000,0.00007000,SELL,true,
6208213215,73158.00000000,0.00420000,SELL,true,
6208213216,73158.00000000,0.00420000,SELL,true,
6208213217,73158.00000000,0.00007000,SELL,true,
6208213218,73158.00000000,0.00007000,SELL,true,
6208213219,73158.00000000,0.00007000,SELL,true,
6208213220,73158.00000000,0.00420000,SELL,true,
6208213221,73158.00000000,0.00420000,SELL,true,
6208213222,73158.00000000,0.00007000,SELL,true,
6208213223,73158.00000000,0.00420000,SELL,true,
6208213224,73158.00000000,0.00420000,SELL,true,
6208213225,73158.00000000,0.00007000,SELL,true,
6208213226,73158.00000000,0.00420000,SELL,true,
6208213227,73158.00000000,0.00420000,SELL,true,
6208213228,73158.00000000,0.00420000,SELL,true,
6208213229,73158.00000000,0.00420000,SELL,true,
6208213230,73158.00000000,0.00420000,SELL,true,
6208213231,73158.00000000,0.00420000,SELL,true,
6208213232,73158.00000000,0.00420000,SELL,true,
6208213233,73158.00000000,0.00420000,SELL,true,
6208213234,73158.00000000,0.00420000,SELL,true,
6208213235,73158.00000000,0.00420000,SELL,true,
6208213236,73158.00000000,0.00420000,SELL,true,
6208213237,73158.00000000,0.00420000,SELL,true,
6208213238,73158.00000000,0.00420000,SELL,true,
6208213239,73158.00000000,0.00128000,SELL,true,
6208213240,73158.00000000,0.00380000,SELL,true,
6208213241,73157.99000000,0.00007000,SELL,true,
6208213242,73157.99000000,0.00007000,SELL,true,
6208213243,73157.99000000,0.00007000,SELL,true,
6208213244,73157.99000000,0.00008000,SELL,true,
6208213245,73157.99000000,0.00007000,SELL,true,
6208213246,73157.99000000,0.00007000,SELL,true,
6208213247,73157.99000000,0.00007000,SELL,true,
6208213248,73157.99000000,0.00007000,SELL,true,
6208213249,73157.99000000,0.00007000,SELL,true,
6208213250,73157.02000000,0.00008000,SELL,true,
6208213251,73157.02000000,0.00007000,SELL,true,
6208213252,73157.02000000,0.00007000,SELL,true,
6208213253,73157.02000000,0.00007000,SELL,true,
6208213254,73157.02000000,0.00007000,SELL,true,
6208213255,73157.02000000,0.00007000,SELL,true,
6208213256,73157.02000000,0.00014000,SELL,true,
6208213257,73157.02000000,0.00007000,SELL,true,
6208213258,73157.02000000,0.00007000,SELL,true,
6208213259,73157.02000000,0.00007000,SELL,true,
6208213260,73157.02000000,0.00007000,SELL,true,
6208213261,73157.02000000,0.00007000,SELL,true,
6208213262,73157.02000000,0.00007000,SELL,true,
6208213263,73157.02000000,0.00007000,SELL,true,
6208213264,73157.02000000,0.00007000,SELL,true,
6208213265,73157.02000000,0.00007000,SELL,true,
6208213266,73157.02000000,0.00007000,SELL,true,
6208213267,73157.01000000,0.00008000,SELL,true,
6208213268,73157.01000000,0.00007000,SELL,true,
6208213269,73157.01000000,0.00007000,SELL,true,
6208213270,73157.01000000,0.00007000,SELL,true,
6208213271,73157.01000000,0.00007000,SELL,true,
6208213272,73157.01000000,0.00007000,SELL,true,
6208213273,73157.01000000,0.00007000,SELL,true,
6208213274,73157.01000000,0.00007000,SELL,true,
6208213275,73156.78000000,0.00462000,SELL,true,LARGE
6208213276,73156.78000000,0.00076000,SELL,true,
6208213277,73156.78000000,0.00008000,SELL,true,
6208213278,73156.78000000,0.00007000,SELL,true,
6208213279,73156.78000000,0.00007000,SELL,true,
6208213280,73156.78000000,0.00007000,SELL,true,
6208213281,73156.78000000,0.00007000,SELL,true,
6208213282,73156.78000000,0.00007000,SELL,true,
6208213283,73156.78000000,0.00014000,SELL,true,
6208213284,73156.78000000,0.00007000,SELL,true,
6208213285,73156.78000000,0.00007000,SELL,true,
6208213286,73156.78000000,0.00007000,SELL,true,
6208213287,73156.78000000,0.00007000,SELL,true,
6208213288,73156.78000000,0.00007000,SELL,true,
6208213289,73156.78000000,0.00007000,SELL,true,
6208213290,73156.78000000,0.00007000,SELL,true,
6208213291,73156.78000000,0.00007000,SELL,true,
6208213292,73156.77000000,0.00007000,SELL,true,
6208213293,73156.77000000,0.00007000,SELL,true,
6208213294,73156.77000000,0.00008000,SELL,true,
6208213295,73156.77000000,0.00007000,SELL,true,
6208213296,73156.77000000,0.00007000,SELL,true,
6208213297,73156.77000000,0.00007000,SELL,true,
6208213298,73156.77000000,0.00007000,SELL,true,
6208213299,73156.77000000,0.00007000,SELL,true,
6208213300,73156.56000000,0.00008000,SELL,true,
6208213301,73156.50000000,0.00231000,SELL,true,
6208213302,73156.22000000,0.00007000,SELL,true,
6208213303,73156.22000000,0.00007000,SELL,true,
6208213304,73156.22000000,0.00007000,SELL,true,
6208213305,73156.22000000,0.00007000,SELL,true,
6208213306,73156.22000000,0.00007000,SELL,true,
6208213307,73156.22000000,0.00007000,SELL,true,
6208213308,73156.22000000,0.00007000,SELL,true,
6208213309,73156.22000000,0.00007000,SELL,true,
6208213310,73156.00000000,0.00040000,SELL,true,
6208213311,73156.00000000,0.00040000,SELL,true,
6208213312,73156.00000000,0.00040000,SELL,true,
6208213313,73154.45000000,0.00083000,SELL,true,
6208213314,73154.45000000,0.00007000,SELL,true,
6208213315,73154.45000000,0.00014000,SELL,true,
6208213316,73154.45000000,0.00007000,SELL,true,
6208213317,73154.45000000,0.00007000,SELL,true,
6208213318,73154.45000000,0.00007000,SELL,true,
6208213319,73154.45000000,0.00007000,SELL,true,
6208213320,73154.45000000,0.00007000,SELL,true,
6208213321,73154.45000000,0.00007000,SELL,true,
6208213322,73154.45000000,0.00007000,SELL,true,
6208213323,73154.45000000,0.00007000,SELL,true,
6208213324,73154.45000000,0.00007000,SELL,true,
6208213325,73154.44000000,0.00007000,SELL,true,
6208213326,73154.44000000,0.00008000,SELL,true,
6208213327,73154.44000000,0.00007000,SELL,true,
6208213328,73154.44000000,0.00007000,SELL,true,
6208213329,73154.44000000,0.00007000,SELL,true,
6208213330,73154.44000000,0.00007000,SELL,true,
6208213331,73154.44000000,0.00007000,SELL,true,
6208213332,73154.44000000,0.00007000,SELL,true,
6208213333,73154.00000000,0.00040000,SELL,true,
6208213334,73154.00000000,0.00040000,SELL,true,
6208213335,73154.00000000,0.00040000,SELL,true,
6208213336,73154.00000000,0.00007000,SELL,true,
6208213337,73154.00000000,0.00014000,SELL,true,
6208213338,73154.00000000,0.00007000,SELL,true,
6208213339,73154.00000000,0.00007000,SELL,true,
6208213340,73154.00000000,0.00007000,SELL,true,
6208213341,73154.00000000,0.00007000,SELL,true,
6208213342,73154.00000000,0.00007000,SELL,true,
6208213343,73154.00000000,0.00007000,SELL,true,
6208213344,73154.00000000,0.00007000,SELL,true,
6208213345,73154.00000000,0.00007000,SELL,true,
6208213346,73153.99000000,0.00008000,SELL,true,
6208213347,73153.99000000,0.00007000,SELL,true,
6208213348,73153.99000000,0.00007000,SELL,true,
6208213349,73153.99000000,0.00007000,SELL,true,
6208213350,73153.99000000,0.00007000,SELL,true,
6208213351,73153.99000000,0.00007000,SELL,true,
6208213352,73153.99000000,0.00007000,SELL,true,
6208213353,73153.80000000,0.00008000,SELL,true,
6208213354,73152.95000000,0.00007000,SELL,true,
6208213355,73152.41000000,0.00007000,SELL,true,
6208213356,73152.41000000,0.00007000,SELL,true,
6208213357,73152.39000000,0.00120000,SELL,true,LARGE
6208213358,73152.37000000,0.00007000,SELL,true,
6208213359,73152.37000000,0.00007000,SELL,true,
6208213360,73152.36000000,0.00260000,SELL,true,LARGE
6208213361,73152.00000000,0.00040000,SELL,true,
6208213362,73152.00000000,0.00040000,SELL,true,
6208213363,73152.00000000,0.00040000,SELL,true,
6208213364,73151.86000000,0.00008000,SELL,true,
6208213365,73151.74000000,0.00300000,SELL,true,LARGE
6208213366,73151.66000000,0.00069000,SELL,true,
6208213367,73151.65000000,0.00047000,SELL,true,
6208213368,73151.54000000,0.00137000,SELL,true,LARGE
6208213369,73151.27000000,0.00347000,SELL,true,LARGE
6208213370,73151.07000000,0.00007000,SELL,true,
6208213371,73151.04000000,0.00008000,SELL,true,
6208213372,73150.88000000,0.00007000,SELL,true,
6208213373,73150.70000000,0.00008000,SELL,true,
6208213374,73150.27000000,0.00014000,SELL,true,
6208213375,73150.00000000,0.00040000,SELL,true,
6208213376,73150.00000000,0.00040000,SELL,true,
6208213377,73150.00000000,0.00040000,SELL,true,
6208213378,73150.00000000,0.00027000,SELL,true,
6208213379,73149.97000000,0.00007000,SELL,true,
6208213380,73149.84000000,0.00008000,SELL,true,
6208213381,73149.73000000,0.00007000,SELL,true,
6208213382,73148.28000000,0.00008000,SELL,true,
6208213383,73148.09000000,0.00026000,SELL,true,
6208213384,73148.00000000,0.00040000,SELL,true,
6208213385,73148.00000000,0.00040000,SELL,true,
6208213386,73148.00000000,0.00040000,SELL,true,
6208213387,73147.54000000,0.00008000,SELL,true,
6208213388,73147.32000000,0.00007000,SELL,true,
6208213389,73147.14000000,0.00083000,SELL,true,
6208213390,73147.05000000,0.00462000,SELL,true,LARGE
6208213391,73146.90000000,0.00014000,SELL,true,
6208213392,73146.52000000,0.00007000,SELL,true,
6208213393,73146.35000000,0.00231000,SELL,true,LARGE
6208213394,73146.10000000,0.00008000,SELL,true,
6208213395,73146.09000000,0.01374000,SELL,true,LARGE
6208213396,73146.00000000,0.00040000,SELL,true,
6208213397,73146.00000000,0.00040000,SELL,true,
6208213398,73146.00000000,0.00040000,SELL,true,
6208213399,73145.62000000,0.00008000,SELL,true,
6208213400,73145.52000000,0.00008000,SELL,true,
6208213401,73145.33000000,0.00008000,SELL,true,
6208213402,73145.32000000,0.00071000,SELL,true,
6208213403,73145.32000000,0.00046000,SELL,true,
6208213404,73145.32000000,0.00007000,SELL,true,
6208213405,73145.32000000,0.00007000,SELL,true,
6208213406,73145.32000000,0.00014000,SELL,true,
6208213407,73145.32000000,0.00223000,SELL,true,LARGE
6208213408,73145.33000000,0.01367000,BUY,false,LARGE
6208213409,73145.32000000,0.00038000,SELL,true,
6208213410,73145.32000000,0.00007000,SELL,true,
6208213411,73145.32000000,0.00014000,SELL,true,
6208213412,73145.32000000,0.00010000,SELL,true,
6208213413,73145.32000000,0.00004000,SELL,true,
6208213414,73145.32000000,0.00007000,SELL,true,
6208213415,73145.32000000,0.00007000,SELL,true,
6208213416,73145.32000000,0.00420000,SELL,true,LARGE
6208213417,73145.32000000,0.00420000,SELL,true,LARGE
6208213418,73145.32000000,0.00029000,SELL,true,
6208213419,73145.32000000,0.00321000,SELL,true,LARGE
6208213420,73145.32000000,0.00182000,SELL,true,
6208213421,73145.33000000,0.00019000,BUY,false,
6208213422,73145.32000000,0.00037000,SELL,true,
6208213423,73145.32000000,0.00007000,SELL,true,
6208213424,73145.32000000,0.00007000,SELL,true,
6208213425,73145.32000000,0.00008000,SELL,true,
6208213426,73145.32000000,0.00007000,SELL,true,
6208213427,73145.32000000,0.00007000,SELL,true,
6208213428,73145.32000000,0.00010000,SELL,true,
6208213429,73145.32000000,0.00007000,SELL,true,
6208213430,73145.32000000,0.00420000,SELL,true,LARGE
6208213431,73145.32000000,0.00420000,SELL,true,LARGE
6208213432,73145.32000000,0.00007000,SELL,true,
6208213433,73145.32000000,0.00007000,SELL,true,
6208213434,73145.32000000,0.00007000,SELL,true,
6208213435,73145.32000000,0.00007000,SELL,true,
6208213436,73145.32000000,0.00007000,SELL,true,
6208213437,73145.32000000,0.00420000,SELL,true,LARGE
6208213438,73145.32000000,0.00420000,SELL,true,LARGE
6208213439,73145.32000000,0.00007000,SELL,true,
6208213440,73145.32000000,0.00420000,SELL,true,LARGE
6208213441,73145.32000000,0.00420000,SELL,true,LARGE
6208213442,73145.32000000,0.00007000,SELL,true,
6208213443,73145.32000000,0.00420000,SELL,true,LARGE
6208213444,73145.32000000,0.00420000,SELL,true,LARGE
6208213445,73145.32000000,0.00420000,SELL,true,LARGE
6208213446,73145.32000000,0.00420000,SELL,true,LARGE
6208213447,73145.32000000,0.00420000,SELL,true,LARGE
6208213448,73145.32000000,0.00420000,SELL,true,LARGE
6208213449,73145.32000000,0.00420000,SELL,true,LARGE
6208213450,73145.32000000,0.00420000,SELL,true,LARGE
6208213451,73145.32000000,0.00230000,SELL,true,
6208213452,73145.32000000,0.00420000,SELL,true,
6208213453,73145.32000000,0.00420000,SELL,true,
6208213454,73145.32000000,0.00211000,SELL,true,
6208213455,73145.31000000,0.00013000,SELL,true,
6208213456,73145.31000000,0.00008000,SELL,true,
6208213457,73145.31000000,0.00007000,SELL,true,
6208213458,73145.31000000,0.00007000,SELL,true,
6208213459,73145.31000000,0.00007000,SELL,true,
6208213460,73144.00000000,0.00040000,SELL,true,
6208213461,73144.00000000,0.00040000,SELL,true,
6208213462,73144.00000000,0.00040000,SELL,true,
6208213463,73143.76000000,0.00007000,SELL,true,
6208213464,73143.73000000,0.00007000,SELL,true,
6208213465,73143.67000000,0.00137000,SELL,true,
6208213466,73143.66000000,0.00347000,SELL,true,
6208213467,73143.30000000,0.00007000,SELL,true,
6208213468,73142.76000000,0.00008000,SELL,true,
6208213469,73142.66000000,0.00008000,SELL,true,
6208213470,73142.56000000,0.00020000,SELL,true,
6208213471,73142.26000000,0.00007000,SELL,true,
6208213472,73142.06000000,0.00007000,SELL,true,
6208213473,73142.06000000,0.00007000,SELL,true,
6208213474,73142.00000000,0.00040000,SELL,true,
6208213475,73142.00000000,0.00040000,SELL,true,
6208213476,73142.00000000,0.00040000,SELL,true,
6208213477,73140.67000000,0.00007000,SELL,true,
6208213478,73140.67000000,0.00008000,SELL,true,
6208213479,73140.67000000,0.00007000,SELL,true,
6208213480,73140.32000000,0.00007000,SELL,true,
6208213481,73140.32000000,0.00007000,SELL,true,
6208213482,73140.20000000,0.00007000,SELL,true,
6208213483,73140.08000000,0.00007000,SELL,true,
6208213484,73140.00000000,0.00008000,SELL,true,
6208213485,73140.00000000,0.00040000,SELL,true,
6208213486,73140.00000000,0.00040000,SELL,true,
6208213487,73140.00000000,0.00040000,SELL,true,
6208213488,73139.82000000,0.00083000,SELL,true,
6208213489,73139.71000000,0.00008000,SELL,true,
6208213490,73139.20000000,0.00029000,SELL,true,
6208213491,73139.00000000,0.00008000,SELL,true,
6208213492,73138.99000000,0.01348000,SELL,true,LARGE
6208213493,73138.99000000,0.00008000,SELL,true,
6208213494,73138.98000000,0.00136000,SELL,true,
6208213495,73138.70000000,0.00009000,SELL,true,
6208213496,73138.05000000,0.00008000,SELL,true,
6208213497,73138.04000000,0.00008000,SELL,true,
6208213498,73138.05000000,0.00013000,BUY,false,
6208213499,73138.04000000,0.00007000,SELL,true,
6208213500,73138.04000000,0.00007000,SELL,true,
6208213501,73138.04000000,0.00008000,SELL,true,
6208213502,73138.04000000,0.00007000,SELL,true,
6208213503,73138.04000000,0.00014000,SELL,true,
6208213504,73138.04000000,0.00920000,SELL,true,LARGE
6208213505,73138.04000000,0.00026000,SELL,true,
6208213506,73138.04000000,0.03934000,SELL,true,LARGE
6208213507,73138.04000000,0.00007000,SELL,true,
6208213508,73138.04000000,0.00007000,SELL,true,
6208213509,73138.04000000,0.00007000,SELL,true,
6208213510,73138.04000000,0.00007000,SELL,true,
6208213511,73138.04000000,0.00007000,SELL,true,
6208213512,73138.04000000,0.00007000,SELL,true,
6208213513,73138.04000000,0.00007000,SELL,true,
6208213514,73138.04000000,0.00007000,SELL,true,
6208213515,73138.04000000,0.00007000,SELL,true,
6208213516,73138.04000000,0.00007000,SELL,true,
6208213517,73138.04000000,0.00496000,SELL,true,LARGE
6208213518,73138.04000000,0.00014000,SELL,true,
6208213519,73138.04000000,0.00007000,SELL,true,
6208213520,73138.04000000,0.00007000,SELL,true,
6208213521,73138.04000000,0.00014000,SELL,true,
6208213522,73138.04000000,0.00007000,SELL,true,
6208213523,73138.04000000,0.00007000,SELL,true,
6208213524,73138.04000000,0.00007000,SELL,true,
6208213525,73138.04000000,0.00007000,SELL,true,
6208213526,73138.04000000,0.00008000,SELL,true,
6208213527,73138.04000000,0.00008000,SELL,true,
6208213528,73138.04000000,0.00008000,SELL,true,
6208213529,73138.04000000,0.00008000,SELL,true,
6208213530,73138.04000000,0.00008000,SELL,true,
6208213531,73138.04000000,0.00014000,SELL,true,
6208213532,73138.04000000,0.00008000,SELL,true,
6208213533,73138.04000000,0.00008000,SELL,true,
6208213534,73138.04000000,0.00007000,SELL,true,
6208213535,73138.04000000,0.00007000,SELL,true,
6208213536,73138.04000000,0.00008000,SELL,true,
6208213537,73138.04000000,0.00008000,SELL,true,
6208213538,73138.04000000,0.00008000,SELL,true,
6208213539,73138.04000000,0.00007000,SELL,true,
6208213540,73138.04000000,0.00007000,SELL,true,
6208213541,73138.04000000,0.00007000,SELL,true,
6208213542,73138.04000000,0.00007000,SELL,true,
6208213543,73138.04000000,0.00007000,SELL,true,
6208213544,73138.04000000,0.00007000,SELL,true,
6208213545,73138.03000000,0.00008000,SELL,true,
6208213546,73138.03000000,0.00007000,SELL,true,
6208213547,73138.03000000,0.00007000,SELL,true,
6208213548,73138.03000000,0.00007000,SELL,true,
6208213549,73138.03000000,0.00007000,SELL,true,
6208213550,73138.03000000,0.00008000,SELL,true,
6208213551,73138.03000000,0.00008000,SELL,true,
6208213552,73138.03000000,0.00008000,SELL,true,
6208213553,73138.03000000,0.00008000,SELL,true,
6208213554,73138.03000000,0.00008000,SELL,true,
6208213555,73138.00000000,0.00040000,SELL,true,
6208213556,73138.00000000,0.00040000,SELL,true,
6208213557,73138.00000000,0.00040000,SELL,true,
6208213558,73137.42000000,0.00017000,SELL,true,
6208213559,73137.42000000,0.00008000,SELL,true,
6208213560,73137.42000000,0.00007000,SELL,true,
6208213561,73137.42000000,0.00008000,SELL,true,
6208213562,73137.42000000,0.00007000,SELL,true,
6208213563,73137.42000000,0.00008000,SELL,true,
6208213564,73137.42000000,0.00008000,SELL,true,
6208213565,73137.42000000,0.00008000,SELL,true,
6208213566,73137.42000000,0.00008000,SELL,true,
6208213567,73137.42000000,0.00014000,SELL,true,
6208213568,73137.42000000,0.00008000,SELL,true,
6208213569,73137.42000000,0.00008000,SELL,true,
6208213570,73137.42000000,0.00007000,SELL,true,
6208213571,73137.42000000,0.00007000,SELL,true,
6208213572,73137.41000000,0.00008000,SELL,true,
6208213573,73137.41000000,0.00008000,SELL,true,
6208213574,73137.41000000,0.00008000,SELL,true,
6208213575,73137.41000000,0.00008000,SELL,true,
6208213576,73137.41000000,0.00008000,SELL,true,
6208213577,73137.33000000,0.00462000,SELL,true,LARGE
6208213578,73137.24000000,0.00008000,SELL,true,
6208213579,73137.14000000,0.00152000,SELL,true,
6208213580,73137.12000000,0.00007000,SELL,true,
6208213581,73136.64000000,0.00007000,SELL,true,
6208213582,73136.41000000,0.00008000,SELL,true,
6208213583,73136.40000000,0.02261000,SELL,true,LARGE
6208213584,73136.40000000,0.00008000,SELL,true,
6208213585,73136.38000000,0.00007000,SELL,true,
6208213586,73136.20000000,0.00231000,SELL,true,
6208213587,73136.04000000,0.00347000,SELL,true,LARGE
6208213588,73136.01000000,0.00010000,BUY,false,
6208213589,73136.00000000,0.00040000,SELL,true,
6208213590,73136.00000000,0.00040000,SELL,true,
6208213591,73136.00000000,0.00040000,SELL,true,
6208213592,73136.00000000,0.00007000,SELL,true,
6208213593,73136.00000000,0.00008000,SELL,true,
6208213594,73136.00000000,0.00008000,SELL,true,
6208213595,73136.00000000,0.00014000,SELL,true,
6208213596,73136.00000000,0.00001000,SELL,true,
6208213597,73136.00000000,0.00006000,SELL,true,
6208213598,73136.00000000,0.00008000,SELL,true,
6208213599,73136.00000000,0.00007000,SELL,true,
6208213600,73136.00000000,0.00008000,SELL,true,
6208213601,73136.00000000,0.00007000,SELL,true,
6208213602,73136.00000000,0.00008000,SELL,true,
6208213603,73136.00000000,0.00008000,SELL,true,
6208213604,73136.00000000,0.00014000,SELL,true,
6208213605,73136.00000000,0.00007000,SELL,true,
6208213606,73136.00000000,0.00007000,SELL,true,
6208213607,73135.99000000,0.00008000,SELL,true,
6208213608,73135.99000000,0.00008000,SELL,true,
6208213609,73135.99000000,0.00008000,SELL,true,
6208213610,73135.99000000,0.00008000,SELL,true,
6208213611,73135.48000000,0.00008000,SELL,true,
6208213612,73135.48000000,0.00007000,SELL,true,
6208213613,73135.48000000,0.00007000,SELL,true,
6208213614,73135.48000000,0.00007000,SELL,true,
6208213615,73135.48000000,0.00007000,SELL,true,
6208213616,73134.48000000,0.00008000,SELL,true,
6208213617,73134.00000000,0.00040000,SELL,true,
6208213618,73134.00000000,0.00040000,SELL,true,
6208213619,73134.00000000,0.00040000,SELL,true,
6208213620,73133.51000000,0.00008000,SELL,true,
6208213621,73133.51000000,0.00007000,SELL,true,
6208213622,73133.51000000,0.00007000,SELL,true,
6208213623,73133.50000000,0.00985000,SELL,true,LARGE
6208213624,73133.50000000,0.00008000,SELL,true,
6208213625,73133.44000000,0.00007000,SELL,true,
6208213626,73133.08000000,0.00007000,SELL,true,
6208213627,73132.52000000,0.00017000,BUY,false,
6208213628,73132.52000000,0.00028000,BUY,false,
6208213629,73132.51000000,0.00083000,SELL,true,
6208213630,73132.51000000,0.00007000,SELL,true,
6208213631,73132.51000000,0.00014000,SELL,true,
6208213632,73132.51000000,0.00008000,SELL,true,
6208213633,73132.51000000,0.00008000,SELL,true,
6208213634,73132.51000000,0.00008000,SELL,true,
6208213635,73132.51000000,0.00008000,SELL,true,
6208213636,73132.51000000,0.00007000,SELL,true,
6208213637,73132.51000000,0.00007000,SELL,true,
6208213638,73132.51000000,0.00008000,SELL,true,
6208213639,73132.51000000,0.00007000,SELL,true,
6208213640,73132.51000000,0.00007000,SELL,true,
6208213641,73132.51000000,0.00007000,SELL,true,
6208213642,73132.51000000,0.00007000,SELL,true,
6208213643,73132.51000000,0.00007000,SELL,true,
6208213644,73132.50000000,0.00008000,SELL,true,
6208213645,73132.50000000,0.00008000,SELL,true,
6208213646,73132.50000000,0.00008000,SELL,true,
6208213647,73132.50000000,0.00008000,SELL,true,
6208213648,73132.50000000,0.00008000,SELL,true,
6208213649,73132.50000000,0.00008000,SELL,true,
6208213650,73132.00000000,0.00040000,SELL,true,
6208213651,73132.00000000,0.00040000,SELL,true,
6208213652,73132.00000000,0.00040000,SELL,true,
6208213653,73131.97000000,0.00007000,SELL,true,
6208213654,73131.73000000,0.00007000,SELL,true,
6208213655,73131.72000000,0.00008000,SELL,true,
6208213656,73130.72000000,0.00007000,SELL,true,
6208213657,73130.72000000,0.00007000,SELL,true,
6208213658,73130.59000000,0.00014000,SELL,true,
6208213659,73130.43000000,0.00007000,SELL,true,
6208213660,73130.00000000,0.00040000,SELL,true,
6208213661,73130.00000000,0.00040000,SELL,true,
6208213662,73130.00000000,0.00040000,SELL,true,
6208213663,73129.52000000,0.00007000,SELL,true,
6208213664,73129.03000000,0.00007000,SELL,true,
6208213665,73128.97000000,0.00067000,SELL,true,
6208213666,73128.96000000,0.00008000,SELL,true,
6208213667,73128.43000000,0.00347000,SELL,true,LARGE
6208213668,73128.30000000,0.00008000,SELL,true,
6208213669,73128.14000000,0.00029000,SELL,true,
6208213670,73128.00000000,0.00040000,SELL,true,
6208213671,73128.00000000,0.00040000,SELL,true,
6208213672,73128.00000000,0.00040000,SELL,true,
6208213673,73127.95000000,0.00008000,SELL,true,
6208213674,73127.94000000,0.06700000,SELL,true,LARGE
6208213675,73127.94000000,0.00008000,SELL,true,
6208213676,73127.94000000,0.00007000,SELL,true,
6208213677,73127.94000000,0.00007000,SELL,true,
6208213678,73127.93000000,0.00007000,SELL,true,
6208213679,73127.93000000,0.00007000,SELL,true,
6208213680,73127.61000000,0.00462000,SELL,true,LARGE
6208213681,73127.21000000,0.00007000,SELL,true,
6208213682,73126.68000000,0.00137000,SELL,true,
6208213683,73126.20000000,0.00008000,SELL,true,
6208213684,73126.04000000,0.00100000,SELL,true,
6208213685,73126.05000000,0.00028000,BUY,false,
6208213686,73126.05000000,0.00273000,BUY,false,
6208213687,73126.04000000,0.00131000,SELL,true,
6208213688,73126.04000000,0.00008000,SELL,true,
6208213689,73126.04000000,0.00007000,SELL,true,
6208213690,73126.04000000,0.00008000,SELL,true,
6208213691,73126.04000000,0.00014000,SELL,true,
6208213692,73126.04000000,0.00007000,SELL,true,
6208213693,73126.04000000,0.00008000,SELL,true,
6208213694,73126.04000000,0.00582000,SELL,true,LARGE
6208213695,73126.05000000,0.00273000,BUY,false,
6208213696,73126.04000000,0.00008000,SELL,true,
6208213697,73126.04000000,0.00002000,SELL,true,
6208213698,73126.05000000,0.00233000,BUY,false,
6208213699,73126.04000000,0.00006000,SELL,true,
6208213700,73126.04000000,0.00014000,SELL,true,
6208213701,73126.04000000,0.00008000,SELL,true,
6208213702,73126.04000000,0.00008000,SELL,true,
6208213703,73126.04000000,0.00007000,SELL,true,
6208213704,73126.05000000,0.00008000,BUY,false,
6208213705,73126.04000000,0.00007000,SELL,true,
6208213706,73126.04000000,0.00007000,SELL,true,
6208213707,73126.04000000,0.00007000,SELL,true,
6208213708,73126.04000000,0.00008000,SELL,true,
6208213709,73126.04000000,0.00008000,SELL,true,
6208213710,73126.04000000,0.00007000,SELL,true,
6208213711,73126.04000000,0.00007000,SELL,true,
6208213712,73126.04000000,0.00008000,SELL,true,
6208213713,73126.04000000,0.00008000,SELL,true,
6208213714,73126.04000000,0.00008000,SELL,true,
6208213715,73126.04000000,0.00014000,SELL,true,
6208213716,73126.04000000,0.00008000,SELL,true,
6208213717,73126.04000000,0.00007000,SELL,true,
6208213718,73126.04000000,0.00007000,SELL,true,
6208213719,73126.04000000,0.00008000,SELL,true,
6208213720,73126.04000000,0.04459000,SELL,true,LARGE
6208213721,73126.05000000,0.00068000,BUY,false,
6208213722,73126.04000000,0.00014000,SELL,true,
6208213723,73126.04000000,0.00007000,SELL,true,
6208213724,73126.04000000,0.00007000,SELL,true,
6208213725,73126.04000000,0.00007000,SELL,true,
6208213726,73126.04000000,0.00007000,SELL,true,
6208213727,73126.04000000,0.00007000,SELL,true,
6208213728,73126.04000000,0.00008000,SELL,true,
6208213729,73126.04000000,0.00007000,SELL,true,
6208213730,73126.04000000,0.00008000,SELL,true,
6208213731,73126.04000000,0.00008000,SELL,true,
6208213732,73126.04000000,0.00007000,SELL,true,
6208213733,73126.04000000,0.00008000,SELL,true,
6208213734,73126.04000000,0.00007000,SELL,true,
6208213735,73126.04000000,0.00007000,SELL,true,
6208213736,73126.03000000,0.00008000,SELL,true,
6208213737,73126.03000000,0.00008000,SELL,true,
6208213738,73126.03000000,0.00008000,SELL,true,
6208213739,73126.03000000,0.00610000,SELL,true,LARGE
6208213740,73126.03000000,0.00008000,SELL,true,
6208213741,73126.03000000,0.00008000,SELL,true,
6208213742,73126.03000000,0.00008000,SELL,true,
6208213743,73126.00000000,0.00040000,SELL,true,
6208213744,73126.00000000,0.00040000,SELL,true,
6208213745,73126.00000000,0.00040000,SELL,true,
6208213746,73125.96000000,0.00007000,SELL,true,
6208213747,73125.20000000,0.00076000,SELL,true,
6208213748,73125.20000000,0.00007000,SELL,true,
6208213749,73124.92000000,0.00007000,SELL,true,
6208213750,73124.12000000,0.00137000,SELL,true,
6208213751,73124.00000000,0.00040000,SELL,true,
6208213752,73124.00000000,0.00040000,SELL,true,
6208213753,73124.00000000,0.00040000,SELL,true,
6208213754,73123.99000000,0.00007000,SELL,true,
6208213755,73123.44000000,0.00008000,SELL,true,
6208213756,73125.20000000,0.00008000,SELL,true,
6208213757,73124.92000000,0.00007000,SELL,true,
6208213758,73124.92000000,0.00007000,SELL,true,
6208213759,73124.92000000,0.00007000,SELL,true,
6208213760,73124.92000000,0.00007000,SELL,true,
6208213761,73122.78000000,0.00010000,SELL,true,
6208213762,73122.78000000,0.00007000,SELL,true,
6208213763,73122.78000000,0.00007000,SELL,true,
6208213764,73122.78000000,0.00008000,SELL,true,
6208213765,73122.78000000,0.00008000,SELL,true,
6208213766,73122.78000000,0.00008000,SELL,true,
6208213767,73122.78000000,0.00008000,SELL,true,
6208213768,73122.78000000,0.00008000,SELL,true,
6208213769,73122.78000000,0.00014000,SELL,true,
6208213770,73122.78000000,0.00008000,SELL,true,
6208213771,73122.78000000,0.00008000,SELL,true,
6208213772,73122.78000000,0.00008000,SELL,true,
6208213773,73122.78000000,0.00008000,SELL,true,
6208213774,73122.78000000,0.00008000,SELL,true,
6208213775,73122.78000000,0.00008000,SELL,true,
6208213776,73122.78000000,0.00008000,SELL,true,
6208213777,73122.78000000,0.00008000,SELL,true,
6208213778,73122.78000000,0.00007000,SELL,true,
6208213779,73122.78000000,0.00007000,SELL,true,
6208213780,73122.77000000,0.00008000,SELL,true,
6208213781,73122.77000000,0.00008000,SELL,true,
6208213782,73122.77000000,0.00008000,SELL,true,
6208213783,73122.77000000,0.00008000,SELL,true,
6208213784,73122.77000000,0.00008000,SELL,true,
6208213785,73122.77000000,0.00008000,SELL,true,
6208213786,73122.77000000,0.00008000,SELL,true,
6208213787,73122.77000000,0.00008000,SELL,true,
6208213788,73122.40000000,0.00007000,SELL,true,
6208213789,73122.00000000,0.00040000,SELL,true,
6208213790,73122.00000000,0.00040000,SELL,true,
6208213791,73122.00000000,0.00040000,SELL,true,
6208213792,73121.18000000,0.00048000,SELL,true,
6208213793,73121.12000000,0.00008000,SELL,true,
6208213794,73121.06000000,0.00008000,SELL,true,
6208213795,73121.06000000,0.00080000,BUY,false,
6208213796,73121.06000000,0.00023000,BUY,false,
6208213797,73121.05000000,0.00023000,SELL,true,
6208213798,73121.05000000,0.00008000,SELL,true,
6208213799,73121.05000000,0.00008000,SELL,true,
6208213800,73121.05000000,0.00014000,SELL,true,
6208213801,73121.05000000,0.00008000,SELL,true,
6208213802,73121.05000000,0.00007000,SELL,true,
6208213803,73121.05000000,0.00008000,SELL,true,
6208213804,73121.05000000,0.00008000,SELL,true,
6208213805,73121.05000000,0.00007000,SELL,true,
6208213806,73121.05000000,0.00406000,SELL,true,LARGE
6208213807,73121.05000000,0.00014000,SELL,true,
6208213808,73121.05000000,0.00014000,SELL,true,
6208213809,73121.05000000,0.00007000,SELL,true,
6208213810,73121.05000000,0.00014000,SELL,true,
6208213811,73121.05000000,0.00014000,SELL,true,
6208213812,73121.05000000,0.00014000,SELL,true,
6208213813,73121.05000000,0.00007000,SELL,true,
6208213814,73121.05000000,0.00008000,SELL,true,
6208213815,73121.05000000,0.00008000,SELL,true,
6208213816,73121.05000000,0.00008000,SELL,true,
6208213817,73121.05000000,0.00007000,SELL,true,
6208213818,73121.05000000,0.00007000,SELL,true,
6208213819,73121.05000000,0.00007000,SELL,true,
6208213820,73121.05000000,0.00007000,SELL,true,
6208213821,73121.05000000,0.00007000,SELL,true,
6208213822,73121.05000000,0.00007000,SELL,true,
6208213823,73121.05000000,0.00007000,SELL,true,
6208213824,73121.05000000,0.00007000,SELL,true,
6208213825,73121.05000000,0.00007000,SELL,true,
6208213826,73121.05000000,0.00007000,SELL,true,
6208213827,73121.04000000,0.00008000,SELL,true,
6208213828,73121.04000000,0.00008000,SELL,true,
6208213829,73121.04000000,0.00008000,SELL,true,
6208213830,73121.04000000,0.00008000,SELL,true,
6208213831,73121.04000000,0.00008000,SELL,true,
6208213832,73121.04000000,0.00008000,SELL,true,
6208213833,73121.04000000,0.00008000,SELL,true,
6208213834,73121.04000000,0.00008000,SELL,true,
6208213835,73120.81000000,0.00347000,SELL,true,LARGE
6208213836,73120.81000000,0.00007000,SELL,true,
6208213837,73120.81000000,0.00014000,SELL,true,
6208213838,73120.81000000,0.00008000,SELL,true,
6208213839,73120.81000000,0.00008000,SELL,true,
6208213840,73120.81000000,0.00008000,SELL,true,
6208213841,73120.81000000,0.00008000,SELL,true,
6208213842,73120.81000000,0.00008000,SELL,true,
6208213843,73120.81000000,0.00271000,SELL,true,LARGE
6208213844,73120.81000000,0.00008000,SELL,true,
6208213845,73120.81000000,0.00007000,SELL,true,
6208213846,73120.80000000,0.00008000,SELL,true,
6208213847,73120.80000000,0.00008000,SELL,true,
6208213848,73120.80000000,0.00008000,SELL,true,
6208213849,73120.80000000,0.00008000,SELL,true,
6208213850,73120.80000000,0.00008000,SELL,true,
6208213851,73120.80000000,0.00008000,SELL,true,
6208213852,73120.80000000,0.00008000,SELL,true,
6208213853,73120.74000000,0.00137000,SELL,true,LARGE
6208213854,73120.68000000,0.00008000,SELL,true,
6208213855,73120.22000000,0.00007000,SELL,true,
6208213856,73120.00000000,0.00040000,SELL,true,
6208213857,73120.00000000,0.00040000,SELL,true,
6208213858,73120.00000000,0.00040000,SELL,true,
6208213859,73120.00000000,0.00279000,SELL,true,LARGE
6208213860,73119.48000000,0.00007000,SELL,true,
6208213861,73119.48000000,0.00007000,SELL,true,
6208213862,73119.48000000,0.00007000,SELL,true,
6208213863,73119.48000000,0.00008000,SELL,true,
6208213864,73119.48000000,0.00008000,SELL,true,
6208213865,73119.48000000,0.00008000,SELL,true,
6208213866,73119.48000000,0.00008000,SELL,true,
6208213867,73119.48000000,0.00008000,SELL,true,
6208213868,73119.48000000,0.00008000,SELL,true,
6208213869,73119.48000000,0.00014000,SELL,true,
6208213870,73119.48000000,0.00008000,SELL,true,
6208213871,73119.48000000,0.00008000,SELL,true,
6208213872,73119.48000000,0.00007000,SELL,true,
6208213873,73119.48000000,0.00007000,SELL,true,
6208213874,73119.48000000,0.00007000,SELL,true,
6208213875,73119.47000000,0.00008000,SELL,true,
6208213876,73119.47000000,0.00008000,SELL,true,
6208213877,73119.47000000,0.00008000,SELL,true,
6208213878,73119.47000000,0.00008000,SELL,true,
6208213879,73119.47000000,0.00008000,SELL,true,
6208213880,73119.47000000,0.00008000,SELL,true,
6208213881,73119.47000000,0.00008000,SELL,true,
6208213882,73119.47000000,0.00008000,SELL,true,
6208213883,73118.84000000,0.00007000,SELL,true,
6208213884,73118.35000000,0.00008000,SELL,true,
6208213885,73118.35000000,0.00007000,SELL,true,
6208213886,73118.35000000,0.00007000,SELL,true,
6208213887,73118.35000000,0.00008000,SELL,true,
6208213888,73118.35000000,0.00008000,SELL,true,
6208213889,73118.35000000,0.00008000,SELL,true,
6208213890,73118.35000000,0.00014000,SELL,true,
6208213891,73118.35000000,0.00008000,SELL,true,
6208213892,73118.35000000,0.00008000,SELL,true,
6208213893,73118.35000000,0.00008000,SELL,true,
6208213894,73118.35000000,0.00008000,SELL,true,
6208213895,73118.35000000,0.00008000,SELL,true,
6208213896,73118.35000000,0.00008000,SELL,true,
6208213897,73118.35000000,0.00008000,SELL,true,
6208213898,73118.35000000,0.00007000,SELL,true,
6208213899,73118.35000000,0.00007000,SELL,true,
6208213900,73118.34000000,0.00008000,SELL,true,
6208213901,73118.34000000,0.00008000,SELL,true,
6208213902,73118.34000000,0.00008000,SELL,true,
6208213903,73118.34000000,0.00008000,SELL,true,
6208213904,73118.34000000,0.00008000,SELL,true,
6208213905,73118.34000000,0.00008000,SELL,true,
6208213906,73118.34000000,0.00008000,SELL,true,
6208213907,73118.34000000,0.00008000,SELL,true,
6208213908,73118.00000000,0.00040000,SELL,true,
6208213909,73118.00000000,0.00040000,SELL,true,
6208213910,73118.00000000,0.00040000,SELL,true,
6208213911,73117.99000000,0.00007000,SELL,true,
6208213912,73117.92000000,0.00008000,SELL,true,
6208213913,73117.88000000,0.00083000,SELL,true,LARGE
6208213914,73117.88000000,0.00462000,SELL,true,LARGE
6208213915,73117.88000000,0.00008000,SELL,true,
6208213916,73117.18000000,0.00260000,SELL,true,LARGE
6208213917,73116.23000000,0.06037000,BUY,false,LARGE
6208213918,73116.00000000,0.00040000,SELL,true,
6208213919,73116.00000000,0.00040000,SELL,true,
6208213920,73116.00000000,0.00040000,SELL,true,
6208213921,73116.00000000,0.00007000,SELL,true,
6208213922,73116.00000000,0.00008000,SELL,true,
6208213923,73116.00000000,0.00007000,SELL,true,
6208213924,73116.00000000,0.00008000,SELL,true,
6208213925,73116.00000000,0.00008000,SELL,true,
6208213926,73116.00000000,0.00008000,SELL,true,
6208213927,73116.00000000,0.00008000,SELL,true,
6208213928,73116.00000000,0.00008000,SELL,true,
6208213929,73116.00000000,0.00008000,SELL,true,
6208213930,73116.00000000,0.00014000,SELL,true,
6208213931,73116.00000000,0.00008000,SELL,true,
6208213932,73116.00000000,0.00008000,SELL,true,
6208213933,73116.00000000,0.00008000,SELL,true,
6208213934,73116.00000000,0.00008000,SELL,true,
6208213935,73116.00000000,0.00008000,SELL,true,
6208213936,73116.00000000,0.00008000,SELL,true,
6208213937,73116.00000000,0.00008000,SELL,true,
6208213938,73116.00000000,0.00008000,SELL,true,
6208213939,73116.00000000,0.00008000,SELL,true,
6208213940,73116.00000000,0.00008000,SELL,true,
6208213941,73116.00000000,0.00008000,SELL,true,
6208213942,73116.00000000,0.00008000,SELL,true,
6208213943,73116.00000000,0.00008000,SELL,true,
6208213944,73116.00000000,0.00007000,SELL,true,
6208213945,73116.00000000,0.00007000,SELL,true,
6208213946,73115.99000000,0.00008000,SELL,true,
6208213947,73115.99000000,0.00008000,SELL,true,
6208213948,73115.99000000,0.00008000,SELL,true,
6208213949,73115.99000000,0.00008000,SELL,true,
6208213950,73115.99000000,0.00008000,SELL,true,
6208213951,73115.99000000,0.00008000,SELL,true,
6208213952,73115.99000000,0.00008000,SELL,true,
6208213953,73115.99000000,0.00008000,SELL,true,
6208213954,73115.99000000,0.00008000,SELL,true,
6208213955,73115.99000000,0.00008000,SELL,true,
6208213956,73115.99000000,0.00008000,SELL,true,
6208213957,73115.99000000,0.00008000,SELL,true,
6208213958,73115.99000000,0.00008000,SELL,true,
6208213959,73115.93000000,0.00011000,SELL,true,
6208213960,73115.93000000,0.00007000,SELL,true,
6208213961,73115.93000000,0.00007000,SELL,true,
6208213962,73115.93000000,0.00008000,SELL,true,
6208213963,73115.93000000,0.00008000,SELL,true,
6208213964,73115.93000000,0.00007000,SELL,true,
6208213965,73115.93000000,0.00014000,SELL,true,
6208213966,73115.93000000,0.00008000,SELL,true,
6208213967,73115.93000000,0.00008000,SELL,true,
6208213968,73115.93000000,0.00008000,SELL,true,
6208213969,73115.93000000,0.00008000,SELL,true,
6208213970,73115.93000000,0.00008000,SELL,true,
6208213971,73115.93000000,0.00008000,SELL,true,
6208213972,73115.93000000,0.00008000,SELL,true,
6208213973,73115.93000000,0.00008000,SELL,true,
6208213974,73115.93000000,0.00007000,SELL,true,
6208213975,73115.93000000,0.00007000,SELL,true,
6208213976,73115.93000000,0.00007000,SELL,true,
6208213977,73115.92000000,0.00008000,SELL,true,
6208213978,73115.92000000,0.00008000,SELL,true,
6208213979,73115.92000000,0.00008000,SELL,true,
6208213980,73115.92000000,0.00008000,SELL,true,
6208213981,73115.92000000,0.00008000,SELL,true,
6208213982,73115.92000000,0.00008000,SELL,true,
6208213983,73115.92000000,0.00008000,SELL,true,
6208213984,73115.92000000,0.00008000,SELL,true,
6208213985,73115.89000000,0.00231000,SELL,true,
6208213986,73115.85000000,0.00011000,SELL,true,
6208213987,73115.28000000,0.00007000,SELL,true,
6208213988,73115.16000000,0.00008000,SELL,true,
6208213989,73114.47000000,0.00008000,SELL,true,
6208213990,73114.46000000,0.02261000,SELL,true,LARGE
6208213991,73114.46000000,0.00008000,SELL,true,
6208213992,73114.34000000,0.00007000,SELL,true,
6208213993,73114.16000000,0.00069000,SELL,true,
6208213994,73114.13000000,0.00008000,SELL,true,
6208213995,73114.12000000,0.00263000,SELL,true,
6208213996,73114.12000000,0.00008000,SELL,true,
6208213997,73114.12000000,0.00007000,SELL,true,
6208213998,73114.12000000,0.06022000,SELL,true,LARGE
6208213999,73114.13000000,0.00009000,BUY,false,
6208214000,73114.12000000,0.00010000,SELL,true,
6208214001,73114.13000000,0.00068000,BUY,false,
6208214002,73114.12000000,0.00014000,SELL,true,
6208214003,73114.12000000,0.00008000,SELL,true,
6208214004,73114.12000000,0.00014000,SELL,true,
6208214005,73114.12000000,0.00008000,SELL,true,
6208214006,73114.12000000,0.00007000,SELL,true,
6208214007,73114.12000000,0.00008000,SELL,true,
6208214008,73114.12000000,0.00036000,SELL,true,
6208214009,73114.12000000,0.00146000,SELL,true,
6208214010,73114.12000000,0.00007000,SELL,true,
6208214011,73114.12000000,0.00007000,SELL,true,
6208214012,73114.12000000,0.00008000,SELL,true,
6208214013,73114.12000000,0.00007000,SELL,true,
6208214014,73114.12000000,0.00008000,SELL,true,
6208214015,73114.12000000,0.00008000,SELL,true,
6208214016,73114.12000000,0.00008000,SELL,true,
6208214017,73114.12000000,0.00014000,SELL,true,
6208214018,73114.12000000,0.00007000,SELL,true,
6208214019,73114.12000000,0.00007000,SELL,true,
6208214020,73114.12000000,0.00007000,SELL,true,
6208214021,73114.12000000,0.00007000,SELL,true,
6208214022,73114.12000000,0.00007000,SELL,true,
6208214023,73114.11000000,0.00008000,SELL,true,
6208214024,73114.11000000,0.00008000,SELL,true,
6208214025,73114.11000000,0.00008000,SELL,true,
6208214026,73114.11000000,0.00008000,SELL,true,
6208214027,73114.11000000,0.00008000,SELL,true,
6208214028,73114.00000000,0.00040000,SELL,true,
6208214029,73114.00000000,0.00040000,SELL,true,
6208214030,73114.00000000,0.00040000,SELL,true,
6208214031,73113.94000000,0.00008000,SELL,true,
6208214032,73113.20000000,0.00347000,SELL,true,LARGE
6208214033,73112.88000000,0.00545000,BUY,false,LARGE
6208214034,73112.87000000,0.00008000,SELL,true,
6208214035,73112.87000000,0.00007000,SELL,true,
6208214036,73112.87000000,0.00002000,SELL,true,
6208214037,73112.87000000,0.00012000,SELL,true,
6208214038,73112.87000000,0.00007000,SELL,true,
6208214039,73112.87000000,0.00183000,SELL,true,
6208214040,73112.87000000,0.00007000,SELL,true,
6208214041,73112.87000000,0.00007000,SELL,true,
6208214042,73112.87000000,0.00007000,SELL,true,
6208214043,73112.87000000,0.00007000,SELL,true,
6208214044,73112.87000000,0.00007000,SELL,true,
6208214045,73112.87000000,0.00008000,SELL,true,
6208214046,73112.87000000,0.00007000,SELL,true,
6208214047,73112.87000000,0.00007000,SELL,true,
6208214048,73112.87000000,0.00007000,SELL,true,
6208214049,73112.87000000,0.00007000,SELL,true,
6208214050,73112.87000000,0.00007000,SELL,true,
6208214051,73112.87000000,0.00007000,SELL,true,
6208214052,73112.87000000,0.00007000,SELL,true,
6208214053,73112.86000000,0.00008000,SELL,true,
6208214054,73112.86000000,0.00008000,SELL,true,
6208214055,73112.40000000,0.00008000,SELL,true,
6208214056,73112.13000000,0.00007000,SELL,true,
6208214057,73112.00000000,0.00040000,SELL,true,
6208214058,73112.00000000,0.00040000,SELL,true,
6208214059,73112.00000000,0.00040000,SELL,true,
6208214060,73111.81000000,0.00007000,SELL,true,
6208214061,73111.72000000,0.00007000,SELL,true,
6208214062,73110.57000000,0.00083000,SELL,true,
6208214063,73110.00000000,0.00040000,SELL,true,
6208214064,73110.00000000,0.00040000,SELL,true,
6208214065,73110.00000000,0.00040000,SELL,true,
6208214066,73109.64000000,0.00008000,SELL,true,
6208214067,73109.41000000,0.00054000,SELL,true,
6208214068,73108.47000000,0.00137000,SELL,true,
6208214069,73108.16000000,0.00462000,SELL,true,LARGE
6208214070,73108.16000000,0.00007000,SELL,true,
6208214071,73108.00000000,0.00040000,SELL,true,
6208214072,73108.00000000,0.00040000,SELL,true,
6208214073,73108.00000000,0.00040000,SELL,true,
6208214074,73107.91000000,0.00007000,SELL,true,
6208214075,73106.88000000,0.00008000,SELL,true,
6208214076,73106.76000000,0.00008000,SELL,true,
6208214077,73106.66000000,0.00014000,SELL,true,
6208214078,73106.00000000,0.00040000,SELL,true,
6208214079,73106.00000000,0.00040000,SELL,true,
6208214080,73106.00000000,0.00040000,SELL,true,
6208214081,73105.89000000,0.00007000,SELL,true,
6208214082,73105.58000000,0.00347000,SELL,true,
6208214083,73105.55000000,0.00300000,SELL,true,
6208214084,73104.69000000,0.00007000,SELL,true,
6208214085,73104.60000000,0.00007000,SELL,true,
6208214086,73104.50000000,0.00008000,SELL,true,
6208214087,73104.49000000,0.00014000,SELL,true,
6208214088,73104.40000000,0.00029000,SELL,true,
6208214089,73104.23000000,0.00008000,SELL,true,
6208214090,73104.22000000,0.01400000,SELL,true,LARGE
6208214091,73104.22000000,0.00008000,SELL,true,
6208214092,73104.15000000,0.00007000,SELL,true,
6208214093,73104.12000000,0.00008000,SELL,true,
6208214094,73104.09000000,0.00023000,SELL,true,
6208214095,73104.00000000,0.00040000,SELL,true,
6208214096,73104.00000000,0.00040000,SELL,true,
6208214097,73104.00000000,0.00040000,SELL,true,
6208214098,73103.77000000,0.00136000,SELL,true,
6208214099,73103.76000000,0.00008000,SELL,true,
6208214100,73103.75000000,0.00741000,SELL,true,LARGE
6208214101,73103.75000000,0.00008000,SELL,true,
6208214102,73103.26000000,0.00083000,SELL,true,
6208214103,73102.46000000,0.00008000,SELL,true,
6208214104,73102.45000000,0.01390000,SELL,true,LARGE
6208214105,73102.45000000,0.00008000,SELL,true,
6208214106,73102.42000000,0.00014000,SELL,true,
6208214107,73102.20000000,0.00009000,SELL,true,
6208214108,73102.00000000,0.00040000,SELL,true,
6208214109,73102.00000000,0.00040000,SELL,true,
6208214110,73102.00000000,0.00040000,SELL,true,
6208214111,73101.52000000,0.00008000,SELL,true,
6208214112,73101.51000000,0.01145000,SELL,true,LARGE
6208214113,73101.51000000,0.00008000,SELL,true,
6208214114,73101.49000000,0.00767000,SELL,true,LARGE
6208214115,73101.49000000,0.00008000,SELL,true,
6208214116,73101.36000000,0.00008000,SELL,true,
6208214117,73101.25000000,0.00011000,SELL,true,
6208214118,73101.20000000,0.00008000,SELL,true,
6208214119,73101.19000000,0.00008000,SELL,true,
6208214120,73101.19000000,0.17881000,SELL,true,LARGE
6208214121,73101.19000000,0.00008000,SELL,true,
6208214122,73101.18000000,0.02000000,SELL,true,LARGE
6208214123,73101.18000000,0.00300000,SELL,true,
6208214124,73101.16000000,0.00137000,SELL,true,
6208214125,73101.04000000,0.00007000,SELL,true,
6208214126,73100.63000000,0.19800000,SELL,true,LARGE
6208214127,73100.51000000,0.00986000,SELL,true,
6208214128,73100.38000000,0.00007000,SELL,true,
6208214129,73100.01000000,0.00009000,SELL,true,
6208214130,73100.00000000,0.00040000,SELL,true,
6208214131,73100.00000000,0.00040000,SELL,true,
6208214132,73100.00000000,0.00040000,SELL,true,
6208214133,73100.00000000,0.00021000,SELL,true,
6208214134,73100.00000000,0.00021000,SELL,true,
6208214135,73100.00000000,0.00021000,SELL,true,
6208214136,73100.00000000,0.00021000,SELL,true,
6208214137,73100.00000000,0.00021000,SELL,true,
6208214138,73100.00000000,0.00021000,SELL,true,
6208214139,73100.00000000,0.00020000,SELL,true,
6208214140,73100.00000000,0.00020000,SELL,true,
6208214141,73100.00000000,0.00020000,SELL,true,
6208214142,73100.00000000,0.00020000,SELL,true,
6208214143,73100.00000000,0.00015000,SELL,true,
6208214144,73100.00000000,0.00015000,SELL,true,
6208214145,73100.00000000,0.00015000,SELL,true,
6208214146,73100.00000000,0.00015000,SELL,true,
6208214147,73100.00000000,0.00015000,SELL,true,
6208214148,73100.00000000,0.00015000,SELL,true,
6208214149,73100.00000000,0.00015000,SELL,true,
6208214150,73100.00000000,0.00015000,SELL,true,
6208214151,73099.75000000,0.00008000,SELL,true,
6208214152,73099.75000000,0.00009000,SELL,true,
6208214153,73099.76000000,0.00094000,BUY,false,
6208214154,73099.76000000,0.04052000,BUY,false,LARGE
6208214155,73099.76000000,0.02787000,BUY,false,LARGE
6208214156,73099.75000000,0.00014000,SELL,true,
6208214157,73099.76000000,0.00060000,BUY,false,
6208214158,73099.75000000,0.00845000,SELL,true,
6208214159,73099.75000000,0.13442000,SELL,true,LARGE
6208214160,73099.75000000,0.03960000,SELL,true,LARGE
6208214161,73099.75000000,0.00007000,SELL,true,
6208214162,73099.75000000,0.03166000,SELL,true,LARGE
6208214163,73099.76000000,0.00027000,BUY,false,
6208214164,73099.76000000,0.00072000,BUY,false,
6208214165,73099.76000000,0.00026000,BUY,false,
6208214166,73099.75000000,0.00044000,SELL,true,
6208214167,73099.76000000,0.01372000,BUY,false,
6208214168,73099.76000000,0.00158000,BUY,false,
6208214169,73099.75000000,0.00151000,SELL,true,
6208214170,73099.76000000,0.00673000,BUY,false,
6208214171,73099.76000000,0.00144000,BUY,false,
6208214172,73099.76000000,0.00006000,BUY,false,
6208214173,73099.75000000,0.00672000,SELL,true,
6208214174,73099.76000000,0.00041000,BUY,false,
6208214175,73099.75000000,0.00053000,SELL,true,
6208214176,73099.75000000,0.00441000,SELL,true,
6208214177,73099.76000000,0.00092000,BUY,false,
6208214178,73099.75000000,0.07923000,SELL,true,LARGE
6208214179,73099.75000000,0.13396000,SELL,true,LARGE
6208214180,73099.75000000,0.44243000,SELL,true,LARGE
6208214181,73099.75000000,0.11558000,SELL,true,LARGE
6208214182,73099.75000000,0.01091000,SELL,true,
6208214183,73099.75000000,0.03072000,SELL,true,
6208214184,73099.75000000,0.11957000,SELL,true,LARGE
6208214185,73099.75000000,0.00094000,SELL,true,
6208214186,73099.75000000,0.06836000,SELL,true,LARGE
6208214187,73099.75000000,0.02022000,SELL,true,
6208214188,73099.76000000,0.00203000,BUY,false,
6208214189,73099.75000000,0.00021000,SELL,true,
6208214190,73099.75000000,0.01247000,SELL,true,
6208214191,73099.75000000,0.00007000,SELL,true,
6208214192,73099.75000000,0.00014000,SELL,true,
6208214193,73099.75000000,0.04732000,SELL,true,
6208214194,73099.75000000,0.00418000,SELL,true,
6208214195,73099.76000000,0.00069000,BUY,false,
6208214196,73099.76000000,0.00078000,BUY,false,
6208214197,73099.76000000,0.00019000,BUY,false,
6208214198,73099.75000000,0.00014000,SELL,true,
6208214199,73099.75000000,0.00014000,SELL,true,
6208214200,73099.75000000,0.00007000,SELL,true,
6208214201,73099.75000000,0.00008000,SELL,true,
6208214202,73099.75000000,0.00008000,SELL,true,
6208214203,73099.75000000,0.00007000,SELL,true,
6208214204,73099.75000000,0.00008000,SELL,true,
6208214205,73099.75000000,0.00008000,SELL,true,
6208214206,73099.75000000,0.00007000,SELL,true,
6208214207,73099.75000000,0.00007000,SELL,true,
6208214208,73099.75000000,0.01309000,SELL,true,
6208214209,73099.76000000,0.00156000,BUY,false,
6208214210,73099.76000000,0.00156000,BUY,false,
6208214211,73099.76000000,0.00014000,BUY,false,
6208214212,73099.76000000,0.00011000,BUY,false,
6208214213,73099.76000000,0.00241000,BUY,false,
6208214214,73099.76000000,0.00102000,BUY,false,
6208214215,73099.76000000,0.00047000,BUY,false,
6208214216,73099.75000000,0.00007000,SELL,true,
6208214217,73099.75000000,0.00007000,SELL,true,
6208214218,73099.76000000,0.00018000,BUY,false,
6208214219,73099.75000000,0.00007000,SELL,true,
6208214220,73099.75000000,0.00008000,SELL,true,
6208214221,73099.75000000,0.00008000,SELL,true,
6208214222,73099.75000000,0.00008000,SELL,true,
6208214223,73099.75000000,0.00014000,SELL,true,
6208214224,73099.75000000,0.00008000,SELL,true,
6208214225,73099.75000000,0.00005000,SELL,true,
6208214226,73099.76000000,0.00158000,BUY,false,
6208214227,73099.76000000,0.00041000,BUY,false,
6208214228,73099.76000000,0.00030000,BUY,false,
6208214229,73099.75000000,0.00003000,SELL,true,
6208214230,73099.75000000,0.00007000,SELL,true,
6208214231,73099.75000000,0.00007000,SELL,true,
6208214232,73099.75000000,0.00008000,SELL,true,
6208214233,73099.75000000,0.00008000,SELL,true,
6208214234,73099.75000000,0.00008000,SELL,true,
6208214235,73099.75000000,0.00008000,SELL,true,
6208214236,73099.75000000,0.00014000,SELL,true,
6208214237,73099.75000000,0.00007000,SELL,true,
6208214238,73099.75000000,0.00007000,SELL,true,
6208214239,73099.75000000,0.00007000,SELL,true,
6208214240,73099.75000000,0.00007000,SELL,true,
6208214241,73099.75000000,0.00007000,SELL,true,
6208214242,73099.74000000,0.00012000,SELL,true,
6208214243,73099.74000000,0.00008000,SELL,true,
6208214244,73099.74000000,0.00008000,SELL,true,
6208214245,73099.74000000,0.00008000,SELL,true,
6208214246,73099.74000000,0.00008000,SELL,true,
6208214247,73099.74000000,0.00008000,SELL,true,
6208214248,73099.74000000,0.00008000,SELL,true,
6208214249,73099.58000000,0.00008000,SELL,true,
6208214250,73098.76000000,0.00346000,SELL,true,
6208214251,73098.76000000,0.00007000,SELL,true,
6208214252,73098.76000000,0.00008000,SELL,true,
6208214253,73098.76000000,0.00008000,SELL,true,
6208214254,73098.76000000,0.00008000,SELL,true,
6208214255,73098.76000000,0.00014000,SELL,true,
6208214256,73098.76000000,0.00008000,SELL,true,
6208214257,73098.76000000,0.00008000,SELL,true,
6208214258,73098.76000000,0.00008000,SELL,true,
6208214259,73098.76000000,0.00008000,SELL,true,
6208214260,73098.76000000,0.00007000,SELL,true,
6208214261,73098.76000000,0.00008000,SELL,true,
6208214262,73098.76000000,0.00007000,SELL,true,
6208214263,73098.76000000,0.00007000,SELL,true,
6208214264,73098.76000000,0.00007000,SELL,true,
6208214265,73098.76000000,0.00007000,SELL,true,
6208214266,73098.75000000,0.00008000,SELL,true,
6208214267,73098.75000000,0.00008000,SELL,true,
6208214268,73098.75000000,0.00008000,SELL,true,
6208214269,73098.75000000,0.00008000,SELL,true,
6208214270,73098.75000000,0.00008000,SELL,true,
6208214271,73098.75000000,0.00008000,SELL,true,
6208214272,73098.75000000,0.00008000,SELL,true,
6208214273,73098.75000000,0.00008000,SELL,true,
6208214274,73098.75000000,0.00008000,SELL,true,
6208214275,73098.60000000,0.00008000,SELL,true,
6208214276,73098.01000000,0.00010000,BUY,false,
6208214277,73098.01000000,0.00021000,BUY,false,
6208214278,73098.01000000,0.00211000,BUY,false,
6208214279,73098.01000000,0.00011000,BUY,false,
6208214280,73098.01000000,0.00020000,BUY,false,
6208214281,73098.01000000,0.00033000,BUY,false,
6208214282,73098.01000000,0.00017000,BUY,false,
6208214283,73098.01000000,0.00017000,BUY,false,
6208214284,73098.00000000,0.00008000,SELL,true,
6208214285,73098.01000000,0.00014000,BUY,false,
6208214286,73098.01000000,0.00035000,BUY,false,
6208214287,73098.00000000,0.00032000,SELL,true,
6208214288,73098.00000000,0.00040000,SELL,true,
6208214289,73098.00000000,0.00040000,SELL,true,
6208214290,73098.00000000,0.00007000,SELL,true,
6208214291,73098.00000000,0.00008000,SELL,true,
6208214292,73098.00000000,0.00010000,SELL,true,
6208214293,73098.01000000,0.00055000,BUY,false,
6208214294,73098.01000000,0.00096000,BUY,false,
6208214295,73098.01000000,0.01611000,BUY,false,LARGE
6208214296,73098.01000000,0.00011000,BUY,false,
6208214297,73098.01000000,0.00301000,BUY,false,LARGE
6208214298,73098.01000000,0.00201000,BUY,false,LARGE
6208214299,73098.00000000,0.00004000,SELL,true,
6208214300,73098.00000000,0.00008000,SELL,true,
6208214301,73098.00000000,0.00007000,SELL,true,
6208214302,73098.00000000,0.00008000,SELL,true,
6208214303,73098.00000000,0.00008000,SELL,true,
6208214304,73098.00000000,0.00008000,SELL,true,
6208214305,73098.00000000,0.00008000,SELL,true,
6208214306,73098.00000000,0.00002000,SELL,true,
6208214307,73098.01000000,0.00052000,BUY,false,
6208214308,73098.01000000,0.00069000,BUY,false,
6208214309,73098.01000000,0.00064000,BUY,false,
6208214310,73098.01000000,0.00068000,BUY,false,
6208214311,73098.01000000,0.00038000,BUY,false,
6208214312,73098.01000000,0.00010000,BUY,false,
6208214313,73098.00000000,0.00005000,SELL,true,
6208214314,73098.00000000,0.00007000,SELL,true,
6208214315,73098.00000000,0.00007000,SELL,true,
6208214316,73098.00000000,0.00008000,SELL,true,
6208214317,73098.00000000,0.00010000,SELL,true,
6208214318,73098.00000000,0.00007000,SELL,true,
6208214319,73098.00000000,0.00008000,SELL,true,
6208214320,73098.00000000,0.00008000,SELL,true,
6208214321,73098.00000000,0.00008000,SELL,true,
6208214322,73098.00000000,0.00008000,SELL,true,
6208214323,73098.00000000,0.00008000,SELL,true,
6208214324,73098.00000000,0.00007000,SELL,true,
6208214325,73098.00000000,0.00007000,SELL,true,
6208214326,73098.00000000,0.00007000,SELL,true,
6208214327,73098.00000000,0.00007000,SELL,true,
6208214328,73098.00000000,0.00007000,SELL,true,
6208214329,73098.00000000,0.00007000,SELL,true,
6208214330,73097.99000000,0.00008000,SELL,true,
6208214331,73097.99000000,0.00008000,SELL,true,
6208214332,73097.99000000,0.00008000,SELL,true,
6208214333,73097.99000000,0.00008000,SELL,true,
6208214334,73097.99000000,0.00008000,SELL,true,
6208214335,73097.99000000,0.00008000,SELL,true,
6208214336,73097.99000000,0.00008000,SELL,true,
6208214337,73097.60000000,0.00260000,SELL,true,LARGE
6208214338,73097.48000000,0.00007000,SELL,true,
6208214339,73096.66000000,0.00102000,BUY,false,
6208214340,73096.66000000,0.00191000,BUY,false,LARGE
6208214341,73096.66000000,0.00273000,BUY,false,LARGE
6208214342,73096.65000000,0.00462000,SELL,true,LARGE
6208214343,73096.65000000,0.00008000,SELL,true,
6208214344,73096.65000000,0.00008000,SELL,true,
6208214345,73096.65000000,0.00014000,SELL,true,
6208214346,73096.65000000,0.00007000,SELL,true,
6208214347,73096.65000000,0.00007000,SELL,true,
6208214348,73096.65000000,0.00008000,SELL,true,
6208214349,73096.65000000,0.00008000,SELL,true,
6208214350,73096.65000000,0.00008000,SELL,true,
6208214351,73096.65000000,0.00007000,SELL,true,
6208214352,73096.65000000,0.00014000,SELL,true,
6208214353,73096.65000000,0.00007000,SELL,true,
6208214354,73096.65000000,0.00007000,SELL,true,
6208214355,73096.65000000,0.00007000,SELL,true,
6208214356,73096.65000000,0.00007000,SELL,true,
6208214357,73096.65000000,0.00007000,SELL,true,
6208214358,73096.65000000,0.00007000,SELL,true,
6208214359,73096.65000000,0.00007000,SELL,true,
6208214360,73096.64000000,0.00008000,SELL,true,
6208214361,73096.64000000,0.00008000,SELL,true,
6208214362,73096.64000000,0.00008000,SELL,true,
6208214363,73096.64000000,0.00008000,SELL,true,
6208214364,73096.64000000,0.00008000,SELL,true,
6208214365,73096.00000000,0.00040000,SELL,true,
6208214366,73096.00000000,0.00040000,SELL,true,
6208214367,73096.00000000,0.00040000,SELL,true,
6208214368,73095.95000000,0.00083000,SELL,true,
6208214369,73095.84000000,0.00008000,SELL,true,
6208214370,73095.56000000,0.00231000,SELL,true,LARGE
6208214371,73094.00000000,0.00040000,SELL,true,
6208214372,73094.00000000,0.00040000,SELL,true,
6208214373,73094.00000000,0.00040000,SELL,true,
6208214374,73093.92000000,0.00007000,SELL,true,
6208214375,73093.23000000,0.00152000,SELL,true,
6208214376,73093.08000000,0.00008000,SELL,true,
6208214377,73093.08000000,0.00007000,SELL,true,
6208214378,73093.08000000,0.00007000,SELL,true,
6208214379,73092.54000000,0.00008000,SELL,true,
6208214380,73092.53000000,0.01345000,SELL,true,LARGE
6208214381,73092.54000000,0.00489000,BUY,false,LARGE
6208214382,73092.53000000,0.00684000,SELL,true,LARGE
6208214383,73092.54000000,0.00049000,BUY,false,
6208214384,73092.54000000,0.00021000,BUY,false,
6208214385,73092.54000000,0.00069000,BUY,false,
6208214386,73092.54000000,0.00011000,BUY,false,
6208214387,73092.53000000,0.00034000,SELL,true,
6208214388,73092.54000000,0.00085000,BUY,false,
6208214389,73092.54000000,0.00017000,BUY,false,
6208214390,73092.54000000,0.00079000,BUY,false,
6208214391,73092.54000000,0.00011000,BUY,false,
6208214392,73092.54000000,0.00007000,BUY,false,
6208214393,73092.54000000,0.00014000,BUY,false,
6208214394,73092.54000000,0.00014000,BUY,false,
6208214395,73092.54000000,0.00167000,BUY,false,
6208214396,73092.54000000,0.00007000,BUY,false,
6208214397,73092.54000000,0.00699000,BUY,false,LARGE
6208214398,73092.54000000,0.00069000,BUY,false,
6208214399,73092.54000000,0.00048000,BUY,false,
6208214400,73092.54000000,0.00007000,BUY,false,
6208214401,73092.54000000,0.00008000,BUY,false,
6208214402,73092.54000000,0.00026000,BUY,false,
6208214403,73092.54000000,0.01000000,BUY,false,LARGE
6208214404,73092.54000000,0.00014000,BUY,false,
6208214405,73092.54000000,0.00017000,BUY,false,
6208214406,73092.54000000,0.00189000,BUY,false,
6208214407,73092.54000000,0.00008000,BUY,false,
6208214408,73092.54000000,0.01300000,BUY,false,LARGE
6208214409,73092.54000000,0.01000000,BUY,false,LARGE
6208214410,73092.54000000,0.01300000,BUY,false,LARGE
6208214411,73092.54000000,0.01300000,BUY,false,LARGE
6208214412,73092.54000000,0.01300000,BUY,false,LARGE
6208214413,73092.54000000,0.01400000,BUY,false,LARGE
6208214414,73092.54000000,0.01111000,BUY,false,LARGE
6208214415,73092.54000000,0.00189000,BUY,false,
6208214416,73092.54000000,0.01300000,BUY,false,LARGE
6208214417,73092.54000000,0.01300000,BUY,false,LARGE
6208214418,73092.54000000,0.01300000,BUY,false,LARGE
6208214419,73092.54000000,0.01300000,BUY,false,LARGE
6208214420,73092.54000000,0.01300000,BUY,false,LARGE
6208214421,73092.54000000,0.00151000,BUY,false,
6208214422,73092.54000000,0.01249000,BUY,false,LARGE
6208214423,73092.54000000,0.01300000,BUY,false,LARGE
6208214424,73092.54000000,0.01300000,BUY,false,LARGE
6208214425,73092.54000000,0.01300000,BUY,false,LARGE
6208214426,73092.54000000,0.01300000,BUY,false,LARGE
6208214427,73092.54000000,0.01000000,BUY,false,LARGE
6208214428,73092.54000000,0.01300000,BUY,false,LARGE
6208214429,73092.54000000,0.00008000,BUY,false,
6208214430,73092.54000000,0.00008000,BUY,false,
6208214431,73092.54000000,0.00008000,BUY,false,
6208214432,73092.54000000,0.00383000,BUY,false,
6208214433,73092.54000000,0.00007000,BUY,false,
6208214434,73092.54000000,0.00007000,BUY,false,
6208214435,73092.54000000,0.00007000,BUY,false,
6208214436,73092.54000000,0.00014000,BUY,false,
6208214437,73092.54000000,0.00008000,BUY,false,
6208214438,73092.54000000,0.00007000,BUY,false,
6208214439,73092.54000000,0.00007000,BUY,false,
6208214440,73092.54000000,0.00007000,BUY,false,
6208214441,73092.54000000,0.00007000,BUY,false,
6208214442,73092.54000000,0.00007000,BUY,false,
6208214443,73092.54000000,0.00007000,BUY,false,
6208214444,73092.54000000,0.00007000,BUY,false,
6208214445,73092.54000000,0.00007000,BUY,false,
6208214446,73092.54000000,0.00007000,BUY,false,
6208214447,73092.55000000,0.00008000,BUY,false,
6208214448,73092.55000000,0.00007000,BUY,false,
6208214449,73092.55000000,0.00008000,BUY,false,
6208214450,73092.55000000,0.00008000,BUY,false,
6208214451,73092.55000000,0.00008000,BUY,false,
6208214452,73092.55000000,0.00007000,BUY,false,
6208214453,73092.60000000,0.00007000,BUY,false,
6208214454,73092.60000000,0.00007000,BUY,false,
6208214455,73092.68000000,0.00008000,BUY,false,
6208214456,73093.79000000,0.00487000,BUY,false,
6208214457,73093.92000000,0.00007000,BUY,false,
6208214458,73094.15000000,0.00219000,BUY,false,
6208214459,73096.00000000,0.00040000,BUY,false,
6208214460,73096.00000000,0.00007000,BUY,false,
6208214461,73096.00000000,0.00008000,BUY,false,
6208214462,73096.00000000,0.00008000,BUY,false,
6208214463,73096.00000000,0.00008000,BUY,false,
6208214464,73096.00000000,0.00014000,BUY,false,
6208214465,73096.00000000,0.00007000,BUY,false,
6208214466,73096.00000000,0.00287000,BUY,false,
6208214467,73096.00000000,0.00008000,BUY,false,
6208214468,73096.00000000,0.00008000,BUY,false,
6208214469,73096.00000000,0.00008000,BUY,false,
6208214470,73096.00000000,0.00008000,BUY,false,
6208214471,73096.00000000,0.00007000,BUY,false,
6208214472,73096.00000000,0.00007000,BUY,false,
6208214473,73096.01000000,0.00008000,BUY,false,
6208214474,73096.01000000,0.00008000,BUY,false,
6208214475,73096.01000000,0.00008000,BUY,false,
6208214476,73096.01000000,0.00008000,BUY,false,
6208214477,73096.01000000,0.00008000,BUY,false,
6208214478,73096.01000000,0.00008000,BUY,false,
6208214479,73096.01000000,0.00008000,BUY,false,
6208214480,73096.65000000,0.00008000,BUY,false,
6208214481,73096.65000000,0.00008000,BUY,false,
6208214482,73096.66000000,0.00014000,BUY,false,
6208214483,73096.66000000,0.00007000,BUY,false,
6208214484,73096.66000000,0.00259000,BUY,false,
6208214485,73096.66000000,0.01200000,BUY,false,LARGE
6208214486,73096.66000000,0.01200000,BUY,false,LARGE
6208214487,73096.66000000,0.00007000,BUY,false,
6208214488,73096.66000000,0.00008000,BUY,false,
6208214489,73096.66000000,0.00008000,BUY,false,
6208214490,73096.66000000,0.00007000,BUY,false,
6208214491,73096.66000000,0.00007000,BUY,false,
6208214492,73096.66000000,0.00007000,BUY,false,
6208214493,73096.66000000,0.00008000,BUY,false,
6208214494,73096.66000000,0.00014000,BUY,false,
6208214495,73096.66000000,0.00008000,BUY,false,
6208214496,73096.66000000,0.00008000,BUY,false,
6208214497,73096.66000000,0.00008000,BUY,false,
6208214498,73096.66000000,0.00008000,BUY,false,
6208214499,73096.66000000,0.00008000,BUY,false,
6208214500,73096.66000000,0.00008000,BUY,false,
6208214501,73096.66000000,0.00007000,BUY,false,
6208214502,73096.66000000,0.00008000,BUY,false,
6208214503,73096.66000000,0.00008000,BUY,false,
6208214504,73096.66000000,0.00008000,BUY,false,
6208214505,73096.66000000,0.00008000,BUY,false,
6208214506,73096.66000000,0.00216000,BUY,false,
6208214507,73096.66000000,0.00008000,BUY,false,
6208214508,73096.66000000,0.00008000,BUY,false,
6208214509,73096.66000000,0.00007000,BUY,false,
6208214510,73096.66000000,0.00007000,BUY,false,
6208214511,73096.66000000,0.00007000,BUY,false,
6208214512,73096.66000000,0.00007000,BUY,false,
6208214513,73096.66000000,0.00007000,BUY,false,
6208214514,73096.66000000,0.00007000,BUY,false,
6208214515,73096.67000000,0.00008000,BUY,false,
6208214516,73096.67000000,0.00008000,BUY,false,
6208214517,73096.67000000,0.00008000,BUY,false,
6208214518,73096.67000000,0.00008000,BUY,false,
6208214519,73096.67000000,0.00008000,BUY,false,
6208214520,73096.67000000,0.00008000,BUY,false,
6208214521,73096.67000000,0.00023000,BUY,false,
6208214522,73097.25000000,0.00141000,BUY,false,
6208214523,73097.25000000,0.00345000,BUY,false,
6208214524,73097.25000000,0.00007000,BUY,false,
6208214525,73097.25000000,0.00008000,BUY,false,
6208214526,73097.25000000,0.00007000,BUY,false,
6208214527,73097.48000000,0.00007000,BUY,false,
6208214528,73097.48000000,0.00007000,BUY,false,
6208214529,73097.48000000,0.00007000,BUY,false,
6208214530,73098.00000000,0.00007000,BUY,false,
6208214531,73098.00000000,0.00008000,BUY,false,
6208214532,73098.00000000,0.00040000,BUY,false,
6208214533,73098.00000000,0.00040000,BUY,false,
6208214534,73098.00000000,0.00008000,BUY,false,
6208214535,73098.00000000,0.00007000,BUY,false,
6208214536,73098.00000000,0.00007000,BUY,false,
6208214537,73098.00000000,0.00007000,BUY,false,
6208214538,73098.00000000,0.00007000,BUY,false,
6208214539,73098.01000000,0.00007000,BUY,false,
6208214540,73098.01000000,0.00207000,BUY,false,LARGE
6208214541,73098.01000000,0.00014000,BUY,false,
6208214542,73098.01000000,0.00014000,BUY,false,
6208214543,73098.01000000,0.00164000,BUY,false,
6208214544,73098.01000000,0.01780000,BUY,false,LARGE
6208214545,73098.01000000,0.00164000,BUY,false,
6208214546,73098.01000000,0.00008000,BUY,false,
6208214547,73098.01000000,0.00014000,BUY,false,
6208214548,73098.01000000,0.00008000,BUY,false,
6208214549,73098.01000000,0.00008000,BUY,false,
6208214550,73098.01000000,0.00162000,BUY,false,
6208214551,73098.01000000,0.00008000,BUY,false,
6208214552,73098.01000000,0.00008000,BUY,false,
6208214553,73098.01000000,0.00008000,BUY,false,
6208214554,73098.01000000,0.00008000,BUY,false,
6208214555,73098.01000000,0.00007000,BUY,false,
6208214556,73098.01000000,0.00007000,BUY,false,
6208214557,73098.01000000,0.00007000,BUY,false,
6208214558,73098.01000000,0.00008000,BUY,false,
6208214559,73098.01000000,0.00008000,BUY,false,
6208214560,73098.01000000,0.00007000,BUY,false,
6208214561,73098.01000000,0.00007000,BUY,false,
6208214562,73098.01000000,0.00007000,BUY,false,
6208214563,73098.01000000,0.00007000,BUY,false,
6208214564,73098.01000000,0.00007000,BUY,false,
6208214565,73098.01000000,0.00007000,BUY,false,
6208214566,73098.01000000,0.00007000,BUY,false,
6208214567,73098.01000000,0.00007000,BUY,false,
6208214568,73098.01000000,0.00007000,BUY,false,
6208214569,73098.01000000,0.00007000,BUY,false,
6208214570,73098.01000000,0.00007000,BUY,false,
6208214571,73098.01000000,0.00007000,BUY,false,
6208214572,73098.01000000,0.00007000,BUY,false,
6208214573,73098.01000000,0.00007000,BUY,false,
6208214574,73098.01000000,0.00007000,BUY,false,
6208214575,73098.01000000,0.00007000,BUY,false,
6208214576,73098.02000000,0.00008000,BUY,false,
6208214577,73098.02000000,0.00008000,BUY,false,
6208214578,73098.02000000,0.00008000,BUY,false,
6208214579,73098.02000000,0.00008000,BUY,false,
6208214580,73098.02000000,0.00008000,BUY,false,
6208214581,73098.60000000,0.00008000,BUY,false,
6208214582,73098.77000000,0.00007000,BUY,false,
6208214583,73098.77000000,0.00007000,BUY,false,
6208214584,73098.77000000,0.00007000,BUY,false,
6208214585,73098.77000000,0.00007000,BUY,false,
6208214586,73098.77000000,0.00007000,BUY,false,
6208214587,73098.77000000,0.00007000,BUY,false,
6208214588,73098.77000000,0.00007000,BUY,false,
6208214589,73098.90000000,0.00007000,BUY,false,
6208214590,73098.90000000,0.00007000,BUY,false,
6208214591,73098.90000000,0.00007000,BUY,false,
6208214592,73098.90000000,0.00007000,BUY,false,
6208214593,73098.90000000,0.00007000,BUY,false,
6208214594,73098.91000000,0.00007000,BUY,false,
6208214595,73098.91000000,0.00007000,BUY,false,
6208214596,73098.91000000,0.00007000,BUY,false,
6208214597,73098.91000000,0.00007000,BUY,false,
6208214598,73098.91000000,0.00007000,BUY,false,
6208214599,73098.98000000,0.00007000,BUY,false,
6208214600,73098.98000000,0.00007000,BUY,false,
6208214601,73099.00000000,0.00007000,BUY,false,
6208214602,73099.00000000,0.00007000,BUY,false,
6208214603,73099.59000000,0.00007000,BUY,false,
6208214604,73099.59000000,0.00007000,BUY,false,
6208214605,73099.75000000,0.00007000,BUY,false,
6208214606,73099.75000000,0.00007000,BUY,false,
6208214607,73099.76000000,0.00007000,BUY,false,
6208214608,73099.76000000,0.00007000,BUY,false,
6208214609,73099.76000000,0.00593000,BUY,false,LARGE
6208214610,73099.76000000,0.00001000,BUY,false,
6208214611,73099.76000000,0.00007000,BUY,false,
6208214612,73099.76000000,0.00007000,BUY,false,
6208214613,73099.76000000,0.00007000,BUY,false,
6208214614,73099.76000000,0.00007000,BUY,false,
6208214615,73099.76000000,0.00014000,BUY,false,
6208214616,73099.76000000,0.00008000,BUY,false,
6208214617,73099.76000000,0.00008000,BUY,false,
6208214618,73099.76000000,0.00008000,BUY,false,
6208214619,73099.76000000,0.00008000,BUY,false,
6208214620,73099.76000000,0.00243000,BUY,false,LARGE
6208214621,73099.76000000,0.00007000,BUY,false,
6208214622,73099.76000000,0.00007000,BUY,false,
6208214623,73099.76000000,0.00007000,BUY,false,
6208214624,73099.76000000,0.00007000,BUY,false,
6208214625,73099.76000000,0.00007000,BUY,false,
6208214626,73099.76000000,0.00007000,BUY,false,
6208214627,73099.76000000,0.00007000,BUY,false,
6208214628,73099.77000000,0.00008000,BUY,false,
6208214629,73099.77000000,0.00008000,BUY,false,
6208214630,73099.77000000,0.00008000,BUY,false,
6208214631,73099.77000000,0.00008000,BUY,false,
6208214632,73099.77000000,0.00008000,BUY,false,
6208214633,73099.80000000,0.00007000,BUY,false,
6208214634,73099.80000000,0.00007000,BUY,false,
6208214635,73099.85000000,0.00300000,BUY,false,LARGE
6208214636,73099.99000000,0.00089000,SELL,true,
6208214637,73100.00000000,0.00164000,BUY,false,LARGE
6208214638,73100.00000000,0.00079000,BUY,false,
6208214639,73100.00000000,0.00007000,BUY,false,
6208214640,73100.00000000,0.00177000,BUY,false,LARGE
6208214641,73100.00000000,0.00040000,BUY,false,
6208214642,73100.00000000,0.00040000,BUY,false,
6208214643,73100.00000000,0.00040000,BUY,false,
6208214644,73100.00000000,0.00007000,BUY,false,
6208214645,73100.00000000,0.00007000,BUY,false,
6208214646,73100.00000000,0.00014000,BUY,false,
6208214647,73100.00000000,0.00008000,BUY,false,
6208214648,73100.00000000,0.00121000,BUY,false,LARGE
6208214649,73100.00000000,0.00007000,BUY,false,
6208214650,73100.00000000,0.00007000,BUY,false,
6208214651,73100.00000000,0.00008000,BUY,false,
6208214652,73100.00000000,0.00008000,BUY,false,
6208214653,73100.00000000,0.00008000,BUY,false,
6208214654,73100.00000000,0.00008000,BUY,false,
6208214655,73100.00000000,0.00007000,BUY,false,
6208214656,73100.00000000,0.00007000,BUY,false,
6208214657,73100.00000000,0.00007000,BUY,false,
6208214658,73100.00000000,0.00007000,BUY,false,
6208214659,73100.01000000,0.00008000,BUY,false,
6208214660,73100.01000000,0.00008000,BUY,false,
6208214661,73100.01000000,0.00008000,BUY,false,
6208214662,73100.01000000,0.00008000,BUY,false,
6208214663,73100.37000000,0.00007000,BUY,false,
6208214664,73101.03000000,0.00613000,BUY,false,LARGE
6208214665,73101.03000000,0.00008000,BUY,false,
6208214666,73101.04000000,0.00007000,BUY,false,
6208214667,73101.36000000,0.00008000,BUY,false,
6208214668,73102.00000000,0.00040000,BUY,false,
6208214669,73102.00000000,0.00040000,BUY,false,
6208214670,73102.00000000,0.00040000,BUY,false,
6208214671,73102.57000000,0.00007000,BUY,false,
6208214672,73103.26000000,0.00083000,BUY,false,
6208214673,73103.36000000,0.00025000,BUY,false,
6208214674,73103.93000000,0.00137000,BUY,false,LARGE
6208214675,73104.00000000,0.00040000,BUY,false,
6208214676,73104.00000000,0.00040000,BUY,false,
6208214677,73104.00000000,0.00040000,BUY,false,
6208214678,73104.12000000,0.00008000,BUY,false,
6208214679,73104.59000000,0.00008000,BUY,false,
6208214680,73104.59000000,0.00082000,SELL,true,
6208214681,73104.60000000,0.00014000,BUY,false,
6208214682,73104.60000000,0.00927000,BUY,false,LARGE
6208214683,73104.60000000,0.00847000,BUY,false,LARGE
6208214684,73104.60000000,0.01021000,BUY,false,LARGE
6208214685,73104.60000000,0.00866000,BUY,false,LARGE
6208214686,73104.60000000,0.00299000,BUY,false,LARGE
6208214687,73104.60000000,0.00008000,BUY,false,
6208214688,73104.60000000,0.00008000,BUY,false,
6208214689,73104.60000000,0.00014000,BUY,false,
6208214690,73104.60000000,0.00061000,BUY,false,
6208214691,73104.60000000,0.00014000,BUY,false,
6208214692,73104.60000000,0.00007000,BUY,false,
6208214693,73104.60000000,0.00611000,BUY,false,LARGE
6208214694,73104.60000000,0.00014000,BUY,false,
6208214695,73104.60000000,0.00008000,BUY,false,
6208214696,73104.60000000,0.00490000,BUY,false,LARGE
6208214697,73104.60000000,0.00363000,BUY,false,LARGE
6208214698,73104.60000000,0.00363000,BUY,false,LARGE
6208214699,73104.60000000,0.00058000,BUY,false,
6208214700,73104.60000000,0.01912000,BUY,false,LARGE
6208214701,73104.59000000,0.00279000,SELL,true,
6208214702,73104.59000000,0.00011000,SELL,true,
6208214703,73104.60000000,0.05334000,BUY,false,LARGE
6208214704,73104.59000000,0.11314000,SELL,true,LARGE
6208214705,73104.59000000,0.00014000,SELL,true,
6208214706,73104.59000000,0.00014000,SELL,true,
6208214707,73104.59000000,0.00014000,SELL,true,
6208214708,73104.59000000,0.00014000,SELL,true,
6208214709,73104.59000000,0.00117000,SELL,true,
6208214710,73104.59000000,0.00048000,SELL,true,
6208214711,73104.59000000,0.00007000,SELL,true,
6208214712,73104.59000000,0.00014000,SELL,true,
6208214713,73104.59000000,0.00617000,SELL,true,
6208214714,73104.59000000,0.00419000,SELL,true,
6208214715,73104.59000000,0.00135000,SELL,true,
6208214716,73104.59000000,0.00007000,SELL,true,
6208214717,73104.59000000,0.00419000,SELL,true,
6208214718,73104.59000000,0.00064000,SELL,true,
6208214719,73104.59000000,0.00008000,SELL,true,
6208214720,73104.59000000,0.00008000,SELL,true,
6208214721,73104.59000000,0.00008000,SELL,true,
6208214722,73104.59000000,0.00008000,SELL,true,
6208214723,73104.59000000,0.00008000,SELL,true,
6208214724,73104.59000000,0.12063000,SELL,true,LARGE
6208214725,73104.59000000,0.00070000,SELL,true,
6208214726,73104.59000000,0.00008000,SELL,true,
6208214727,73104.59000000,0.13296000,SELL,true,LARGE
6208214728,73104.59000000,0.00008000,SELL,true,
6208214729,73104.59000000,0.00008000,SELL,true,
6208214730,73104.59000000,0.00007000,SELL,true,
6208214731,73104.59000000,0.00419000,SELL,true,
6208214732,73104.59000000,0.00419000,SELL,true,
6208214733,73104.59000000,0.19800000,SELL,true,LARGE
6208214734,73104.59000000,0.00650000,SELL,true,
6208214735,73104.59000000,0.00007000,SELL,true,
6208214736,73104.59000000,0.00007000,SELL,true,
6208214737,73104.59000000,0.00008000,SELL,true,
6208214738,73104.59000000,0.00007000,SELL,true,
6208214739,73104.59000000,0.00008000,SELL,true,
6208214740,73104.59000000,0.00007000,SELL,true,
6208214741,73104.59000000,0.00419000,SELL,true,
6208214742,73104.59000000,0.00007000,SELL,true,
6208214743,73104.59000000,0.00419000,SELL,true,
6208214744,73104.59000000,0.00007000,SELL,true,
6208214745,73104.59000000,0.00419000,SELL,true,
6208214746,73104.59000000,0.00419000,SELL,true,
6208214747,73104.59000000,0.00007000,SELL,true,
6208214748,73104.59000000,0.00007000,SELL,true,
6208214749,73104.59000000,0.00007000,SELL,true,
6208214750,73104.59000000,0.00007000,SELL,true,
6208214751,73104.59000000,0.00419000,SELL,true,
6208214752,73104.59000000,0.00007000,SELL,true,
6208214753,73104.59000000,0.00419000,SELL,true,
6208214754,73104.59000000,0.00419000,SELL,true,
6208214755,73104.59000000,0.00419000,SELL,true,
6208214756,73104.59000000,0.00007000,SELL,true,
6208214757,73104.59000000,0.00007000,SELL,true,
6208214758,73104.59000000,0.00007000,SELL,true,
6208214759,73104.59000000,0.00007000,SELL,true,
6208214760,73104.59000000,0.00419000,SELL,true,
6208214761,73104.59000000,0.00007000,SELL,true,
6208214762,73104.59000000,0.00419000,SELL,true,
6208214763,73104.59000000,0.00419000,SELL,true,
6208214764,73104.59000000,0.00419000,SELL,true,
6208214765,73104.59000000,0.00007000,SELL,true,
6208214766,73104.59000000,0.00007000,SELL,true,
6208214767,73104.59000000,0.00007000,SELL,true,
6208214768,73104.59000000,0.00007000,SELL,true,
6208214769,73104.59000000,0.00419000,SELL,true,
6208214770,73104.59000000,0.00007000,SELL,true,
6208214771,73104.59000000,0.00419000,SELL,true,
6208214772,73104.59000000,0.00419000,SELL,true,
6208214773,73104.59000000,0.00419000,SELL,true,
6208214774,73104.59000000,0.00007000,SELL,true,
6208214775,73104.59000000,0.00007000,SELL,true,
6208214776,73104.59000000,0.00007000,SELL,true,
6208214777,73104.59000000,0.00419000,SELL,true,
6208214778,73104.59000000,0.00419000,SELL,true,
6208214779,73104.59000000,0.00419000,SELL,true,
6208214780,73104.59000000,0.00419000,SELL,true,
6208214781,73104.59000000,0.00419000,SELL,true,
6208214782,73104.59000000,0.00419000,SELL,true,
6208214783,73104.59000000,0.00419000,SELL,true,
6208214784,73104.59000000,0.00008000,SELL,true,
6208214785,73104.59000000,0.00070000,SELL,true,
6208214786,73104.59000000,0.00419000,SELL,true,
6208214787,73104.59000000,0.00419000,SELL,true,
6208214788,73104.59000000,0.00419000,SELL,true,
6208214789,73104.59000000,0.00336000,SELL,true,
6208214790,73104.59000000,0.00180000,SELL,true,
6208214791,73104.58000000,0.00008000,SELL,true,
6208214792,73104.58000000,0.00008000,SELL,true,
6208214793,73104.58000000,0.00008000,SELL,true,
6208214794,73104.58000000,0.00008000,SELL,true,
6208214795,73104.58000000,0.00008000,SELL,true,
6208214796,73104.58000000,0.00008000,SELL,true,
6208214797,73104.58000000,0.00008000,SELL,true,
6208214798,73104.58000000,0.00008000,SELL,true,
6208214799,73104.58000000,0.00008000,SELL,true,
6208214800,73104.58000000,0.00008000,SELL,true,
6208214801,73102.00000000,0.00040000,SELL,true,
6208214802,73101.95000000,0.00008000,SELL,true,
6208214803,73101.95000000,0.00008000,SELL,true,
6208214804,73101.94000000,0.04084000,SELL,true,LARGE
6208214805,73101.94000000,0.00008000,SELL,true,
6208214806,73101.11000000,0.00007000,SELL,true,
6208214807,73101.04000000,0.00007000,SELL,true,
6208214808,73100.00000000,0.00040000,SELL,true,
6208214809,73100.00000000,0.00040000,SELL,true,
6208214810,73099.99000000,0.00014000,SELL,true,
6208214811,73099.99000000,0.00014000,SELL,true,
6208214812,73099.99000000,0.00007000,SELL,true,
6208214813,73099.99000000,0.00672000,SELL,true,
6208214814,73099.99000000,0.00008000,SELL,true,
6208214815,73099.99000000,0.00014000,SELL,true,
6208214816,73099.99000000,0.00014000,SELL,true,
6208214817,73099.99000000,0.00014000,SELL,true,
6208214818,73099.99000000,0.00014000,SELL,true,
6208214819,73099.99000000,0.00007000,SELL,true,
6208214820,73099.99000000,0.00008000,SELL,true,
6208214821,73099.99000000,0.00008000,SELL,true,
6208214822,73099.99000000,0.00008000,SELL,true,
6208214823,73099.99000000,0.00008000,SELL,true,
6208214824,73099.99000000,0.00008000,SELL,true,
6208214825,73099.99000000,0.00008000,SELL,true,
6208214826,73099.99000000,0.00007000,SELL,true,
6208214827,73099.99000000,0.00007000,SELL,true,
6208214828,73099.99000000,0.00007000,SELL,true,
6208214829,73099.99000000,0.00007000,SELL,true,
6208214830,73099.99000000,0.00007000,SELL,true,
6208214831,73099.99000000,0.00007000,SELL,true,
6208214832,73099.99000000,0.00007000,SELL,true,
6208214833,73099.99000000,0.00007000,SELL,true,
6208214834,73099.98000000,0.00008000,SELL,true,
6208214835,73099.98000000,0.00008000,SELL,true,
6208214836,73099.98000000,0.00008000,SELL,true,
6208214837,73099.98000000,0.00008000,SELL,true,
6208214838,73099.98000000,0.00008000,SELL,true,
6208214839,73099.98000000,0.00008000,SELL,true,
6208214840,73099.98000000,0.00008000,SELL,true,
6208214841,73099.98000000,0.00008000,SELL,true,
6208214842,73099.84000000,0.00007000,SELL,true,
6208214843,73099.84000000,0.00007000,SELL,true,
6208214844,73099.75000000,0.00007000,SELL,true,
6208214845,73099.75000000,0.00007000,SELL,true,
6208214846,73099.75000000,0.00007000,SELL,true,
6208214847,73099.75000000,0.00008000,SELL,true,
6208214848,73099.75000000,0.00007000,SELL,true,
6208214849,73099.75000000,0.00007000,SELL,true,
6208214850,73099.75000000,0.00007000,SELL,true,
6208214851,73099.75000000,0.00007000,SELL,true,
6208214852,73099.75000000,0.00007000,SELL,true,
6208214853,73099.75000000,0.00007000,SELL,true,
6208214854,73099.75000000,0.00007000,SELL,true,
6208214855,73099.75000000,0.00007000,SELL,true,
6208214856,73099.75000000,0.00007000,SELL,true,
6208214857,73098.91000000,0.00007000,SELL,true,
6208214858,73098.60000000,0.00008000,SELL,true,
6208214859,73098.26000000,0.00007000,SELL,true,
6208214860,73098.00000000,0.00007000,SELL,true,
6208214861,73098.00000000,0.00040000,SELL,true,
6208214862,73098.00000000,0.00040000,SELL,true,
6208214863,73098.00000000,0.00040000,SELL,true,
6208214864,73098.00000000,0.00007000,SELL,true,
6208214865,73098.00000000,0.00007000,SELL,true,
6208214866,73098.00000000,0.00007000,SELL,true,
6208214867,73098.00000000,0.00007000,SELL,true,
6208214868,73097.48000000,0.00007000,SELL,true,
6208214869,73097.24000000,0.00007000,SELL,true,
6208214870,73097.24000000,0.00008000,SELL,true,
6208214871,73097.24000000,0.00007000,SELL,true,
6208214872,73097.18000000,0.00027000,SELL,true,
6208214873,73096.66000000,0.00007000,SELL,true,
6208214874,73096.66000000,0.00008000,SELL,true,
6208214875,73096.66000000,0.00007000,SELL,true,
6208214876,73096.66000000,0.00007000,SELL,true,
6208214877,73096.66000000,0.00007000,SELL,true,
6208214878,73096.66000000,0.00007000,SELL,true,
6208214879,73096.65000000,0.00007000,SELL,true,
6208214880,73096.65000000,0.00007000,SELL,true,
6208214881,73096.65000000,0.00007000,SELL,true,
6208214882,73096.65000000,0.00007000,SELL,true,
6208214883,73096.65000000,0.00007000,SELL,true,
6208214884,73096.17000000,0.00008000,SELL,true,
6208214885,73096.00000000,0.00040000,SELL,true,
6208214886,73096.00000000,0.00040000,SELL,true,
6208214887,73096.00000000,0.00040000,SELL,true,
6208214888,73095.99000000,0.00008000,SELL,true,
6208214889,73095.95000000,0.00083000,SELL,true,
6208214890,73095.84000000,0.00008000,SELL,true,
6208214891,73095.04000000,0.00007000,SELL,true,
6208214892,73094.90000000,0.00009000,SELL,true,
6208214893,73094.45000000,0.00008000,SELL,true,
6208214894,73094.44000000,0.00008000,SELL,true,
6208214895,73094.36000000,0.00008000,SELL,true,
6208214896,73094.32000000,0.00008000,SELL,true,
6208214897,73094.00000000,0.00040000,SELL,true,
6208214898,73094.00000000,0.00040000,SELL,true,
6208214899,73094.00000000,0.00040000,SELL,true,
6208214900,73093.92000000,0.00007000,SELL,true,
6208214901,73093.86000000,0.00300000,SELL,true,LARGE
6208214902,73093.65000000,0.00008000,SELL,true,
6208214903,73093.08000000,0.00008000,SELL,true,
6208214904,73092.68000000,0.00300000,SELL,true,LARGE
6208214905,73092.56000000,0.00008000,SELL,true,
6208214906,73092.55000000,0.02000000,SELL,true,LARGE
6208214907,73092.54000000,0.00008000,SELL,true,
6208214908,73092.54000000,0.04100000,BUY,false,LARGE
6208214909,73092.54000000,0.02413000,BUY,false,LARGE
6208214910,73092.53000000,0.00009000,SELL,true,
6208214911,73092.53000000,0.00139000,SELL,true,
6208214912,73092.54000000,0.00204000,BUY,false,
6208214913,73092.53000000,0.00032000,SELL,true,
6208214914,73092.53000000,0.00018000,SELL,true,
6208214915,73092.53000000,0.00016000,SELL,true,
6208214916,73092.54000000,0.00013000,BUY,false,
6208214917,73092.53000000,0.00138000,SELL,true,
6208214918,73092.53000000,0.00502000,SELL,true,LARGE
6208214919,73092.54000000,0.00684000,BUY,false,LARGE
6208214920,73092.53000000,0.00056000,SELL,true,
6208214921,73092.53000000,0.00024000,SELL,true,
6208214922,73092.54000000,0.00027000,BUY,false,
6208214923,73092.54000000,0.00138000,BUY,false,
6208214924,73092.54000000,0.00043000,BUY,false,
6208214925,73092.54000000,0.00018000,BUY,false,
6208214926,73092.54000000,0.00010000,BUY,false,
6208214927,73092.53000000,0.00682000,SELL,true,LARGE
6208214928,73092.54000000,0.00880000,BUY,false,LARGE
6208214929,73092.54000000,0.01079000,BUY,false,LARGE
6208214930,73092.54000000,0.00050000,BUY,false,
6208214931,73092.54000000,0.01012000,BUY,false,LARGE
6208214932,73092.54000000,0.00014000,BUY,false,
6208214933,73092.54000000,0.00500000,BUY,false,LARGE
6208214934,73092.54000000,0.00007000,BUY,false,
6208214935,73092.54000000,0.00401000,BUY,false,
6208214936,73092.54000000,0.00226000,BUY,false,
6208214937,73092.54000000,0.00014000,BUY,false,
6208214938,73092.54000000,0.00014000,BUY,false,
6208214939,73092.54000000,0.00142000,BUY,false,
6208214940,73092.54000000,0.00138000,BUY,false,
6208214941,73092.54000000,0.00007000,BUY,false,
6208214942,73092.54000000,0.00007000,BUY,false,
6208214943,73092.54000000,0.00465000,BUY,false,
6208214944,73092.54000000,0.00067000,BUY,false,
6208214945,73092.54000000,0.00143000,BUY,false,
6208214946,73092.54000000,0.00008000,BUY,false,
6208214947,73092.54000000,0.00007000,BUY,false,
6208214948,73092.54000000,0.00189000,BUY,false,
6208214949,73092.54000000,0.00048000,BUY,false,
6208214950,73092.54000000,0.00069000,BUY,false,
6208214951,73092.54000000,0.00008000,BUY,false,
6208214952,73092.54000000,0.00008000,BUY,false,
6208214953,73092.54000000,0.00007000,BUY,false,
6208214954,73092.54000000,0.00008000,BUY,false,
6208214955,73092.54000000,0.00008000,BUY,false,
6208214956,73092.54000000,0.00007000,BUY,false,
6208214957,73092.54000000,0.00007000,BUY,false,
6208214958,73092.54000000,0.00007000,BUY,false,
6208214959,73092.54000000,0.00014000,BUY,false,
6208214960,73092.54000000,0.00175000,BUY,false,
6208214961,73092.54000000,0.00007000,BUY,false,
6208214962,73092.54000000,0.00007000,BUY,false,
6208214963,73092.54000000,0.00007000,BUY,false,
6208214964,73092.54000000,0.00007000,BUY,false,
6208214965,73092.54000000,0.00007000,BUY,false,
6208214966,73092.54000000,0.00007000,BUY,false,
6208214967,73092.54000000,0.00007000,BUY,false,
6208214968,73092.54000000,0.00007000,BUY,false,
6208214969,73092.54000000,0.00007000,BUY,false,
6208214970,73092.54000000,0.00004000,BUY,false,
6208214971,73092.54000000,0.00003000,BUY,false,
6208214972,73092.54000000,0.00007000,BUY,false,
6208214973,73092.54000000,0.00007000,BUY,false,
6208214974,73092.54000000,0.00006000,BUY,false,
6208214975,73092.54000000,0.00001000,BUY,false,
6208214976,73092.54000000,0.00008000,BUY,false,
6208214977,73092.54000000,0.00008000,BUY,false,
6208214978,73092.54000000,0.00014000,BUY,false,
6208214979,73092.54000000,0.00007000,BUY,false,
6208214980,73092.54000000,0.00007000,BUY,false,
6208214981,73092.54000000,0.00047000,BUY,false,
6208214982,73092.54000000,0.00070000,BUY,false,
6208214983,73092.54000000,0.00008000,BUY,false,
6208214984,73092.54000000,0.00008000,BUY,false,
6208214985,73092.54000000,0.00007000,BUY,false,
6208214986,73092.54000000,0.00007000,BUY,false,
6208214987,73092.54000000,0.00014000,BUY,false,
6208214988,73092.54000000,0.00008000,BUY,false,
6208214989,73092.54000000,0.00008000,BUY,false,
6208214990,73092.54000000,0.00007000,BUY,false,
6208214991,73092.55000000,0.00008000,BUY,false,
6208214992,73092.55000000,0.00008000,BUY,false,
6208214993,73092.55000000,0.00008000,BUY,false,
6208214994,73092.55000000,0.00007000,BUY,false,
6208214995,73092.55000000,0.00008000,BUY,false,
6208214996,73092.55000000,0.00008000,BUY,false,
6208214997,73092.55000000,0.00007000,BUY,false,
6208214998,73093.92000000,0.00007000,BUY,false,
6208214999,73093.92000000,0.00014000,BUY,false,
6208215000,73093.92000000,0.00007000,BUY,false,
6208215001,73093.92000000,0.00008000,BUY,false,
6208215002,73093.92000000,0.00008000,BUY,false,
6208215003,73093.92000000,0.00008000,BUY,false,
6208215004,73093.92000000,0.00008000,BUY,false,
6208215005,73093.92000000,0.00008000,BUY,false,
6208215006,73093.92000000,0.00008000,BUY,false,
6208215007,73093.92000000,0.00007000,BUY,false,
6208215008,73093.92000000,0.00007000,BUY,false,
6208215009,73093.93000000,0.00008000,BUY,false,
6208215010,73093.93000000,0.00008000,BUY,false,
6208215011,73093.93000000,0.00008000,BUY,false,
6208215012,73093.93000000,0.00008000,BUY,false,
6208215013,73093.93000000,0.00008000,BUY,false,
6208215014,73093.93000000,0.00008000,BUY,false,
6208215015,73094.76000000,0.00137000,BUY,false,
6208215016,73094.87000000,0.00007000,BUY,false,
6208215017,73094.87000000,0.00007000,BUY,false,
6208215018,73094.87000000,0.00007000,BUY,false,
6208215019,73094.87000000,0.00007000,BUY,false,
6208215020,73094.87000000,0.00007000,BUY,false,
6208215021,73094.87000000,0.00007000,BUY,false,
6208215022,73095.23000000,0.00007000,BUY,false,
6208215023,73096.00000000,0.00040000,BUY,false,
6208215024,73096.19000000,0.00073000,BUY,false,
6208215025,73097.17000000,0.00008000,BUY,false,
6208215026,73097.17000000,0.00008000,BUY,false,
6208215027,73097.18000000,0.00007000,BUY,false,
6208215028,73097.18000000,0.00014000,BUY,false,
6208215029,73097.18000000,0.00008000,BUY,false,
6208215030,73097.18000000,0.00008000,BUY,false,
6208215031,73097.18000000,0.00007000,BUY,false,
6208215032,73097.18000000,0.00007000,BUY,false,
6208215033,73097.18000000,0.00008000,BUY,false,
6208215034,73097.18000000,0.00008000,BUY,false,
6208215035,73097.18000000,0.00008000,BUY,false,
6208215036,73097.18000000,0.00008000,BUY,false,
6208215037,73097.18000000,0.00008000,BUY,false,
6208215038,73097.18000000,0.00007000,BUY,false,
6208215039,73097.18000000,0.00007000,BUY,false,
6208215040,73097.18000000,0.00007000,BUY,false,
6208215041,73097.19000000,0.00008000,BUY,false,
6208215042,73097.19000000,0.00008000,BUY,false,
6208215043,73097.19000000,0.00008000,BUY,false,
6208215044,73097.19000000,0.00008000,BUY,false,
6208215045,73097.19000000,0.00008000,BUY,false,
6208215046,73097.19000000,0.00008000,BUY,false,
6208215047,73097.19000000,0.00008000,BUY,false,
6208215048,73097.19000000,0.00008000,BUY,false,
6208215049,73097.41000000,0.00008000,BUY,false,
6208215050,73097.42000000,0.00816000,BUY,false,LARGE
6208215051,73097.42000000,0.00008000,BUY,false,
6208215052,73097.48000000,0.00007000,BUY,false,
6208215053,73098.00000000,0.00040000,BUY,false,
6208215054,73098.00000000,0.00040000,BUY,false,
6208215055,73098.12000000,0.00025000,BUY,false,
6208215056,73098.18000000,0.00008000,BUY,false,
6208215057,73098.25000000,0.00007000,BUY,false,
6208215058,73098.58000000,0.00008000,BUY,false,
6208215059,73098.59000000,0.00008000,BUY,false,
6208215060,73098.59000000,0.00007000,BUY,false,
6208215061,73098.59000000,0.00007000,BUY,false,
6208215062,73098.60000000,0.00008000,BUY,false,
6208215063,73098.61000000,0.00007000,BUY,false,
6208215064,73098.61000000,0.00007000,BUY,false,
6208215065,73098.61000000,0.00007000,BUY,false,
6208215066,73098.61000000,0.00007000,BUY,false,
6208215067,73098.61000000,0.00007000,BUY,false,
6208215068,73098.97000000,0.00008000,BUY,false,
6208215069,73099.79000000,0.00008000,BUY,false,
6208215070,73099.85000000,0.00300000,BUY,false,LARGE
6208215071,73099.98000000,0.00008000,BUY,false,
6208215072,73099.99000000,0.00008000,BUY,false,
6208215073,73099.99000000,0.00007000,BUY,false,
6208215074,73099.99000000,0.00007000,BUY,false,
6208215075,73099.99000000,0.00007000,BUY,false,
6208215076,73099.99000000,0.00014000,BUY,false,
6208215077,73099.99000000,0.00008000,BUY,false,
6208215078,73099.99000000,0.00008000,BUY,false,
6208215079,73099.99000000,0.00720000,BUY,false,LARGE
6208215080,73099.99000000,0.00008000,BUY,false,
6208215081,73099.99000000,0.00008000,BUY,false,
6208215082,73099.99000000,0.00008000,BUY,false,
6208215083,73099.99000000,0.00008000,BUY,false,
6208215084,73099.99000000,0.00008000,BUY,false,
6208215085,73099.99000000,0.00008000,BUY,false,
6208215086,73099.99000000,0.00014000,BUY,false,
6208215087,73099.99000000,0.00007000,BUY,false,
6208215088,73099.99000000,0.00007000,BUY,false,
6208215089,73099.99000000,0.00007000,BUY,false,
6208215090,73100.00000000,0.25976000,BUY,false,LARGE
6208215091,73100.00000000,0.05886000,BUY,false,LARGE
6208215092,73100.00000000,0.11230000,BUY,false,LARGE
6208215093,73100.00000000,0.28115000,BUY,false,LARGE
6208215094,73100.00000000,0.14242000,BUY,false,LARGE
6208215095,73100.00000000,0.19844000,BUY,false,LARGE
6208215096,73100.00000000,0.00007000,BUY,false,
6208215097,73100.00000000,0.00047000,BUY,false,
6208215098,73100.00000000,0.00047000,BUY,false,
6208215099,73100.00000000,0.00188000,BUY,false,
6208215100,73100.00000000,0.00040000,BUY,false,
6208215101,73100.00000000,0.00040000,BUY,false,
6208215102,73100.00000000,0.00040000,BUY,false,
6208215103,73100.00000000,0.00008000,BUY,false,
6208215104,73100.00000000,0.00008000,BUY,false,
6208215105,73100.00000000,0.00008000,BUY,false,
6208215106,73100.00000000,0.00008000,BUY,false,
6208215107,73100.00000000,0.00008000,BUY,false,
6208215108,73100.00000000,0.00008000,BUY,false,
6208215109,73100.00000000,0.01777000,BUY,false,
6208215110,73100.00000000,0.00007000,BUY,false,
6208215111,73100.00000000,0.00007000,BUY,false,
6208215112,73100.00000000,0.00007000,BUY,false,
6208215113,73100.00000000,0.00007000,BUY,false,
6208215114,73100.27000000,0.00007000,BUY,false,
6208215115,73100.27000000,0.00007000,BUY,false,
6208215116,73101.04000000,0.00007000,BUY,false,
6208215117,73101.04000000,0.00007000,BUY,false,
6208215118,73101.04000000,0.00007000,BUY,false,
6208215119,73101.04000000,0.00492000,BUY,false,
6208215120,73101.04000000,0.00007000,BUY,false,
6208215121,73101.04000000,0.00007000,BUY,false,
6208215122,73101.04000000,0.00007000,BUY,false,
6208215123,73101.36000000,0.00008000,BUY,false,
6208215124,73101.46000000,0.00007000,BUY,false,
6208215125,73101.69000000,0.00008000,BUY,false,
6208215126,73101.79000000,0.00047000,BUY,false,
6208215127,73101.89000000,0.00011000,BUY,false,
6208215128,73102.00000000,0.00040000,BUY,false,
6208215129,73102.00000000,0.00040000,BUY,false,
6208215130,73102.00000000,0.00040000,BUY,false,
6208215131,73102.03000000,0.00070000,BUY,false,
6208215132,73102.19000000,0.00007000,BUY,false,
6208215133,73102.19000000,0.00007000,BUY,false,
6208215134,73102.20000000,0.00009000,BUY,false,
6208215135,73102.60000000,0.00008000,BUY,false,
6208215136,73102.61000000,0.00008000,BUY,false,
6208215137,73102.64000000,0.00026000,BUY,false,
6208215138,73103.26000000,0.00083000,BUY,false,
6208215139,73104.00000000,0.00040000,BUY,false,
6208215140,73104.00000000,0.00040000,BUY,false,
6208215141,73104.00000000,0.00040000,BUY,false,
6208215142,73104.12000000,0.00008000,BUY,false,
6208215143,73104.32000000,0.00033000,BUY,false,
6208215144,73104.48000000,0.00008000,BUY,false,
6208215145,73104.49000000,0.00007000,BUY,false,
6208215146,73104.49000000,0.00008000,BUY,false,
6208215147,73104.49000000,0.00007000,BUY,false,
6208215148,73104.59000000,0.00870000,BUY,false,
6208215149,73104.59000000,0.00164000,BUY,false,
6208215150,73104.59000000,0.00014000,BUY,false,
6208215151,73104.59000000,0.00014000,BUY,false,
6208215152,73104.58000000,0.00070000,SELL,true,
6208215153,73104.59000000,0.00081000,BUY,false,
6208215154,73104.59000000,0.00007000,BUY,false,
6208215155,73104.59000000,0.00014000,BUY,false,
6208215156,73104.59000000,0.00007000,BUY,false,
6208215157,73104.59000000,0.00008000,BUY,false,
6208215158,73104.59000000,0.00008000,BUY,false,
6208215159,73104.59000000,0.00007000,BUY,false,
6208215160,73104.59000000,0.00008000,BUY,false,
6208215161,73104.59000000,0.00469000,BUY,false,
6208215162,73104.59000000,0.00007000,BUY,false,
6208215163,73104.59000000,0.00007000,BUY,false,
6208215164,73104.59000000,0.00007000,BUY,false,
6208215165,73104.60000000,0.00008000,BUY,false,
6208215166,73104.60000000,0.00008000,BUY,false,
6208215167,73104.60000000,0.00008000,BUY,false,
6208215168,73105.31000000,0.00014000,BUY,false,
6208215169,73105.73000000,0.00231000,BUY,false,
6208215170,73106.00000000,0.00014000,BUY,false,
6208215171,73106.00000000,0.00014000,BUY,false,
6208215172,73106.00000000,0.00012000,BUY,false,
6208215173,73106.00000000,0.00040000,BUY,false,
6208215174,73106.00000000,0.00040000,BUY,false,
6208215175,73106.00000000,0.00007000,BUY,false,
6208215176,73106.00000000,0.00008000,BUY,false,
6208215177,73106.00000000,0.00007000,BUY,false,
6208215178,73106.00000000,0.00014000,BUY,false,
6208215179,73106.00000000,0.00008000,BUY,false,
6208215180,73106.00000000,0.00008000,BUY,false,
6208215181,73106.00000000,0.00007000,BUY,false,
6208215182,73106.00000000,0.00007000,BUY,false,
6208215183,73106.00000000,0.00006000,BUY,false,
6208215184,73105.99000000,0.00097000,SELL,true,
6208215185,73106.00000000,0.00164000,BUY,false,
6208215186,73106.00000000,0.00299000,BUY,false,
6208215187,73106.00000000,0.00007000,BUY,false,
6208215188,73106.00000000,0.00007000,BUY,false,
6208215189,73106.00000000,0.00007000,BUY,false,
6208215190,73106.00000000,0.00007000,BUY,false,
6208215191,73106.00000000,0.00008000,BUY,false,
6208215192,73106.00000000,0.00008000,BUY,false,
6208215193,73106.00000000,0.00008000,BUY,false,
6208215194,73106.00000000,0.00014000,BUY,false,
6208215195,73106.01000000,0.00008000,BUY,false,
6208215196,73106.01000000,0.00008000,BUY,false,
6208215197,73106.01000000,0.00008000,BUY,false,
6208215198,73106.01000000,0.00007000,BUY,false,
6208215199,73106.01000000,0.00014000,BUY,false,
6208215200,73106.01000000,0.00007000,BUY,false,
6208215201,73106.01000000,0.00008000,BUY,false,
6208215202,73106.01000000,0.00008000,BUY,false,
6208215203,73106.01000000,0.00008000,BUY,false,
6208215204,73106.01000000,0.00007000,BUY,false,
6208215205,73106.01000000,0.00007000,BUY,false,
6208215206,73106.01000000,0.00008000,BUY,false,
6208215207,73106.01000000,0.00014000,BUY,false,
6208215208,73106.01000000,0.00008000,BUY,false,
6208215209,73106.01000000,0.00008000,BUY,false,
6208215210,73106.01000000,0.00008000,BUY,false,
6208215211,73106.01000000,0.00014000,BUY,false,
6208215212,73106.01000000,0.00008000,BUY,false,
6208215213,73106.01000000,0.00008000,BUY,false,
6208215214,73106.01000000,0.00008000,BUY,false,
6208215215,73106.01000000,0.00007000,BUY,false,
6208215216,73106.01000000,0.00008000,BUY,false,
6208215217,73106.01000000,0.00008000,BUY,false,
6208215218,73106.01000000,0.00008000,BUY,false,
6208215219,73106.01000000,0.00008000,BUY,false,
6208215220,73106.01000000,0.00007000,BUY,false,
6208215221,73106.01000000,0.00008000,BUY,false,
6208215222,73106.01000000,0.00014000,BUY,false,
6208215223,73106.01000000,0.00008000,BUY,false,
6208215224,73106.01000000,0.00008000,BUY,false,
6208215225,73106.01000000,0.00008000,BUY,false,
6208215226,73106.01000000,0.00008000,BUY,false,
6208215227,73106.01000000,0.00008000,BUY,false,
6208215228,73106.01000000,0.00008000,BUY,false,
6208215229,73106.01000000,0.00008000,BUY,false,
6208215230,73106.01000000,0.00014000,BUY,false,
6208215231,73106.01000000,0.00007000,BUY,false,
6208215232,73106.01000000,0.00008000,BUY,false,
6208215233,73106.01000000,0.00007000,BUY,false,
6208215234,73106.01000000,0.00007000,BUY,false,
6208215235,73106.01000000,0.00008000,BUY,false,
6208215236,73106.01000000,0.00008000,BUY,false,
6208215237,73106.01000000,0.00008000,BUY,false,
6208215238,73106.01000000,0.00014000,BUY,false,
6208215239,73106.01000000,0.00008000,BUY,false,
6208215240,73106.01000000,0.00007000,BUY,false,
6208215241,73106.01000000,0.00008000,BUY,false,
6208215242,73106.01000000,0.00008000,BUY,false,
6208215243,73106.01000000,0.00014000,BUY,false,
6208215244,73106.01000000,0.00008000,BUY,false,
6208215245,73106.01000000,0.00008000,BUY,false,
6208215246,73106.01000000,0.00007000,BUY,false,
6208215247,73106.01000000,0.00008000,BUY,false,
6208215248,73106.01000000,0.00002000,BUY,false,
6208215249,73106.01000000,0.00006000,BUY,false,
6208215250,73106.01000000,0.00008000,BUY,false,
6208215251,73106.01000000,0.00008000,BUY,false,
6208215252,73106.01000000,0.00014000,BUY,false,
6208215253,73106.01000000,0.00007000,BUY,false,
6208215254,73106.01000000,0.00007000,BUY,false,
6208215255,73106.01000000,0.00008000,BUY,false,
6208215256,73106.01000000,0.00007000,BUY,false,
6208215257,73106.01000000,0.00007000,BUY,false,
6208215258,73106.01000000,0.00014000,BUY,false,
6208215259,73106.01000000,0.00008000,BUY,false,
6208215260,73106.01000000,0.00008000,BUY,false,
6208215261,73106.01000000,0.00008000,BUY,false,
6208215262,73106.01000000,0.00008000,BUY,false,
6208215263,73106.01000000,0.00007000,BUY,false,
6208215264,73106.01000000,0.00008000,BUY,false,
6208215265,73106.01000000,0.00008000,BUY,false,
6208215266,73106.01000000,0.00008000,BUY,false,
6208215267,73106.01000000,0.00008000,BUY,false,
6208215268,73106.01000000,0.00007000,BUY,false,
6208215269,73106.01000000,0.00014000,BUY,false,
6208215270,73106.01000000,0.00007000,BUY,false,
6208215271,73106.01000000,0.00008000,BUY,false,
6208215272,73106.01000000,0.00008000,BUY,false,
6208215273,73106.01000000,0.00008000,BUY,false,
6208215274,73106.01000000,0.00008000,BUY,false,
6208215275,73106.01000000,0.00014000,BUY,false,
6208215276,73106.01000000,0.00007000,BUY,false,
6208215277,73106.01000000,0.00008000,BUY,false,
6208215278,73106.01000000,0.00007000,BUY,false,
6208215279,73106.01000000,0.00008000,BUY,false,
6208215280,73106.01000000,0.00008000,BUY,false,
6208215281,73106.01000000,0.00008000,BUY,false,
6208215282,73106.01000000,0.00014000,BUY,false,
6208215283,73106.01000000,0.00008000,BUY,false,
6208215284,73106.01000000,0.00007000,BUY,false,
6208215285,73106.01000000,0.00007000,BUY,false,
6208215286,73106.01000000,0.00008000,BUY,false,
6208215287,73106.01000000,0.00007000,BUY,false,
6208215288,73106.01000000,0.00008000,BUY,false,
6208215289,73106.01000000,0.00008000,BUY,false,
6208215290,73106.01000000,0.00008000,BUY,false,
6208215291,73106.01000000,0.00014000,BUY,false,
6208215292,73106.01000000,0.00008000,BUY,false,
6208215293,73106.01000000,0.00007000,BUY,false,
6208215294,73106.01000000,0.00008000,BUY,false,
6208215295,73106.01000000,0.00008000,BUY,false,
6208215296,73106.01000000,0.00008000,BUY,false,
6208215297,73106.01000000,0.00008000,BUY,false,
6208215298,73106.01000000,0.00014000,BUY,false,
6208215299,73106.01000000,0.00008000,BUY,false,
6208215300,73106.02000000,0.00008000,BUY,false,
6208215301,73106.02000000,0.00008000,BUY,false,
6208215302,73106.02000000,0.00008000,BUY,false,
6208215303,73106.02000000,0.00007000,BUY,false,
6208215304,73106.02000000,0.00008000,BUY,false,
6208215305,73106.02000000,0.00008000,BUY,false,
6208215306,73106.02000000,0.00008000,BUY,false,
6208215307,73106.02000000,0.00008000,BUY,false,
6208215308,73106.02000000,0.00008000,BUY,false,
6208215309,73106.02000000,0.00007000,BUY,false,
6208215310,73106.02000000,0.00014000,BUY,false,
6208215311,73106.02000000,0.00008000,BUY,false,
6208215312,73106.02000000,0.00008000,BUY,false,
6208215313,73106.02000000,0.00008000,BUY,false,
6208215314,73106.02000000,0.00008000,BUY,false,
6208215315,73106.02000000,0.00008000,BUY,false,
6208215316,73106.02000000,0.00007000,BUY,false,
6208215317,73106.02000000,0.00007000,BUY,false,
6208215318,73106.02000000,0.00008000,BUY,false,
6208215319,73106.02000000,0.00014000,BUY,false,
6208215320,73106.02000000,0.00008000,BUY,false,
6208215321,73106.02000000,0.00008000,BUY,false,
6208215322,73106.02000000,0.00008000,BUY,false,
6208215323,73106.02000000,0.00008000,BUY,false,
6208215324,73106.02000000,0.00008000,BUY,false,
6208215325,73106.02000000,0.00008000,BUY,false,
6208215326,73106.02000000,0.00014000,BUY,false,
6208215327,73106.02000000,0.00008000,BUY,false,
6208215328,73106.02000000,0.00008000,BUY,false,
6208215329,73106.02000000,0.00008000,BUY,false,
6208215330,73106.02000000,0.00008000,BUY,false,
6208215331,73106.02000000,0.00007000,BUY,false,
6208215332,73106.02000000,0.00008000,BUY,false,
6208215333,73106.02000000,0.00008000,BUY,false,
6208215334,73106.02000000,0.00008000,BUY,false,
6208215335,73106.02000000,0.00008000,BUY,false,
6208215336,73106.02000000,0.00007000,BUY,false,
6208215337,73106.02000000,0.00001000,BUY,false,
6208215338,73106.02000000,0.00006000,BUY,false,
6208215339,73106.02000000,0.00007000,BUY,false,
6208215340,73106.02000000,0.00008000,BUY,false,
6208215341,73106.02000000,0.00008000,BUY,false,
6208215342,73106.02000000,0.00008000,BUY,false,
6208215343,73106.02000000,0.00014000,BUY,false,
6208215344,73106.02000000,0.00008000,BUY,false,
6208215345,73106.02000000,0.00008000,BUY,false,
6208215346,73106.02000000,0.00008000,BUY,false,
6208215347,73106.02000000,0.00008000,BUY,false,
6208215348,73106.02000000,0.00008000,BUY,false,
6208215349,73106.02000000,0.00008000,BUY,false,
6208215350,73106.02000000,0.00008000,BUY,false,
6208215351,73106.02000000,0.00008000,BUY,false,
6208215352,73106.02000000,0.00008000,BUY,false,
6208215353,73106.02000000,0.00007000,BUY,false,
6208215354,73106.02000000,0.00007000,BUY,false,
6208215355,73106.02000000,0.00014000,BUY,false,
6208215356,73106.02000000,0.00008000,BUY,false,
6208215357,73106.02000000,0.00007000,BUY,false,
6208215358,73106.02000000,0.00007000,BUY,false,
6208215359,73106.02000000,0.00008000,BUY,false,
6208215360,73106.02000000,0.00008000,BUY,false,
6208215361,73106.02000000,0.00008000,BUY,false,
6208215362,73106.02000000,0.00014000,BUY,false,
6208215363,73106.02000000,0.00008000,BUY,false,
6208215364,73106.02000000,0.00008000,BUY,false,
6208215365,73106.03000000,0.00008000,BUY,false,
6208215366,73106.03000000,0.00008000,BUY,false,
6208215367,73106.03000000,0.00008000,BUY,false,
6208215368,73106.03000000,0.00008000,BUY,false,
6208215369,73106.03000000,0.00007000,BUY,false,
6208215370,73106.03000000,0.00007000,BUY,false,
6208215371,73106.03000000,0.00008000,BUY,false,
6208215372,73106.03000000,0.00008000,BUY,false,
6208215373,73106.03000000,0.00008000,BUY,false,
6208215374,73106.03000000,0.00007000,BUY,false,
6208215375,73106.03000000,0.00007000,BUY,false,
6208215376,73106.25000000,0.00007000,BUY,false,
6208215377,73106.39000000,0.00008000,BUY,false,
6208215378,73106.39000000,0.00007000,BUY,false,
6208215379,73106.39000000,0.00007000,BUY,false,
6208215380,73106.39000000,0.00007000,BUY,false,
6208215381,73106.39000000,0.00007000,BUY,false,
6208215382,73106.40000000,0.00093000,BUY,false,LARGE
6208215383,73106.39000000,0.00016000,SELL,true,
6208215384,73106.39000000,0.00109000,SELL,true,LARGE
6208215385,73106.39000000,0.02421000,SELL,true,LARGE
6208215386,73106.39000000,0.00426000,SELL,true,LARGE
6208215387,73106.40000000,0.00164000,BUY,false,LARGE
6208215388,73106.40000000,0.00089000,BUY,false,
6208215389,73106.40000000,0.00075000,BUY,false,
6208215390,73106.40000000,0.00164000,BUY,false,LARGE
6208215391,73106.40000000,0.00164000,BUY,false,LARGE
6208215392,73106.40000000,0.00059000,BUY,false,
6208215393,73106.40000000,0.00008000,BUY,false,
6208215394,73106.40000000,0.00007000,BUY,false,
6208215395,73106.40000000,0.00014000,BUY,false,
6208215396,73106.40000000,0.00008000,BUY,false,
6208215397,73106.40000000,0.00007000,BUY,false,
6208215398,73106.40000000,0.00008000,BUY,false,
6208215399,73106.40000000,0.00008000,BUY,false,
6208215400,73106.40000000,0.00007000,BUY,false,
6208215401,73106.40000000,0.00038000,BUY,false,
6208215402,73106.40000000,0.00007000,BUY,false,
6208215403,73106.40000000,0.00007000,BUY,false,
6208215404,73106.40000000,0.00007000,BUY,false,
6208215405,73106.40000000,0.00008000,BUY,false,
6208215406,73106.40000000,0.00008000,BUY,false,
6208215407,73106.40000000,0.00008000,BUY,false,
6208215408,73106.40000000,0.00008000,BUY,false,
6208215409,73106.40000000,0.00014000,BUY,false,
6208215410,73106.41000000,0.00008000,BUY,false,
6208215411,73106.41000000,0.00008000,BUY,false,
6208215412,73106.41000000,0.00008000,BUY,false,
6208215413,73106.41000000,0.00007000,BUY,false,
6208215414,73106.41000000,0.00007000,BUY,false,
6208215415,73106.41000000,0.00014000,BUY,false,
6208215416,73106.41000000,0.00008000,BUY,false,
6208215417,73106.41000000,0.00008000,BUY,false,
6208215418,73106.41000000,0.00008000,BUY,false,
6208215419,73106.41000000,0.00007000,BUY,false,
6208215420,73106.41000000,0.00007000,BUY,false,
6208215421,73106.41000000,0.00007000,BUY,false,
6208215422,73106.41000000,0.00001000,BUY,false,
6208215423,73106.41000000,0.00008000,BUY,false,
6208215424,73106.41000000,0.00008000,BUY,false,
6208215425,73106.41000000,0.00008000,BUY,false,
6208215426,73106.41000000,0.00014000,BUY,false,
6208215427,73106.41000000,0.00007000,BUY,false,
6208215428,73106.41000000,0.00007000,BUY,false,
6208215429,73106.41000000,0.00007000,BUY,false,
6208215430,73106.41000000,0.00007000,BUY,false,
6208215431,73106.41000000,0.00097000,BUY,false,
6208215432,73106.41000000,0.00094000,BUY,false,
6208215433,73106.41000000,0.00094000,BUY,false,
6208215434,73106.41000000,0.00164000,BUY,false,LARGE
6208215435,73106.41000000,0.00164000,BUY,false,LARGE
6208215436,73106.41000000,0.00007000,BUY,false,
6208215437,73106.41000000,0.00007000,BUY,false,
6208215438,73106.41000000,0.00007000,BUY,false,
6208215439,73106.41000000,0.00007000,BUY,false,
6208215440,73106.41000000,0.00008000,BUY,false,
6208215441,73106.41000000,0.00008000,BUY,false,
6208215442,73106.41000000,0.00008000,BUY,false,
6208215443,73106.41000000,0.00008000,BUY,false,
6208215444,73106.41000000,0.00014000,BUY,false,
6208215445,73106.42000000,0.00008000,BUY,false,
6208215446,73106.42000000,0.00008000,BUY,false,
6208215447,73106.42000000,0.00008000,BUY,false,
6208215448,73106.42000000,0.00007000,BUY,false,
6208215449,73106.42000000,0.00014000,BUY,false,
6208215450,73106.42000000,0.00007000,BUY,false,
6208215451,73106.42000000,0.00008000,BUY,false,
6208215452,73106.42000000,0.00008000,BUY,false,
6208215453,73106.42000000,0.00008000,BUY,false,
6208215454,73106.42000000,0.00007000,BUY,false,
6208215455,73106.42000000,0.00007000,BUY,false,
6208215456,73106.42000000,0.00008000,BUY,false,
6208215457,73106.42000000,0.00008000,BUY,false,
6208215458,73106.42000000,0.00014000,BUY,false,
6208215459,73106.42000000,0.00008000,BUY,false,
6208215460,73106.42000000,0.00007000,BUY,false,
6208215461,73106.42000000,0.00007000,BUY,false,
6208215462,73106.42000000,0.00007000,BUY,false,
6208215463,73106.42000000,0.00007000,BUY,false,
6208215464,73106.42000000,0.00008000,BUY,false,
6208215465,73106.42000000,0.00007000,BUY,false,
6208215466,73106.42000000,0.00007000,BUY,false,
6208215467,73106.42000000,0.00007000,BUY,false,
6208215468,73106.42000000,0.00007000,BUY,false,
6208215469,73106.42000000,0.00008000,BUY,false,
6208215470,73106.42000000,0.00014000,BUY,false,
6208215471,73106.42000000,0.00008000,BUY,false,
6208215472,73106.42000000,0.00008000,BUY,false,
6208215473,73106.42000000,0.00008000,BUY,false,
6208215474,73106.43000000,0.00008000,BUY,false,
6208215475,73106.43000000,0.00008000,BUY,false,
6208215476,73106.43000000,0.00008000,BUY,false,
6208215477,73106.43000000,0.00008000,BUY,false,
6208215478,73106.43000000,0.00004000,BUY,false,
6208215479,73106.43000000,0.00003000,BUY,false,
6208215480,73106.43000000,0.00014000,BUY,false,
6208215481,73106.43000000,0.00007000,BUY,false,
6208215482,73106.43000000,0.00008000,BUY,false,
6208215483,73106.43000000,0.00008000,BUY,false,
6208215484,73106.43000000,0.00007000,BUY,false,
6208215485,73106.43000000,0.00007000,BUY,false,
6208215486,73106.43000000,0.00007000,BUY,false,
6208215487,73106.43000000,0.00007000,BUY,false,
6208215488,73106.43000000,0.00007000,BUY,false,
6208215489,73106.43000000,0.00007000,BUY,false,
6208215490,73106.43000000,0.00008000,BUY,false,
6208215491,73106.43000000,0.00008000,BUY,false,
6208215492,73106.43000000,0.00014000,BUY,false,
6208215493,73106.44000000,0.00008000,BUY,false,
6208215494,73106.44000000,0.00008000,BUY,false,
6208215495,73106.44000000,0.00014000,BUY,false,
6208215496,73106.44000000,0.00007000,BUY,false,
6208215497,73106.44000000,0.00007000,BUY,false,
6208215498,73106.44000000,0.00008000,BUY,false,
6208215499,73106.44000000,0.00008000,BUY,false,
6208215500,73106.44000000,0.00014000,BUY,false,
6208215501,73106.44000000,0.00007000,BUY,false,
6208215502,73106.44000000,0.00007000,BUY,false,
6208215503,73106.44000000,0.00008000,BUY,false,
6208215504,73106.44000000,0.00007000,BUY,false,
6208215505,73106.44000000,0.00007000,BUY,false,
6208215506,73106.45000000,0.00008000,BUY,false,
6208215507,73106.45000000,0.00008000,BUY,false,
6208215508,73106.45000000,0.00008000,BUY,false,
6208215509,73106.65000000,0.00007000,BUY,false,
6208215510,73106.65000000,0.00007000,BUY,false,
6208215511,73106.65000000,0.00007000,BUY,false,
6208215512,73106.88000000,0.00008000,BUY,false,
6208215513,73107.90000000,0.00007000,BUY,false,
6208215514,73108.00000000,0.00040000,BUY,false,
6208215515,73108.00000000,0.00040000,BUY,false,
6208215516,73108.00000000,0.00040000,BUY,false,
6208215517,73108.16000000,0.00007000,BUY,false,
6208215518,73108.21000000,0.00008000,BUY,false,
6208215519,73108.21000000,0.00008000,BUY,false,
6208215520,73108.21000000,0.00008000,BUY,false,
6208215521,73108.21000000,0.00008000,BUY,false,
6208215522,73108.22000000,0.01623000,BUY,false,LARGE
6208215523,73108.45000000,0.00007000,BUY,false,
6208215524,73109.64000000,0.00008000,BUY,false,
6208215525,73110.00000000,0.00040000,BUY,false,
6208215526,73110.00000000,0.00040000,BUY,false,
6208215527,73110.00000000,0.00040000,BUY,false,
6208215528,73110.58000000,0.00083000,BUY,false,
6208215529,73111.10000000,0.00008000,BUY,false,
6208215530,73111.11000000,0.00007000,BUY,false,
6208215531,73111.11000000,0.00008000,BUY,false,
6208215532,73111.72000000,0.00007000,BUY,false,
6208215533,73112.00000000,0.00040000,BUY,false,
6208215534,73112.00000000,0.00040000,BUY,false,
6208215535,73112.00000000,0.00040000,BUY,false,
6208215536,73112.23000000,0.00023000,BUY,false,
6208215537,73112.29000000,0.00008000,BUY,false,
6208215538,73112.29000000,0.00008000,BUY,false,
6208215539,73112.29000000,0.00008000,BUY,false,
6208215540,73112.29000000,0.00008000,BUY,false,
6208215541,73112.29000000,0.01017000,SELL,true,LARGE
6208215542,73112.30000000,0.00007000,BUY,false,
6208215543,73112.30000000,0.00007000,BUY,false,
6208215544,73112.30000000,0.00007000,BUY,false,
6208215545,73112.30000000,0.00014000,BUY,false,
6208215546,73112.30000000,0.00011000,BUY,false,
6208215547,73112.30000000,0.00046000,BUY,false,
6208215548,73112.30000000,0.00046000,BUY,false,
6208215549,73112.30000000,0.00046000,BUY,false,
6208215550,73112.29000000,0.00704000,SELL,true,LARGE
6208215551,73112.29000000,0.00094000,SELL,true,
6208215552,73112.30000000,0.00049000,BUY,false,
6208215553,73112.29000000,0.00548000,SELL,true,LARGE
6208215554,73112.30000000,0.00007000,BUY,false,
6208215555,73112.30000000,0.00007000,BUY,false,
6208215556,73112.30000000,0.00007000,BUY,false,
6208215557,73112.30000000,0.00014000,BUY,false,
6208215558,73112.30000000,0.00014000,BUY,false,
6208215559,73112.30000000,0.00014000,BUY,false,
6208215560,73112.30000000,0.00014000,BUY,false,
6208215561,73112.30000000,0.00014000,BUY,false,
6208215562,73112.30000000,0.00046000,BUY,false,
6208215563,73112.29000000,0.00028000,SELL,true,
6208215564,73112.29000000,0.00069000,SELL,true,
6208215565,73112.29000000,0.00132000,SELL,true,
6208215566,73112.29000000,0.00007000,SELL,true,
6208215567,73112.29000000,0.00014000,SELL,true,
6208215568,73112.29000000,0.00014000,SELL,true,
6208215569,73112.29000000,0.00007000,SELL,true,
6208215570,73112.29000000,0.00008000,SELL,true,
6208215571,73112.29000000,0.00010000,SELL,true,
6208215572,73112.29000000,0.00006000,SELL,true,
6208215573,73112.29000000,0.00095000,SELL,true,
6208215574,73112.29000000,0.00007000,SELL,true,
6208215575,73112.29000000,0.00115000,SELL,true,
6208215576,73112.29000000,0.00168000,SELL,true,
6208215577,73112.30000000,0.00007000,BUY,false,
6208215578,73112.30000000,0.00007000,BUY,false,
6208215579,73112.30000000,0.00413000,BUY,false,LARGE
6208215580,73112.29000000,0.00098000,SELL,true,
6208215581,73112.29000000,0.00017000,SELL,true,
6208215582,73112.30000000,0.06021000,BUY,false,LARGE
6208215583,73112.29000000,0.00230000,SELL,true,
6208215584,73112.29000000,0.00007000,SELL,true,
6208215585,73112.29000000,0.00023000,SELL,true,
6208215586,73112.29000000,0.00008000,SELL,true,
6208215587,73112.29000000,0.00014000,SELL,true,
6208215588,73112.29000000,0.00115000,SELL,true,
6208215589,73112.29000000,0.00007000,SELL,true,
6208215590,73112.29000000,0.00007000,SELL,true,
6208215591,73112.29000000,0.00007000,SELL,true,
6208215592,73112.29000000,0.00014000,SELL,true,
6208215593,73112.29000000,0.00008000,SELL,true,
6208215594,73112.29000000,0.00008000,SELL,true,
6208215595,73112.29000000,0.00008000,SELL,true,
6208215596,73112.29000000,0.00008000,SELL,true,
6208215597,73112.29000000,0.05839000,SELL,true,LARGE
6208215598,73112.29000000,0.00265000,SELL,true,
6208215599,73112.29000000,0.00007000,SELL,true,
6208215600,73112.29000000,0.00008000,SELL,true,
6208215601,73112.29000000,0.00007000,SELL,true,
6208215602,73112.29000000,0.00007000,SELL,true,
6208215603,73112.29000000,0.00008000,SELL,true,
6208215604,73112.29000000,0.00008000,SELL,true,
6208215605,73112.29000000,0.00008000,SELL,true,
6208215606,73112.29000000,0.00008000,SELL,true,
6208215607,73112.29000000,0.00008000,SELL,true,
6208215608,73112.29000000,0.00014000,SELL,true,
6208215609,73112.29000000,0.00260000,SELL,true,
6208215610,73112.29000000,0.00007000,SELL,true,
6208215611,73112.29000000,0.00007000,SELL,true,
6208215612,73112.29000000,0.00007000,SELL,true,
6208215613,73112.29000000,0.00008000,SELL,true,
6208215614,73112.29000000,0.00007000,SELL,true,
6208215615,73112.29000000,0.00007000,SELL,true,
6208215616,73112.29000000,0.00007000,SELL,true,
6208215617,73112.29000000,0.00007000,SELL,true,
6208215618,73112.28000000,0.00008000,SELL,true,
6208215619,73112.28000000,0.00008000,SELL,true,
6208215620,73112.28000000,0.00008000,SELL,true,
6208215621,73112.28000000,0.02403000,SELL,true,LARGE
6208215622,73112.28000000,0.00008000,SELL,true,
6208215623,73112.28000000,0.00008000,SELL,true,
6208215624,73111.72000000,0.00007000,SELL,true,
6208215625,73110.00000000,0.00040000,SELL,true,
6208215626,73108.16000000,0.00008000,SELL,true,
6208215627,73108.16000000,0.00007000,SELL,true,
6208215628,73108.16000000,0.00008000,SELL,true,
6208215629,73108.16000000,0.01344000,SELL,true,LARGE
6208215630,73108.16000000,0.01359000,SELL,true,LARGE
6208215631,73108.16000000,0.00679000,SELL,true,
6208215632,73108.16000000,0.00025000,SELL,true,
6208215633,73108.16000000,0.00024000,SELL,true,
6208215634,73108.17000000,0.00052000,BUY,false,
6208215635,73108.16000000,0.00009000,SELL,true,
6208215636,73108.16000000,0.00196000,SELL,true,
6208215637,73108.16000000,0.08236000,SELL,true,LARGE
6208215638,73108.16000000,0.00008000,SELL,true,
6208215639,73108.16000000,0.00008000,SELL,true,
6208215640,73108.16000000,0.00007000,SELL,true,
6208215641,73108.16000000,0.00014000,SELL,true,
6208215642,73108.16000000,0.00014000,SELL,true,
6208215643,73108.16000000,0.00007000,SELL,true,
6208215644,73108.16000000,0.00008000,SELL,true,
6208215645,73108.16000000,0.00574000,SELL,true,
6208215646,73108.16000000,0.00007000,SELL,true,
6208215647,73108.16000000,0.01196000,SELL,true,LARGE
6208215648,73108.16000000,0.00048000,SELL,true,
6208215649,73108.16000000,0.00007000,SELL,true,
6208215650,73108.16000000,0.00008000,SELL,true,
6208215651,73108.16000000,0.00007000,SELL,true,
6208215652,73108.16000000,0.00008000,SELL,true,
6208215653,73108.16000000,0.00007000,SELL,true,
6208215654,73108.16000000,0.00007000,SELL,true,
6208215655,73108.16000000,0.00007000,SELL,true,
6208215656,73108.16000000,0.00007000,SELL,true,
6208215657,73108.15000000,0.00008000,SELL,true,
6208215658,73108.15000000,0.00008000,SELL,true,
6208215659,73108.15000000,0.00008000,SELL,true,
6208215660,73108.00000000,0.00040000,SELL,true,
6208215661,73108.00000000,0.00012000,SELL,true,
6208215662,73108.00000000,0.00028000,SELL,true,
6208215663,73106.43000000,0.00007000,SELL,true,
6208215664,73106.43000000,0.00007000,SELL,true,
6208215665,73106.43000000,0.00007000,SELL,true,
6208215666,73106.43000000,0.00007000,SELL,true,
6208215667,73106.43000000,0.00007000,SELL,true,
6208215668,73106.42000000,0.00007000,SELL,true,
6208215669,73106.42000000,0.00007000,SELL,true,
6208215670,73106.41000000,0.00007000,SELL,true,
6208215671,73106.41000000,0.00007000,SELL,true,
6208215672,73106.41000000,0.00007000,SELL,true,
6208215673,73106.41000000,0.00007000,SELL,true,
6208215674,73106.41000000,0.00007000,SELL,true,
6208215675,73106.40000000,0.00007000,SELL,true,
6208215676,73106.40000000,0.00007000,SELL,true,
6208215677,73106.40000000,0.00007000,SELL,true,
6208215678,73106.40000000,0.00007000,SELL,true,
6208215679,73106.40000000,0.00007000,SELL,true,
6208215680,73106.39000000,0.00007000,SELL,true,
6208215681,73106.39000000,0.00007000,SELL,true,
6208215682,73106.39000000,0.00007000,SELL,true,
6208215683,73106.39000000,0.00007000,SELL,true,
6208215684,73106.39000000,0.00007000,SELL,true,
6208215685,73106.38000000,0.00007000,SELL,true,
6208215686,73106.38000000,0.00007000,SELL,true,
6208215687,73106.02000000,0.00007000,SELL,true,
6208215688,73106.02000000,0.00007000,SELL,true,
6208215689,73106.01000000,0.00007000,SELL,true,
6208215690,73106.01000000,0.00007000,SELL,true,
6208215691,73106.00000000,0.00007000,SELL,true,
6208215692,73106.00000000,0.00040000,SELL,true,
6208215693,73106.00000000,0.00040000,SELL,true,
6208215694,73106.00000000,0.00040000,SELL,true,
6208215695,73106.00000000,0.00007000,SELL,true,
6208215696,73106.00000000,0.00007000,SELL,true,
6208215697,73106.00000000,0.00007000,SELL,true,
6208215698,73106.00000000,0.00007000,SELL,true,
6208215699,73106.00000000,0.00007000,SELL,true,
6208215700,73106.00000000,0.00007000,SELL,true,
6208215701,73105.99000000,0.00180000,SELL,true,
6208215702,73105.99000000,0.00007000,SELL,true,
6208215703,73105.99000000,0.00007000,SELL,true,
6208215704,73105.59000000,0.00026000,SELL,true,
6208215705,73105.59000000,0.00007000,SELL,true,
6208215706,73105.59000000,0.00007000,SELL,true,
6208215707,73105.59000000,0.00008000,SELL,true,
6208215708,73105.59000000,0.00008000,SELL,true,
6208215709,73105.59000000,0.00014000,SELL,true,
6208215710,73105.59000000,0.00008000,SELL,true,
6208215711,73105.59000000,0.00008000,SELL,true,
6208215712,73105.59000000,0.00008000,SELL,true,
6208215713,73105.59000000,0.00007000,SELL,true,
6208215714,73105.59000000,0.00007000,SELL,true,
6208215715,73105.58000000,0.00008000,SELL,true,
6208215716,73105.58000000,0.00008000,SELL,true,
6208215717,73105.58000000,0.00008000,SELL,true,
6208215718,73105.58000000,0.00008000,SELL,true,
6208215719,73105.58000000,0.00008000,SELL,true,
6208215720,73105.58000000,0.00008000,SELL,true,
6208215721,73104.97000000,0.00300000,SELL,true,
6208215722,73104.97000000,0.00007000,SELL,true,
6208215723,73104.97000000,0.00007000,SELL,true,
6208215724,73104.97000000,0.00007000,SELL,true,
6208215725,73104.97000000,0.00007000,SELL,true,
6208215726,73104.97000000,0.00007000,SELL,true,
6208215727,73104.97000000,0.00007000,SELL,true,
6208215728,73104.60000000,0.00007000,SELL,true,
6208215729,73104.38000000,0.00137000,SELL,true,
6208215730,73104.12000000,0.00008000,SELL,true,
6208215731,73104.00000000,0.00040000,SELL,true,
6208215732,73104.00000000,0.00040000,SELL,true,
6208215733,73104.00000000,0.00040000,SELL,true,
6208215734,73103.26000000,0.00083000,SELL,true,
6208215735,73102.40000000,0.00007000,SELL,true,
6208215736,73102.40000000,0.00007000,SELL,true,
6208215737,73102.36000000,0.00014000,SELL,true,
6208215738,73102.30000000,0.00007000,SELL,true,
6208215739,73102.30000000,0.00007000,SELL,true,
6208215740,73102.13000000,0.00048000,SELL,true,
6208215741,73102.00000000,0.00040000,SELL,true,
6208215742,73102.00000000,0.00040000,SELL,true,
6208215743,73102.00000000,0.00040000,SELL,true,
6208215744,73101.47000000,0.00007000,SELL,true,
6208215745,73101.36000000,0.00008000,SELL,true,
6208215746,73101.25000000,0.00011000,SELL,true,
6208215747,73101.06000000,0.00008000,SELL,true,
6208215748,73101.06000000,0.00429000,SELL,true,LARGE
6208215749,73101.06000000,0.00381000,SELL,true,LARGE
6208215750,73101.07000000,0.00073000,BUY,false,
6208215751,73101.06000000,0.00008000,SELL,true,
6208215752,73101.06000000,0.00007000,SELL,true,
6208215753,73101.06000000,0.00007000,SELL,true,
6208215754,73101.06000000,0.00008000,SELL,true,
6208215755,73101.06000000,0.00014000,SELL,true,
6208215756,73101.06000000,0.00008000,SELL,true,
6208215757,73101.06000000,0.00008000,SELL,true,
6208215758,73101.06000000,0.00005000,SELL,true,
6208215759,73101.06000000,0.00009000,SELL,true,
6208215760,73101.06000000,0.00008000,SELL,true,
6208215761,73101.06000000,0.00008000,SELL,true,
6208215762,73101.06000000,0.00008000,SELL,true,
6208215763,73101.06000000,0.00146000,SELL,true,LARGE
6208215764,73101.07000000,0.12356000,BUY,false,LARGE
6208215765,73101.06000000,0.00049000,SELL,true,
6208215766,73101.06000000,0.00448000,SELL,true,
6208215767,73101.06000000,0.00068000,SELL,true,
6208215768,73101.06000000,0.00007000,SELL,true,
6208215769,73101.06000000,0.21731000,SELL,true,LARGE
6208215770,73101.06000000,0.00137000,SELL,true,
6208215771,73101.06000000,0.00591000,SELL,true,
6208215772,73101.06000000,0.00008000,SELL,true,
6208215773,73101.06000000,0.00246000,SELL,true,
6208215774,73101.06000000,0.00007000,SELL,true,
6208215775,73101.06000000,0.00007000,SELL,true,
6208215776,73101.06000000,0.00008000,SELL,true,
6208215777,73101.06000000,0.00008000,SELL,true,
6208215778,73101.06000000,0.00008000,SELL,true,
6208215779,73101.06000000,0.00008000,SELL,true,
6208215780,73101.06000000,0.00008000,SELL,true,
6208215781,73101.06000000,0.00014000,SELL,true,
6208215782,73101.06000000,0.00014000,SELL,true,
6208215783,73101.06000000,0.00008000,SELL,true,
6208215784,73101.06000000,0.00008000,SELL,true,
6208215785,73101.06000000,0.00007000,SELL,true,
6208215786,73101.05000000,0.00008000,SELL,true,
6208215787,73101.05000000,0.00008000,SELL,true,
6208215788,73101.05000000,0.00008000,SELL,true,
6208215789,73101.05000000,0.00008000,SELL,true,
6208215790,73101.05000000,0.00008000,SELL,true,
6208215791,73101.05000000,0.00008000,SELL,true,
6208215792,73101.05000000,0.00008000,SELL,true,
6208215793,73101.05000000,0.00008000,SELL,true,
6208215794,73101.04000000,0.00008000,SELL,true,
6208215795,73101.04000000,0.00008000,SELL,true,
6208215796,73101.04000000,0.00008000,SELL,true,
6208215797,73101.03000000,0.01352000,SELL,true,LARGE
6208215798,73101.03000000,0.00007000,SELL,true,
6208215799,73101.03000000,0.00008000,SELL,true,
6208215800,73100.00000000,0.00040000,SELL,true,
6208215801,73100.00000000,0.00040000,SELL,true,
6208215802,73100.00000000,0.00040000,SELL,true,
6208215803,73100.00000000,0.00007000,SELL,true,
6208215804,73100.00000000,0.00008000,SELL,true,
6208215805,73100.00000000,0.00008000,SELL,true,
6208215806,73100.00000000,0.00007000,SELL,true,
6208215807,73100.00000000,0.00007000,SELL,true,
6208215808,73100.00000000,0.00008000,SELL,true,
6208215809,73100.00000000,0.00008000,SELL,true,
6208215810,73100.00000000,0.00008000,SELL,true,
6208215811,73100.00000000,0.00014000,SELL,true,
6208215812,73100.00000000,0.00008000,SELL,true,
6208215813,73100.00000000,0.00008000,SELL,true,
6208215814,73100.00000000,0.00008000,SELL,true,
6208215815,73100.00000000,0.00008000,SELL,true,
6208215816,73100.00000000,0.00007000,SELL,true,
6208215817,73100.00000000,0.00007000,SELL,true,
6208215818,73100.00000000,0.00007000,SELL,true,
6208215819,73099.99000000,0.00008000,SELL,true,
6208215820,73099.99000000,0.00008000,SELL,true,
6208215821,73099.99000000,0.00008000,SELL,true,
6208215822,73099.99000000,0.00008000,SELL,true,
6208215823,73099.99000000,0.00008000,SELL,true,
6208215824,73099.99000000,0.00008000,SELL,true,
6208215825,73099.99000000,0.00008000,SELL,true,
6208215826,73099.99000000,0.00008000,SELL,true,
6208215827,73099.89000000,0.00008000,SELL,true,
6208215828,73099.88000000,0.00008000,SELL,true,
6208215829,73099.64000000,0.00007000,SELL,true,
6208215830,73099.58000000,0.00007000,SELL,true,
6208215831,73099.16000000,0.00024000,SELL,true,
6208215832,73098.91000000,0.00007000,SELL,true,
6208215833,73098.76000000,0.00093000,SELL,true,
6208215834,73098.60000000,0.00008000,SELL,true,
6208215835,73098.26000000,0.00007000,SELL,true,
6208215836,73098.00000000,0.00040000,SELL,true,
6208215837,73098.00000000,0.00040000,SELL,true,
6208215838,73098.00000000,0.00040000,SELL,true,
6208215839,73097.48000000,0.00007000,SELL,true,
6208215840,73097.18000000,0.00008000,SELL,true,
6208215841,73097.17000000,0.00008000,SELL,true,
6208215842,73097.04000000,0.00137000,SELL,true,
6208215843,73097.01000000,0.00139000,SELL,true,
6208215844,73097.02000000,0.00013000,BUY,false,
6208215845,73097.01000000,0.00094000,SELL,true,
6208215846,73097.01000000,0.00007000,SELL,true,
6208215847,73097.01000000,0.00007000,SELL,true,
6208215848,73097.01000000,0.00014000,SELL,true,
6208215849,73097.01000000,0.00001000,SELL,true,
6208215850,73097.01000000,0.00013000,SELL,true,
6208215851,73097.02000000,0.00029000,BUY,false,
6208215852,73097.01000000,0.00068000,SELL,true,
6208215853,73097.02000000,0.00506000,BUY,false,
6208215854,73097.01000000,0.00582000,SELL,true,
6208215855,73097.01000000,0.00846000,SELL,true,
6208215856,73097.02000000,0.00028000,BUY,false,
6208215857,73097.01000000,0.00388000,SELL,true,
6208215858,73097.02000000,0.00016000,BUY,false,
6208215859,73097.02000000,0.00025000,BUY,false,
6208215860,73097.02000000,0.00033000,BUY,false,
6208215861,73097.02000000,0.00136000,BUY,false,
6208215862,73097.02000000,0.00014000,BUY,false,
6208215863,73097.02000000,0.00007000,BUY,false,
6208215864,73097.02000000,0.00874000,BUY,false,
6208215865,73097.01000000,0.00142000,SELL,true,
6208215866,73097.01000000,0.00068000,SELL,true,
6208215867,73097.01000000,0.00030000,SELL,true,
6208215868,73097.01000000,0.00739000,SELL,true,
6208215869,73097.02000000,0.00009000,BUY,false,
6208215870,73097.02000000,0.00005000,BUY,false,
6208215871,73097.02000000,0.00014000,BUY,false,
6208215872,73097.02000000,0.00014000,BUY,false,
6208215873,73097.02000000,0.00007000,BUY,false,
6208215874,73097.02000000,0.00047000,BUY,false,
6208215875,73097.02000000,0.00069000,BUY,false,
6208215876,73097.02000000,0.00021000,BUY,false,
6208215877,73097.02000000,0.00021000,BUY,false,
6208215878,73097.02000000,0.00020000,BUY,false,
6208215879,73097.01000000,0.13386000,SELL,true,LARGE
6208215880,73097.01000000,0.00014000,SELL,true,
6208215881,73097.01000000,0.00014000,SELL,true,
6208215882,73097.01000000,0.00014000,SELL,true,
6208215883,73097.01000000,0.00014000,SELL,true,
6208215884,73097.01000000,0.00014000,SELL,true,
6208215885,73097.01000000,0.00007000,SELL,true,
6208215886,73097.01000000,0.00007000,SELL,true,
6208215887,73097.01000000,0.00651000,SELL,true,LARGE
6208215888,73097.01000000,0.00014000,SELL,true,
6208215889,73097.01000000,0.08501000,SELL,true,LARGE
6208215890,73097.01000000,0.00340000,SELL,true,
6208215891,73097.02000000,0.00136000,BUY,false,
6208215892,73097.01000000,0.00007000,SELL,true,
6208215893,73097.01000000,0.00048000,SELL,true,
6208215894,73097.01000000,0.00663000,SELL,true,
6208215895,73097.01000000,0.00070000,SELL,true,
6208215896,73097.01000000,0.01027000,SELL,true,LARGE
6208215897,73097.02000000,0.00672000,BUY,false,
6208215898,73097.02000000,0.00192000,BUY,false,
6208215899,73097.02000000,0.00064000,BUY,false,
6208215900,73097.02000000,0.00007000,BUY,false,
6208215901,73097.02000000,0.01266000,BUY,false,LARGE
6208215902,73097.02000000,0.00021000,BUY,false,
6208215903,73097.02000000,0.00070000,BUY,false,
6208215904,73097.01000000,0.00068000,SELL,true,
6208215905,73097.01000000,0.00022000,SELL,true,
6208215906,73097.01000000,0.02726000,SELL,true,LARGE
6208215907,73097.01000000,0.00122000,SELL,true,
6208215908,73097.01000000,0.00626000,SELL,true,
6208215909,73097.01000000,0.00061000,SELL,true,
6208215910,73097.02000000,0.00133000,BUY,false,
6208215911,73097.02000000,0.00034000,BUY,false,
6208215912,73097.01000000,0.00143000,SELL,true,
6208215913,73097.02000000,0.00016000,BUY,false,
6208215914,73097.02000000,0.00305000,BUY,false,
6208215915,73097.01000000,0.00054000,SELL,true,
