timestamp_ms,price,size,side,is_buyer_maker,event_flags
3924405825,2288.21000000,0.05000000,SELL,true,
3924405826,2288.21000000,0.05000000,SELL,true,
3924405827,2288.22000000,0.00450000,BUY,false,
3924405828,2288.21000000,0.06000000,SELL,true,
3924405829,2288.22000000,0.12810000,BUY,false,
3924405830,2288.21000000,0.09390000,SELL,true,
3924405831,2288.22000000,0.02100000,BUY,false,
3924405832,2288.21000000,0.06000000,SELL,true,
3924405833,2288.22000000,0.01260000,BUY,false,
3924405834,2288.21000000,0.01310000,SELL,true,
3924405835,2288.22000000,0.00440000,BUY,false,
3924405836,2288.22000000,0.00350000,BUY,false,
3924405837,2288.22000000,0.01320000,BUY,false,
3924405838,2288.22000000,0.00440000,BUY,false,
3924405839,2288.21000000,0.48410000,SELL,true,LARGE
3924405840,2288.21000000,4.78280000,SELL,true,LARGE
3924405841,2288.21000000,0.00450000,SELL,true,
3924405842,2288.21000000,0.00450000,SELL,true,
3924405843,2288.21000000,0.00220000,SELL,true,
3924405844,2288.21000000,0.00220000,SELL,true,
3924405845,2288.21000000,0.00220000,SELL,true,
3924405846,2288.21000000,0.00220000,SELL,true,
3924405847,2288.21000000,0.00220000,SELL,true,
3924405848,2288.21000000,0.00240000,SELL,true,
3924405849,2288.21000000,0.03700000,SELL,true,
3924405850,2288.21000000,2.89990000,SELL,true,LARGE
3924405851,2288.21000000,0.00450000,SELL,true,
3924405852,2288.21000000,2.22750000,SELL,true,LARGE
3924405853,2288.21000000,5.51210000,SELL,true,LARGE
3924405854,2288.21000000,3.51950000,SELL,true,LARGE
3924405855,2288.21000000,0.00450000,SELL,true,
3924405856,2288.21000000,0.00450000,SELL,true,
3924405857,2288.21000000,0.00450000,SELL,true,
3924405858,2288.21000000,2.23160000,SELL,true,LARGE
3924405859,2288.21000000,0.02470000,SELL,true,
3924405860,2288.21000000,0.11050000,SELL,true,
3924405861,2288.21000000,2.44610000,SELL,true,LARGE
3924405862,2288.21000000,1.16790000,SELL,true,
3924405863,2288.21000000,0.00380000,SELL,true,
3924405864,2288.22000000,0.00450000,BUY,false,
3924405865,2288.22000000,0.00240000,BUY,false,
3924405866,2288.22000000,0.00450000,BUY,false,
3924405867,2288.22000000,0.00450000,BUY,false,
3924405868,2288.22000000,0.02810000,BUY,false,
3924405869,2288.22000000,0.14690000,BUY,false,
3924405870,2288.22000000,0.00450000,BUY,false,
3924405871,2288.22000000,0.12980000,BUY,false,
3924405872,2288.22000000,0.29470000,BUY,false,
3924405873,2288.22000000,0.33920000,BUY,false,
3924405874,2288.22000000,0.15850000,BUY,false,
3924405875,2288.22000000,0.00220000,BUY,false,
3924405876,2288.22000000,0.00220000,BUY,false,
3924405877,2288.22000000,0.11430000,BUY,false,
3924405878,2288.22000000,0.02510000,BUY,false,
3924405879,2288.22000000,0.00260000,BUY,false,
3924405880,2288.22000000,0.00390000,BUY,false,
3924405881,2288.22000000,0.02040000,BUY,false,
3924405882,2288.22000000,0.00230000,BUY,false,
3924405883,2288.22000000,0.00230000,BUY,false,
3924405884,2288.22000000,0.00240000,BUY,false,
3924405885,2288.22000000,0.00450000,BUY,false,
3924405886,2288.22000000,0.00220000,BUY,false,
3924405887,2288.22000000,0.00220000,BUY,false,
3924405888,2288.22000000,0.13940000,BUY,false,
3924405889,2288.22000000,0.00220000,BUY,false,
3924405890,2288.22000000,0.00220000,BUY,false,
3924405891,2288.22000000,0.09040000,BUY,false,
3924405892,2288.22000000,0.00220000,BUY,false,
3924405893,2288.22000000,0.00220000,BUY,false,
3924405894,2288.22000000,0.00220000,BUY,false,
3924405895,2288.22000000,0.00220000,BUY,false,
3924405896,2288.23000000,0.00220000,BUY,false,
3924405897,2288.23000000,0.00240000,BUY,false,
3924405898,2288.23000000,0.00230000,BUY,false,
3924405899,2288.23000000,0.00230000,BUY,false,
3924405900,2288.23000000,0.00230000,BUY,false,
3924405901,2288.23000000,0.00230000,BUY,false,
3924405902,2288.23000000,0.00450000,BUY,false,
3924405903,2288.23000000,0.00220000,BUY,false,
3924405904,2288.23000000,0.00240000,BUY,false,
3924405905,2288.23000000,0.02620000,BUY,false,
3924405906,2288.23000000,0.00230000,BUY,false,
3924405907,2288.23000000,0.00230000,BUY,false,
3924405908,2288.23000000,0.00230000,BUY,false,
3924405909,2288.23000000,0.00240000,BUY,false,
3924405910,2288.23000000,0.00450000,BUY,false,
3924405911,2288.24000000,0.00240000,BUY,false,
3924405912,2288.24000000,0.00230000,BUY,false,
3924405913,2288.24000000,0.00230000,BUY,false,
3924405914,2288.25000000,0.00220000,BUY,false,
3924405915,2288.25000000,0.00220000,BUY,false,
3924405916,2288.25000000,0.00220000,BUY,false,
3924405917,2288.25000000,0.00240000,BUY,false,
3924405918,2288.25000000,0.00220000,BUY,false,
3924405919,2288.25000000,0.00220000,BUY,false,
3924405920,2288.25000000,0.00220000,BUY,false,
3924405921,2288.25000000,0.00220000,BUY,false,
3924405922,2288.25000000,0.00220000,BUY,false,
3924405923,2288.25000000,0.00220000,BUY,false,
3924405924,2288.26000000,0.00220000,BUY,false,
3924405925,2288.26000000,0.00240000,BUY,false,
3924405926,2288.26000000,0.00220000,BUY,false,
3924405927,2288.27000000,0.00230000,BUY,false,
3924405928,2288.27000000,0.00240000,BUY,false,
3924405929,2288.28000000,0.00240000,BUY,false,
3924405930,2288.29000000,0.00230000,BUY,false,
3924405931,2288.29000000,0.00240000,BUY,false,
3924405932,2288.30000000,0.00300000,BUY,false,
3924405933,2288.30000000,0.00220000,BUY,false,
3924405934,2288.30000000,0.00240000,BUY,false,
3924405935,2288.30000000,0.00230000,BUY,false,
3924405936,2288.30000000,0.00230000,BUY,false,
3924405937,2288.30000000,0.00220000,BUY,false,
3924405938,2288.30000000,0.00230000,BUY,false,
3924405939,2288.30000000,0.00220000,BUY,false,
3924405940,2288.30000000,0.00220000,BUY,false,
3924405941,2288.30000000,0.00220000,BUY,false,
3924405942,2288.31000000,0.10930000,BUY,false,
3924405943,2288.31000000,0.00220000,BUY,false,
3924405944,2288.31000000,0.00240000,BUY,false,
3924405945,2288.31000000,0.00220000,BUY,false,
3924405946,2288.33000000,0.02190000,BUY,false,
3924405947,2288.33000000,0.00220000,BUY,false,
3924405948,2288.33000000,0.00230000,BUY,false,
3924405949,2288.33000000,0.00220000,BUY,false,
3924405950,2288.33000000,0.00220000,BUY,false,
3924405951,2288.33000000,0.00230000,BUY,false,
3924405952,2288.33000000,0.00240000,BUY,false,
3924405953,2288.33000000,0.00220000,BUY,false,
3924405954,2288.33000000,0.00220000,BUY,false,
3924405955,2288.35000000,0.00220000,BUY,false,
3924405956,2288.35000000,0.05000000,BUY,false,
3924405957,2288.35000000,0.00230000,BUY,false,
3924405958,2288.35000000,0.00230000,BUY,false,
3924405959,2288.35000000,0.03760000,BUY,false,
3924405960,2288.35000000,0.00220000,BUY,false,
3924405961,2288.35000000,0.00230000,BUY,false,
3924405962,2288.35000000,0.00220000,BUY,false,
3924405963,2288.35000000,0.00220000,BUY,false,
3924405964,2288.35000000,0.00220000,BUY,false,
3924405965,2288.36000000,0.04370000,BUY,false,
3924405966,2288.36000000,0.06860000,BUY,false,LARGE
3924405967,2288.36000000,0.00220000,BUY,false,
3924405968,2288.36000000,0.00230000,BUY,false,
3924405969,2288.36000000,0.00230000,BUY,false,
3924405970,2288.36000000,0.00220000,BUY,false,
3924405971,2288.36000000,0.00230000,BUY,false,
3924405972,2288.37000000,0.03550000,BUY,false,
3924405973,2288.36000000,0.00870000,SELL,true,
3924405974,2288.37000000,0.00800000,BUY,false,
3924405975,2288.37000000,0.00800000,BUY,false,
3924405976,2288.37000000,0.10300000,BUY,false,LARGE
3924405977,2288.37000000,0.00450000,BUY,false,
3924405978,2288.37000000,0.00240000,BUY,false,
3924405979,2288.37000000,0.00220000,BUY,false,
3924405980,2288.37000000,0.00550000,BUY,false,
3924405981,2288.37000000,0.00450000,BUY,false,
3924405982,2288.37000000,0.00450000,BUY,false,
3924405983,2288.37000000,0.00450000,BUY,false,
3924405984,2288.37000000,0.00450000,BUY,false,
3924405985,2288.37000000,0.00230000,BUY,false,
3924405986,2288.37000000,0.72810000,BUY,false,LARGE
3924405987,2288.36000000,0.03540000,SELL,true,
3924405988,2288.36000000,0.09990000,SELL,true,LARGE
3924405989,2288.37000000,0.00600000,BUY,false,
3924405990,2288.36000000,0.00820000,SELL,true,
3924405991,2288.36000000,0.04990000,SELL,true,LARGE
3924405992,2288.37000000,0.00220000,BUY,false,
3924405993,2288.37000000,0.00240000,BUY,false,
3924405994,2288.37000000,0.00160000,BUY,false,
3924405995,2288.37000000,0.00290000,BUY,false,
3924405996,2288.37000000,0.00080000,BUY,false,
3924405997,2288.36000000,0.03550000,SELL,true,
3924405998,2288.37000000,0.01010000,BUY,false,
3924405999,2288.37000000,0.24880000,BUY,false,LARGE
3924406000,2288.37000000,0.00450000,BUY,false,
3924406001,2288.37000000,0.00450000,BUY,false,
3924406002,2288.37000000,0.00260000,BUY,false,
3924406003,2288.37000000,0.00450000,BUY,false,
3924406004,2288.37000000,0.13900000,BUY,false,LARGE
3924406005,2288.37000000,0.00450000,BUY,false,
3924406006,2288.37000000,0.00450000,BUY,false,
3924406007,2288.37000000,0.00230000,BUY,false,
3924406008,2288.37000000,0.13900000,BUY,false,LARGE
3924406009,2288.37000000,0.00240000,BUY,false,
3924406010,2288.37000000,0.00230000,BUY,false,
3924406011,2288.37000000,0.00230000,BUY,false,
3924406012,2288.37000000,0.00230000,BUY,false,
3924406013,2288.37000000,0.11200000,BUY,false,LARGE
3924406014,2288.37000000,0.02700000,BUY,false,
3924406015,2288.37000000,0.07260000,BUY,false,LARGE
3924406016,2288.37000000,0.01670000,BUY,false,
3924406017,2288.36000000,0.52170000,SELL,true,LARGE
3924406018,2288.37000000,0.00510000,BUY,false,
3924406019,2288.37000000,0.01270000,BUY,false,
3924406020,2288.36000000,0.04780000,SELL,true,
3924406021,2288.37000000,0.03190000,BUY,false,
3924406022,2288.37000000,0.00220000,BUY,false,
3924406023,2288.37000000,0.00230000,BUY,false,
3924406024,2288.37000000,0.00450000,BUY,false,
3924406025,2288.37000000,0.13900000,BUY,false,LARGE
3924406026,2288.37000000,0.00450000,BUY,false,
3924406027,2288.37000000,3.25800000,BUY,false,LARGE
3924406028,2288.37000000,0.00450000,BUY,false,
3924406029,2288.37000000,0.00450000,BUY,false,
3924406030,2288.37000000,0.02570000,BUY,false,
3924406031,2288.37000000,0.00450000,BUY,false,
3924406032,2288.37000000,0.00450000,BUY,false,
3924406033,2288.37000000,0.00260000,BUY,false,
3924406034,2288.37000000,0.00230000,BUY,false,
3924406035,2288.37000000,0.13900000,BUY,false,
3924406036,2288.37000000,0.00220000,BUY,false,
3924406037,2288.37000000,0.13900000,BUY,false,
3924406038,2288.37000000,0.13900000,BUY,false,
3924406039,2288.37000000,0.13070000,BUY,false,
3924406040,2288.37000000,0.03580000,BUY,false,
3924406041,2288.38000000,0.00220000,BUY,false,
3924406042,2288.38000000,0.00230000,BUY,false,
3924406043,2288.38000000,0.00220000,BUY,false,
3924406044,2288.38000000,0.00220000,BUY,false,
3924406045,2288.38000000,0.00220000,BUY,false,
3924406046,2288.38000000,0.00220000,BUY,false,
3924406047,2288.39000000,0.00230000,BUY,false,
3924406048,2288.39000000,0.00230000,BUY,false,
3924406049,2288.39000000,0.00230000,BUY,false,
3924406050,2288.40000000,0.00300000,BUY,false,
3924406051,2288.40000000,0.00220000,BUY,false,
3924406052,2288.40000000,0.00240000,BUY,false,
3924406053,2288.40000000,0.00230000,BUY,false,
3924406054,2288.40000000,0.01180000,BUY,false,
3924406055,2288.40000000,0.02170000,BUY,false,
3924406056,2288.40000000,0.02170000,BUY,false,
3924406057,2288.40000000,0.01480000,BUY,false,
3924406058,2288.40000000,0.00220000,BUY,false,
3924406059,2288.41000000,0.00220000,BUY,false,
3924406060,2288.41000000,0.00220000,BUY,false,
3924406061,2288.41000000,0.00240000,BUY,false,
3924406062,2288.41000000,0.05160000,BUY,false,
3924406063,2288.41000000,0.00220000,BUY,false,
3924406064,2288.41000000,0.00220000,BUY,false,
3924406065,2288.42000000,0.00230000,BUY,false,
3924406066,2288.42000000,0.00240000,BUY,false,
3924406067,2288.42000000,0.00230000,BUY,false,
3924406068,2288.43000000,0.00220000,BUY,false,
3924406069,2288.43000000,0.00240000,BUY,false,
3924406070,2288.43000000,0.00220000,BUY,false,
3924406071,2288.44000000,0.00220000,BUY,false,
3924406072,2288.44000000,0.00220000,BUY,false,
3924406073,2288.44000000,0.00240000,BUY,false,
3924406074,2288.44000000,0.00220000,BUY,false,
3924406075,2288.44000000,0.00220000,BUY,false,
3924406076,2288.44000000,0.00220000,BUY,false,
3924406077,2288.44000000,0.00220000,BUY,false,
3924406078,2288.45000000,0.00240000,BUY,false,
3924406079,2288.46000000,0.00220000,BUY,false,
3924406080,2288.46000000,0.00220000,BUY,false,
3924406081,2288.46000000,0.00100000,BUY,false,
3924406082,2288.46000000,0.00140000,BUY,false,
3924406083,2288.46000000,0.00220000,BUY,false,
3924406084,2288.46000000,0.00220000,BUY,false,
3924406085,2288.47000000,0.00230000,BUY,false,
3924406086,2288.48000000,0.00220000,BUY,false,
3924406087,2288.48000000,0.00220000,BUY,false,
3924406088,2288.49000000,0.00230000,BUY,false,
3924406089,2288.50000000,0.00300000,BUY,false,
3924406090,2288.50000000,0.00220000,BUY,false,
3924406091,2288.50000000,0.00430000,BUY,false,
3924406092,2288.50000000,0.00220000,BUY,false,
3924406093,2288.51000000,0.00220000,BUY,false,
3924406094,2288.51000000,0.00220000,BUY,false,
3924406095,2288.52000000,0.00220000,BUY,false,
3924406096,2288.52000000,0.00220000,BUY,false,
3924406097,2288.52000000,0.00220000,BUY,false,
3924406098,2288.52000000,0.00220000,BUY,false,
3924406099,2288.52000000,0.00220000,BUY,false,
3924406100,2288.53000000,0.00230000,BUY,false,
3924406101,2288.53000000,0.00230000,BUY,false,
3924406102,2288.53000000,0.00230000,BUY,false,
3924406103,2288.54000000,0.10930000,BUY,false,
3924406104,2288.54000000,0.00220000,BUY,false,
3924406105,2288.54000000,0.53910000,BUY,false,LARGE
3924406106,2288.54000000,0.54430000,BUY,false,LARGE
3924406107,2288.54000000,0.00220000,BUY,false,
3924406108,2288.55000000,0.00220000,BUY,false,
3924406109,2288.55000000,0.00220000,BUY,false,
3924406110,2288.55000000,0.00220000,BUY,false,
3924406111,2288.55000000,0.00220000,BUY,false,
3924406112,2288.55000000,0.00220000,BUY,false,
3924406113,2288.55000000,0.00220000,BUY,false,
3924406114,2288.56000000,0.00230000,BUY,false,
3924406115,2288.56000000,0.02190000,BUY,false,
3924406116,2288.56000000,0.06000000,BUY,false,
3924406117,2288.56000000,0.00220000,BUY,false,
3924406118,2288.56000000,0.00220000,BUY,false,
3924406119,2288.56000000,0.00220000,BUY,false,
3924406120,2288.56000000,0.00220000,BUY,false,
3924406121,2288.57000000,0.06870000,BUY,false,
3924406122,2288.58000000,0.00230000,BUY,false,
3924406123,2288.58000000,0.00230000,BUY,false,
3924406124,2288.58000000,0.00230000,BUY,false,
3924406125,2288.59000000,0.00220000,BUY,false,
3924406126,2288.59000000,0.00230000,BUY,false,
3924406127,2288.59000000,0.00230000,BUY,false,
3924406128,2288.59000000,0.00220000,BUY,false,
3924406129,2288.59000000,0.00230000,BUY,false,
3924406130,2288.59000000,0.00220000,BUY,false,
3924406131,2288.59000000,0.00220000,BUY,false,
3924406132,2288.59000000,0.00220000,BUY,false,
3924406133,2288.60000000,0.00300000,BUY,false,
3924406134,2288.60000000,0.00220000,BUY,false,
3924406135,2288.60000000,0.03000000,BUY,false,
3924406136,2288.60000000,0.00230000,BUY,false,
3924406137,2288.60000000,0.00220000,BUY,false,
3924406138,2288.61000000,0.00220000,BUY,false,
3924406139,2288.61000000,0.00220000,BUY,false,
3924406140,2288.63000000,0.00220000,BUY,false,
3924406141,2288.63000000,0.20000000,BUY,false,LARGE
3924406142,2288.63000000,8.63560000,BUY,false,LARGE
3924406143,2288.63000000,0.00220000,BUY,false,
3924406144,2288.64000000,0.00650000,BUY,false,
3924406145,2288.64000000,0.00220000,BUY,false,
3924406146,2288.64000000,0.00220000,BUY,false,
3924406147,2288.64000000,0.00220000,BUY,false,
3924406148,2288.64000000,0.00220000,BUY,false,
3924406149,2288.64000000,0.00220000,BUY,false,
3924406150,2288.65000000,0.00440000,BUY,false,
3924406151,2288.65000000,0.00220000,BUY,false,
3924406152,2288.65000000,0.00220000,BUY,false,
3924406153,2288.65000000,0.20000000,BUY,false,
3924406154,2288.65000000,0.10000000,BUY,false,
3924406155,2288.65000000,0.05150000,BUY,false,
3924406156,2288.65000000,0.10310000,BUY,false,
3924406157,2288.65000000,0.00220000,BUY,false,
3924406158,2288.65000000,0.00220000,BUY,false,
3924406159,2288.66000000,0.00220000,BUY,false,
3924406160,2288.66000000,0.04370000,BUY,false,
3924406161,2288.66000000,0.80000000,BUY,false,LARGE
3924406162,2288.66000000,0.40000000,BUY,false,LARGE
3924406163,2288.66000000,0.04360000,BUY,false,
3924406164,2288.67000000,0.00220000,BUY,false,
3924406165,2288.67000000,0.00220000,BUY,false,
3924406166,2288.67000000,0.00220000,BUY,false,
3924406167,2288.67000000,0.00220000,BUY,false,
3924406168,2288.67000000,0.00220000,BUY,false,
3924406169,2288.68000000,0.00220000,BUY,false,
3924406170,2288.68000000,0.00220000,BUY,false,
3924406171,2288.68000000,0.00220000,BUY,false,
3924406172,2288.68000000,0.00220000,BUY,false,
3924406173,2288.68000000,0.00220000,BUY,false,
3924406174,2288.69000000,0.00230000,BUY,false,
3924406175,2288.69000000,0.00220000,BUY,false,
3924406176,2288.69000000,0.00230000,BUY,false,
3924406177,2288.69000000,0.10000000,BUY,false,
3924406178,2288.69000000,0.00220000,BUY,false,
3924406179,2288.70000000,0.00890000,BUY,false,
3924406180,2288.70000000,0.00300000,BUY,false,
3924406181,2288.70000000,0.00220000,BUY,false,
3924406182,2288.70000000,0.03000000,BUY,false,
3924406183,2288.70000000,0.00220000,BUY,false,
3924406184,2288.71000000,0.00220000,BUY,false,
3924406185,2288.71000000,0.03440000,BUY,false,
3924406186,2288.71000000,0.00220000,BUY,false,
3924406187,2288.71000000,0.00220000,BUY,false,
3924406188,2288.71000000,0.00220000,BUY,false,
3924406189,2288.71000000,0.00220000,BUY,false,
3924406190,2288.72000000,0.00220000,BUY,false,
3924406191,2288.72000000,0.00220000,BUY,false,
3924406192,2288.72000000,0.00220000,BUY,false,
3924406193,2288.72000000,0.00220000,BUY,false,
3924406194,2288.72000000,0.00220000,BUY,false,
3924406195,2288.73000000,0.00220000,BUY,false,
3924406196,2288.73000000,0.03760000,BUY,false,
3924406197,2288.73000000,0.00220000,BUY,false,
3924406198,2288.73000000,0.00220000,BUY,false,
3924406199,2288.73000000,0.00220000,BUY,false,
3924406200,2288.73000000,0.00220000,BUY,false,
3924406201,2288.74000000,0.00440000,BUY,false,
3924406202,2288.74000000,0.00220000,BUY,false,
3924406203,2288.74000000,0.00220000,BUY,false,
3924406204,2288.74000000,0.00220000,BUY,false,
3924406205,2288.74000000,0.00220000,BUY,false,
3924406206,2288.74000000,0.00220000,BUY,false,
3924406207,2288.75000000,0.00220000,BUY,false,
3924406208,2288.75000000,0.00220000,BUY,false,
3924406209,2288.75000000,0.00220000,BUY,false,
3924406210,2288.75000000,0.00220000,BUY,false,
3924406211,2288.75000000,0.00220000,BUY,false,
3924406212,2288.77000000,0.10930000,BUY,false,
3924406213,2288.77000000,0.00220000,BUY,false,
3924406214,2288.77000000,0.00220000,BUY,false,
3924406215,2288.77000000,0.40000000,BUY,false,LARGE
3924406216,2288.77000000,0.00220000,BUY,false,
3924406217,2288.78000000,0.00220000,BUY,false,
3924406218,2288.78000000,0.00220000,BUY,false,
3924406219,2288.78000000,0.00220000,BUY,false,
3924406220,2288.78000000,0.00220000,BUY,false,
3924406221,2288.78000000,0.00220000,BUY,false,
3924406222,2288.79000000,0.02190000,BUY,false,
3924406223,2288.79000000,0.00220000,BUY,false,
3924406224,2288.79000000,0.00220000,BUY,false,
3924406225,2288.80000000,0.00300000,BUY,false,
3924406226,2288.80000000,0.03000000,BUY,false,
3924406227,2288.80000000,0.00220000,BUY,false,
3924406228,2288.80000000,0.00220000,BUY,false,
3924406229,2288.81000000,0.80000000,BUY,false,LARGE
3924406230,2288.82000000,0.04370000,BUY,false,
3924406231,2288.82000000,0.00220000,BUY,false,
3924406232,2288.82000000,0.00220000,BUY,false,
3924406233,2288.83000000,0.00230000,BUY,false,
3924406234,2288.84000000,29.28640000,BUY,false,LARGE
3924406235,2288.85000000,0.00440000,BUY,false,
3924406236,2288.85000000,0.04360000,BUY,false,
3924406237,2288.86000000,0.00230000,BUY,false,
3924406238,2288.88000000,0.00220000,BUY,false,
3924406239,2288.88000000,0.00250000,BUY,false,
3924406240,2288.89000000,0.05150000,BUY,false,
3924406241,2288.90000000,0.00300000,BUY,false,
3924406242,2288.90000000,0.00650000,BUY,false,
3924406243,2288.90000000,0.43680000,BUY,false,
3924406244,2288.90000000,0.00960000,BUY,false,
3924406245,2288.91000000,0.00450000,BUY,false,
3924406246,2288.91000000,0.06000000,BUY,false,
3924406247,2288.91000000,0.56700000,BUY,false,
3924406248,2288.92000000,0.56700000,BUY,false,
3924406249,2288.93000000,0.02380000,BUY,false,
3924406250,2288.93000000,0.64800000,BUY,false,
3924406251,2288.93000000,0.40500000,BUY,false,
3924406252,2288.93000000,0.00220000,BUY,false,
3924406253,2288.94000000,0.75600000,BUY,false,
3924406254,2288.94000000,0.75600000,BUY,false,
3924406255,2288.95000000,2.18440000,BUY,false,LARGE
3924406256,2288.96000000,0.00230000,BUY,false,
3924406257,2288.96000000,0.04360000,BUY,false,
3924406258,2288.97000000,0.01000000,BUY,false,
3924406259,2288.99000000,0.00270000,BUY,false,
3924406260,2288.99000000,0.00220000,BUY,false,
3924406261,2288.99000000,0.86400000,BUY,false,
3924406262,2289.00000000,0.28580000,BUY,false,
3924406263,2289.00000000,0.10930000,BUY,false,
3924406264,2289.00000000,0.00300000,BUY,false,
3924406265,2289.00000000,0.00340000,BUY,false,
3924406266,2289.00000000,0.00260000,BUY,false,
3924406267,2289.00000000,0.01000000,BUY,false,
3924406268,2289.00000000,1.00000000,BUY,false,
3924406269,2289.00000000,0.00300000,BUY,false,
3924406270,2289.00000000,0.00650000,BUY,false,
3924406271,2289.00000000,0.03000000,BUY,false,
3924406272,2289.00000000,0.83700000,BUY,false,
3924406273,2289.01000000,15.00000000,BUY,false,LARGE
3924406274,2289.01000000,2.18430000,BUY,false,LARGE
3924406275,2289.01000000,0.94500000,BUY,false,
3924406276,2289.02000000,0.02190000,BUY,false,
3924406277,2289.02000000,0.00440000,BUY,false,
3924406278,2289.02000000,0.83700000,BUY,false,
3924406279,2289.02000000,0.78300000,BUY,false,
3924406280,2289.03000000,0.00230000,BUY,false,
3924406281,2289.03000000,0.94500000,BUY,false,
3924406282,2289.03000000,0.56700000,BUY,false,
3924406283,2289.04000000,0.00350000,BUY,false,
3924406284,2289.04000000,0.64800000,BUY,false,
3924406285,2289.04000000,0.06870000,BUY,false,
3924406286,2289.06000000,0.00800000,BUY,false,
3924406287,2289.06000000,0.00360000,BUY,false,
3924406288,2289.06000000,0.01950000,BUY,false,
3924406289,2289.07000000,0.00890000,BUY,false,
3924406290,2289.08000000,0.00440000,BUY,false,
3924406291,2289.08000000,0.22720000,BUY,false,
3924406292,2289.09000000,0.00450000,BUY,false,
3924406293,2289.10000000,0.00420000,BUY,false,
3924406294,2289.10000000,0.00220000,BUY,false,
3924406295,2289.10000000,0.00230000,BUY,false,
3924406296,2289.10000000,0.00270000,BUY,false,
3924406297,2289.10000000,0.00300000,BUY,false,
3924406298,2289.10000000,0.03000000,BUY,false,
3924406299,2289.12000000,0.03760000,BUY,false,
3924406300,2289.12000000,0.05150000,BUY,false,
3924406301,2289.12000000,0.10310000,BUY,false,
3924406302,2289.13000000,0.05320000,BUY,false,
3924406303,2289.13000000,0.00230000,BUY,false,
3924406304,2289.14000000,0.00440000,BUY,false,
3924406305,2289.14000000,0.17480000,BUY,false,
3924406306,2289.16000000,0.89550000,BUY,false,
3924406307,2289.16000000,0.81260000,BUY,false,
3924406308,2289.18000000,0.04320000,BUY,false,
3924406309,2289.19000000,0.07530000,BUY,false,
3924406310,2289.20000000,0.00440000,BUY,false,
3924406311,2289.20000000,0.00300000,BUY,false,
3924406312,2289.20000000,0.03000000,BUY,false,
3924406313,2289.21000000,0.00220000,BUY,false,
3924406314,2289.21000000,0.00270000,BUY,false,
3924406315,2289.23000000,0.10930000,BUY,false,
3924406316,2289.25000000,0.02190000,BUY,false,
3924406317,2289.25000000,0.84160000,BUY,false,
3924406318,2289.25000000,5.40170000,BUY,false,LARGE
3924406319,2289.26000000,0.04840000,BUY,false,
3924406320,2289.28000000,0.02080000,BUY,false,
3924406321,2289.29000000,0.00850000,BUY,false,
3924406322,2289.30000000,0.00300000,BUY,false,
3924406323,2289.30000000,0.00650000,BUY,false,
3924406324,2289.30000000,0.03000000,BUY,false,
3924406325,2289.31000000,0.00440000,BUY,false,
3924406326,2289.32000000,0.00270000,BUY,false,
3924406327,2289.32000000,0.01680000,BUY,false,
3924406328,2289.32000000,0.00220000,BUY,false,
3924406329,2289.32000000,0.32280000,BUY,false,
3924406330,2289.33000000,0.00580000,BUY,false,
3924406331,2289.33000000,0.00670000,BUY,false,
3924406332,2289.35000000,1.29930000,BUY,false,
3924406333,2289.36000000,0.01590000,BUY,false,
3924406334,2289.36000000,0.11130000,BUY,false,
3924406335,2289.36000000,0.05150000,BUY,false,
3924406336,2289.37000000,0.00230000,BUY,false,
3924406337,2289.37000000,0.10000000,BUY,false,
3924406338,2289.39000000,0.07160000,BUY,false,
3924406339,2289.40000000,0.00300000,BUY,false,
3924406340,2289.40000000,0.03000000,BUY,false,
3924406341,2289.41000000,0.00340000,BUY,false,
3924406342,2289.42000000,0.00440000,BUY,false,
3924406343,2289.43000000,0.00220000,BUY,false,
3924406344,2289.44000000,0.00890000,BUY,false,
3924406345,2289.45000000,2.21390000,BUY,false,LARGE
3924406346,2289.45000000,0.80000000,BUY,false,
3924406347,2289.45000000,0.20000000,BUY,false,
3924406348,2289.45000000,0.40000000,BUY,false,
3924406349,2289.18000000,0.04360000,BUY,false,
3924406350,2289.45000000,0.00230000,BUY,false,
3924406351,2289.45000000,0.00020000,BUY,false,
3924406352,2289.45000000,0.10000000,BUY,false,
3924406353,2289.45000000,0.28260000,BUY,false,
3924406354,2289.45000000,0.02260000,BUY,false,
3924406355,2289.45000000,0.03960000,BUY,false,
3924406356,2289.45000000,0.18960000,BUY,false,
3924406357,2289.44000000,1.40000000,SELL,true,LARGE
3924406358,2289.44000000,1.99220000,SELL,true,LARGE
3924406359,2289.44000000,4.51170000,SELL,true,LARGE
3924406360,2289.44000000,1.88510000,SELL,true,LARGE
3924406361,2289.44000000,0.00450000,SELL,true,
3924406362,2289.44000000,0.00220000,SELL,true,
3924406363,2289.44000000,0.00240000,SELL,true,
3924406364,2289.44000000,0.30990000,SELL,true,
3924406365,2289.44000000,1.00000000,SELL,true,
3924406366,2289.44000000,0.99080000,SELL,true,
3924406367,2289.44000000,0.00450000,SELL,true,
3924406368,2289.44000000,2.23160000,SELL,true,LARGE
3924406369,2289.44000000,0.00450000,SELL,true,
3924406370,2289.44000000,0.00450000,SELL,true,
3924406371,2289.44000000,0.00450000,SELL,true,
3924406372,2289.44000000,0.00450000,SELL,true,
3924406373,2289.44000000,0.00220000,SELL,true,
3924406374,2289.44000000,0.04200000,SELL,true,
3924406375,2289.44000000,0.00450000,SELL,true,
3924406376,2289.44000000,0.00450000,SELL,true,
3924406377,2289.43000000,0.00220000,SELL,true,
3924406378,2289.32000000,0.00220000,SELL,true,
3924406379,2289.21000000,0.00220000,SELL,true,
3924406380,2289.17000000,0.00820000,SELL,true,
3924406381,2289.44000000,0.80000000,BUY,false,
3924406382,2289.44000000,0.40000000,BUY,false,
3924406383,2289.43000000,0.00220000,SELL,true,
3924406384,2289.43000000,0.00220000,SELL,true,
3924406385,2289.43000000,0.00240000,SELL,true,
3924406386,2289.43000000,0.00220000,SELL,true,
3924406387,2289.43000000,0.00220000,SELL,true,
3924406388,2289.34000000,0.32750000,SELL,true,
3924406389,2289.34000000,0.00240000,SELL,true,
3924406390,2289.34000000,0.00220000,SELL,true,
3924406391,2289.34000000,0.00220000,SELL,true,
3924406392,2289.34000000,0.00220000,SELL,true,
3924406393,2289.34000000,0.00220000,SELL,true,
3924406394,2289.33000000,0.00220000,SELL,true,
3924406395,2289.33000000,0.00220000,SELL,true,
3924406396,2289.33000000,0.00220000,SELL,true,
3924406397,2289.33000000,0.00450000,SELL,true,
3924406398,2289.33000000,0.00220000,SELL,true,
3924406399,2289.33000000,0.00240000,SELL,true,
3924406400,2289.33000000,0.01050000,SELL,true,
3924406401,2289.33000000,0.51100000,SELL,true,
3924406402,2289.34000000,0.20320000,BUY,false,
3924406403,2289.33000000,0.00220000,SELL,true,
3924406404,2289.33000000,0.00220000,SELL,true,
3924406405,2289.33000000,0.00220000,SELL,true,
3924406406,2289.33000000,0.00220000,SELL,true,
3924406407,2289.33000000,0.00240000,SELL,true,
3924406408,2289.33000000,0.00450000,SELL,true,
3924406409,2289.22000000,0.00240000,SELL,true,
3924406410,2289.22000000,0.00220000,SELL,true,
3924406411,2289.22000000,0.00220000,SELL,true,
3924406412,2289.22000000,0.00450000,SELL,true,
3924406413,2289.22000000,0.19750000,SELL,true,
3924406414,2289.22000000,0.11200000,SELL,true,
3924406415,2289.22000000,0.39490000,SELL,true,
3924406416,2289.22000000,0.00960000,SELL,true,
3924406417,2289.22000000,0.00220000,SELL,true,
3924406418,2289.22000000,0.00220000,SELL,true,
3924406419,2289.21000000,0.00220000,SELL,true,
3924406420,2289.21000000,0.00230000,SELL,true,
3924406421,2289.21000000,0.00240000,SELL,true,
3924406422,2289.18000000,0.00230000,SELL,true,
3924406423,2289.18000000,0.00230000,SELL,true,
3924406424,2289.18000000,0.00240000,SELL,true,
3924406425,2289.18000000,0.00230000,SELL,true,
3924406426,2289.17000000,0.04750000,SELL,true,
3924406427,2289.17000000,0.13280000,SELL,true,
3924406428,2289.17000000,0.00240000,SELL,true,
3924406429,2289.15000000,0.00240000,SELL,true,
3924406430,2289.15000000,0.00450000,SELL,true,
3924406431,2289.14000000,0.00220000,SELL,true,
3924406432,2289.14000000,0.00240000,SELL,true,
3924406433,2289.14000000,0.00220000,SELL,true,
3924406434,2289.14000000,0.00220000,SELL,true,
3924406435,2289.14000000,0.00220000,SELL,true,
3924406436,2289.14000000,0.00220000,SELL,true,
3924406437,2289.13000000,0.00220000,SELL,true,
3924406438,2289.13000000,0.00240000,SELL,true,
3924406439,2289.13000000,0.00220000,SELL,true,
3924406440,2289.13000000,0.00220000,SELL,true,
3924406441,2289.13000000,0.00220000,SELL,true,
3924406442,2289.13000000,0.00220000,SELL,true,
3924406443,2289.12000000,0.00240000,SELL,true,
3924406444,2289.12000000,0.00450000,SELL,true,
3924406445,2289.12000000,0.00220000,SELL,true,
3924406446,2289.12000000,0.00590000,SELL,true,
3924406447,2289.12000000,0.00220000,SELL,true,
3924406448,2289.10000000,0.00220000,SELL,true,
3924406449,2289.10000000,0.00220000,SELL,true,
3924406450,2289.10000000,0.00220000,SELL,true,
3924406451,2289.10000000,0.00240000,SELL,true,
3924406452,2289.10000000,0.00220000,SELL,true,
3924406453,2289.10000000,0.00220000,SELL,true,
3924406454,2289.09000000,0.00240000,SELL,true,
3924406455,2289.08000000,0.00220000,SELL,true,
3924406456,2289.08000000,0.00240000,SELL,true,
3924406457,2289.08000000,0.00220000,SELL,true,
3924406458,2289.08000000,0.00220000,SELL,true,
3924406459,2289.08000000,0.00220000,SELL,true,
3924406460,2289.08000000,0.00220000,SELL,true,
3924406461,2289.07000000,0.00220000,SELL,true,
3924406462,2289.07000000,0.00240000,SELL,true,
3924406463,2289.07000000,0.00220000,SELL,true,
3924406464,2289.07000000,0.00220000,SELL,true,
3924406465,2289.07000000,0.00220000,SELL,true,
3924406466,2289.07000000,0.00220000,SELL,true,
3924406467,2289.07000000,0.00220000,SELL,true,
3924406468,2289.07000000,0.00220000,SELL,true,
3924406469,2289.06000000,0.00240000,SELL,true,
3924406470,2289.05000000,0.00440000,SELL,true,
3924406471,2289.05000000,0.00220000,SELL,true,
3924406472,2289.05000000,0.00240000,SELL,true,
3924406473,2289.05000000,0.00220000,SELL,true,
3924406474,2289.05000000,0.11200000,SELL,true,LARGE
3924406475,2289.05000000,0.00220000,SELL,true,
3924406476,2289.05000000,0.00220000,SELL,true,
3924406477,2289.04000000,0.00230000,SELL,true,
3924406478,2289.04000000,0.00230000,SELL,true,
3924406479,2289.04000000,0.00230000,SELL,true,
3924406480,2289.03000000,0.00240000,SELL,true,
3924406481,2289.03000000,0.01100000,SELL,true,
3924406482,2289.04000000,0.04320000,BUY,false,
3924406483,2289.03000000,0.00310000,SELL,true,
3924406484,2289.04000000,0.00700000,BUY,false,
3924406485,2289.04000000,0.30830000,BUY,false,LARGE
3924406486,2289.03000000,0.30430000,SELL,true,LARGE
3924406487,2289.03000000,0.00220000,SELL,true,
3924406488,2289.03000000,0.00450000,SELL,true,
3924406489,2289.03000000,0.11200000,SELL,true,LARGE
3924406490,2289.03000000,0.00240000,SELL,true,
3924406491,2289.03000000,0.02600000,SELL,true,
3924406492,2289.03000000,0.00230000,SELL,true,
3924406493,2289.03000000,0.00230000,SELL,true,
3924406494,2289.03000000,0.00230000,SELL,true,
3924406495,2289.03000000,0.00230000,SELL,true,
3924406496,2289.03000000,0.00360000,SELL,true,
3924406497,2289.03000000,0.00230000,SELL,true,
3924406498,2289.03000000,0.00220000,SELL,true,
3924406499,2289.02000000,0.02190000,SELL,true,
3924406500,2289.02000000,0.00220000,SELL,true,
3924406501,2289.02000000,0.00240000,SELL,true,
3924406502,2289.02000000,0.00230000,SELL,true,
3924406503,2289.02000000,0.00230000,SELL,true,
3924406504,2289.02000000,0.00230000,SELL,true,
3924406505,2289.02000000,0.00230000,SELL,true,
3924406506,2289.02000000,0.00220000,SELL,true,
3924406507,2289.02000000,0.00220000,SELL,true,
3924406508,2289.02000000,0.00220000,SELL,true,
3924406509,2289.02000000,0.00220000,SELL,true,
3924406510,2289.01000000,0.00220000,SELL,true,
3924406511,2289.01000000,0.00240000,SELL,true,
3924406512,2289.01000000,0.00230000,SELL,true,
3924406513,2289.01000000,0.00230000,SELL,true,
3924406514,2289.01000000,0.00220000,SELL,true,
3924406515,2289.01000000,0.00230000,SELL,true,
3924406516,2289.01000000,0.00220000,SELL,true,
3924406517,2289.01000000,0.00220000,SELL,true,
3924406518,2289.01000000,0.00220000,SELL,true,
3924406519,2289.00000000,0.10930000,SELL,true,LARGE
3924406520,2289.00000000,0.00220000,SELL,true,
3924406521,2289.00000000,0.00240000,SELL,true,
3924406522,2289.00000000,0.00220000,SELL,true,
3924406523,2289.00000000,2.62180000,SELL,true,LARGE
3924406524,2289.00000000,0.00450000,SELL,true,
3924406525,2289.00000000,0.00230000,SELL,true,
3924406526,2289.00000000,0.00230000,SELL,true,
3924406527,2289.00000000,0.00230000,SELL,true,
3924406528,2289.00000000,0.00450000,SELL,true,
3924406529,2289.00000000,0.04030000,SELL,true,
3924406530,2289.00000000,0.00230000,SELL,true,
3924406531,2289.00000000,0.00220000,SELL,true,
3924406532,2289.00000000,0.00220000,SELL,true,
3924406533,2288.99000000,0.00220000,SELL,true,
3924406534,2288.99000000,0.00240000,SELL,true,
3924406535,2288.99000000,0.00230000,SELL,true,
3924406536,2288.99000000,0.00230000,SELL,true,
3924406537,2288.99000000,0.00230000,SELL,true,
3924406538,2288.99000000,0.00230000,SELL,true,
3924406539,2288.99000000,0.00220000,SELL,true,
3924406540,2288.99000000,0.00220000,SELL,true,
3924406541,2288.99000000,0.00220000,SELL,true,
3924406542,2288.98000000,0.00220000,SELL,true,
3924406543,2288.98000000,0.00240000,SELL,true,
3924406544,2288.98000000,0.00230000,SELL,true,
3924406545,2288.98000000,0.00220000,SELL,true,
3924406546,2288.97000000,0.00240000,SELL,true,
3924406547,2288.96000000,0.00220000,SELL,true,
3924406548,2288.96000000,0.00240000,SELL,true,
3924406549,2288.96000000,0.00230000,SELL,true,
3924406550,2288.96000000,0.00220000,SELL,true,
3924406551,2288.94000000,0.00240000,SELL,true,
3924406552,2288.94000000,0.00230000,SELL,true,
3924406553,2288.93000000,0.00240000,SELL,true,
3924406554,2288.93000000,0.00230000,SELL,true,
3924406555,2288.93000000,0.00230000,SELL,true,
3924406556,2288.93000000,0.00230000,SELL,true,
3924406557,2288.92000000,0.12740000,SELL,true,LARGE
3924406558,2288.92000000,0.00230000,SELL,true,
3924406559,2288.92000000,0.00230000,SELL,true,
3924406560,2288.92000000,0.00240000,SELL,true,
3924406561,2288.92000000,0.00220000,SELL,true,
3924406562,2288.92000000,0.00230000,SELL,true,
3924406563,2288.92000000,0.00220000,SELL,true,
3924406564,2288.91000000,0.00240000,SELL,true,
3924406565,2288.91000000,0.00450000,SELL,true,
3924406566,2288.91000000,0.00230000,SELL,true,
3924406567,2288.91000000,0.00230000,SELL,true,
3924406568,2288.90000000,0.00220000,SELL,true,
3924406569,2288.90000000,0.00220000,SELL,true,
3924406570,2288.90000000,0.00220000,SELL,true,
3924406571,2288.90000000,0.00240000,SELL,true,
3924406572,2288.90000000,0.00230000,SELL,true,
3924406573,2288.90000000,0.00230000,SELL,true,
3924406574,2288.90000000,0.00220000,SELL,true,
3924406575,2288.90000000,0.00220000,SELL,true,
3924406576,2288.90000000,0.00220000,SELL,true,
3924406577,2288.90000000,0.00220000,SELL,true,
3924406578,2288.90000000,0.00220000,SELL,true,
3924406579,2288.90000000,0.00220000,SELL,true,
3924406580,2288.88000000,0.00220000,SELL,true,
3924406581,2288.88000000,0.05150000,SELL,true,
3924406582,2288.88000000,0.00240000,SELL,true,
3924406583,2288.88000000,0.00230000,SELL,true,
3924406584,2288.88000000,0.00230000,SELL,true,
3924406585,2288.88000000,0.00230000,SELL,true,
3924406586,2288.87000000,0.00220000,SELL,true,
3924406587,2288.87000000,0.00220000,SELL,true,
3924406588,2288.87000000,0.00450000,SELL,true,
3924406589,2288.87000000,0.00230000,SELL,true,
3924406590,2288.87000000,0.00230000,SELL,true,
3924406591,2288.87000000,0.00230000,SELL,true,
3924406592,2288.87000000,0.00220000,SELL,true,
3924406593,2288.87000000,0.00220000,SELL,true,
3924406594,2288.87000000,0.00220000,SELL,true,
3924406595,2288.87000000,0.00220000,SELL,true,
3924406596,2288.87000000,0.00220000,SELL,true,
3924406597,2288.87000000,0.00220000,SELL,true,
3924406598,2288.87000000,0.00220000,SELL,true,
3924406599,2288.87000000,0.00220000,SELL,true,
3924406600,2288.86000000,0.00230000,SELL,true,
3924406601,2288.86000000,0.00230000,SELL,true,
3924406602,2288.86000000,0.00230000,SELL,true,
3924406603,2288.85000000,0.00220000,SELL,true,
3924406604,2288.85000000,0.00240000,SELL,true,
3924406605,2288.85000000,0.00220000,SELL,true,
3924406606,2288.85000000,0.00220000,SELL,true,
3924406607,2288.85000000,0.00220000,SELL,true,
3924406608,2288.85000000,0.00220000,SELL,true,
3924406609,2288.84000000,0.00220000,SELL,true,
3924406610,2288.84000000,0.00230000,SELL,true,
3924406611,2288.84000000,0.00240000,SELL,true,
3924406612,2288.84000000,0.00220000,SELL,true,
3924406613,2288.84000000,0.00220000,SELL,true,
3924406614,2288.84000000,0.00220000,SELL,true,
3924406615,2288.84000000,0.00220000,SELL,true,
3924406616,2288.83000000,0.00230000,SELL,true,
3924406617,2288.83000000,0.00230000,SELL,true,
3924406618,2288.83000000,0.00240000,SELL,true,
3924406619,2288.83000000,0.00230000,SELL,true,
3924406620,2288.82000000,0.00220000,SELL,true,
3924406621,2288.82000000,0.00240000,SELL,true,
3924406622,2288.82000000,0.00450000,SELL,true,
3924406623,2288.82000000,0.00230000,SELL,true,
3924406624,2288.82000000,0.00230000,SELL,true,
3924406625,2288.82000000,0.00230000,SELL,true,
3924406626,2288.82000000,0.00220000,SELL,true,
3924406627,2288.82000000,0.00230000,SELL,true,
3924406628,2288.82000000,0.00230000,SELL,true,
3924406629,2288.82000000,0.00230000,SELL,true,
3924406630,2288.82000000,0.00230000,SELL,true,
3924406631,2288.82000000,0.21020000,SELL,true,LARGE
3924406632,2288.82000000,0.00220000,SELL,true,
3924406633,2288.82000000,0.00220000,SELL,true,
3924406634,2288.82000000,0.00220000,SELL,true,
3924406635,2288.82000000,0.00220000,SELL,true,
3924406636,2288.82000000,0.00220000,SELL,true,
3924406637,2288.81000000,0.00220000,SELL,true,
3924406638,2288.81000000,0.00240000,SELL,true,
3924406639,2288.81000000,0.00230000,SELL,true,
3924406640,2288.81000000,0.00230000,SELL,true,
3924406641,2288.81000000,0.00230000,SELL,true,
3924406642,2288.81000000,0.00230000,SELL,true,
3924406643,2288.81000000,0.00220000,SELL,true,
3924406644,2288.81000000,0.00220000,SELL,true,
3924406645,2288.81000000,0.00220000,SELL,true,
3924406646,2288.81000000,0.00220000,SELL,true,
3924406647,2288.80000000,0.00220000,SELL,true,
3924406648,2288.80000000,0.00240000,SELL,true,
3924406649,2288.80000000,1.15880000,SELL,true,LARGE
3924406650,2288.80000000,0.00450000,SELL,true,
3924406651,2288.80000000,0.00230000,SELL,true,
3924406652,2288.80000000,0.00230000,SELL,true,
3924406653,2288.80000000,0.00230000,SELL,true,
3924406654,2288.80000000,0.00230000,SELL,true,
3924406655,2288.80000000,0.00230000,SELL,true,
3924406656,2288.80000000,0.00230000,SELL,true,
3924406657,2288.80000000,0.00230000,SELL,true,
3924406658,2288.80000000,0.73660000,SELL,true,LARGE
3924406659,2288.80000000,0.00450000,SELL,true,
3924406660,2288.80000000,0.00230000,SELL,true,
3924406661,2288.80000000,0.00220000,SELL,true,
3924406662,2288.79000000,0.02190000,SELL,true,
3924406663,2288.79000000,0.00220000,SELL,true,
3924406664,2288.79000000,0.00240000,SELL,true,
3924406665,2288.79000000,0.00230000,SELL,true,
3924406666,2288.79000000,0.00230000,SELL,true,
3924406667,2288.79000000,0.00230000,SELL,true,
3924406668,2288.79000000,0.00230000,SELL,true,
3924406669,2288.79000000,0.00230000,SELL,true,
3924406670,2288.79000000,0.00220000,SELL,true,
3924406671,2288.79000000,0.00230000,SELL,true,
3924406672,2288.79000000,0.00220000,SELL,true,
3924406673,2288.79000000,0.00230000,SELL,true,
3924406674,2288.79000000,0.00220000,SELL,true,
3924406675,2288.78000000,0.00230000,SELL,true,
3924406676,2288.78000000,0.00230000,SELL,true,
3924406677,2288.78000000,0.00240000,SELL,true,
3924406678,2288.78000000,0.18290000,SELL,true,LARGE
3924406679,2288.78000000,0.00230000,SELL,true,
3924406680,2288.78000000,0.00230000,SELL,true,
3924406681,2288.77000000,0.00220000,SELL,true,
3924406682,2288.77000000,0.10930000,SELL,true,LARGE
3924406683,2288.77000000,0.00220000,SELL,true,
3924406684,2288.77000000,0.00240000,SELL,true,
3924406685,2288.77000000,0.00220000,SELL,true,
3924406686,2288.76000000,0.00220000,SELL,true,
3924406687,2288.76000000,0.00220000,SELL,true,
3924406688,2288.76000000,0.00240000,SELL,true,
3924406689,2288.76000000,0.00220000,SELL,true,
3924406690,2288.76000000,0.00220000,SELL,true,
3924406691,2288.76000000,0.00220000,SELL,true,
3924406692,2288.76000000,0.00220000,SELL,true,
3924406693,2288.76000000,0.00220000,SELL,true,
3924406694,2288.75000000,0.00240000,SELL,true,
3924406695,2288.75000000,0.00230000,SELL,true,
3924406696,2288.74000000,0.03760000,SELL,true,
3924406697,2288.74000000,0.00240000,SELL,true,
3924406698,2288.74000000,0.00220000,SELL,true,
3924406699,2288.74000000,0.00220000,SELL,true,
3924406700,2288.72000000,0.00220000,SELL,true,
3924406701,2288.72000000,0.00240000,SELL,true,
3924406702,2288.72000000,0.00450000,SELL,true,
3924406703,2288.72000000,0.00230000,SELL,true,
3924406704,2288.72000000,0.00230000,SELL,true,
3924406705,2288.72000000,0.00230000,SELL,true,
3924406706,2288.72000000,0.00230000,SELL,true,
3924406707,2288.72000000,0.00450000,SELL,true,
3924406708,2288.72000000,0.22740000,SELL,true,LARGE
3924406709,2288.72000000,0.00220000,SELL,true,
3924406710,2288.72000000,0.00220000,SELL,true,
3924406711,2288.72000000,0.00220000,SELL,true,
3924406712,2288.72000000,0.00220000,SELL,true,
3924406713,2288.71000000,0.00220000,SELL,true,
3924406714,2288.71000000,0.00240000,SELL,true,
3924406715,2288.71000000,0.00230000,SELL,true,
3924406716,2288.71000000,0.00230000,SELL,true,
3924406717,2288.71000000,0.00230000,SELL,true,
3924406718,2288.71000000,0.00230000,SELL,true,
3924406719,2288.71000000,0.00220000,SELL,true,
3924406720,2288.71000000,0.00220000,SELL,true,
3924406721,2288.71000000,0.00220000,SELL,true,
3924406722,2288.71000000,0.00220000,SELL,true,
3924406723,2288.70000000,0.00220000,SELL,true,
3924406724,2288.70000000,0.00300000,SELL,true,
3924406725,2288.70000000,0.00230000,SELL,true,
3924406726,2288.70000000,0.00240000,SELL,true,
3924406727,2288.70000000,0.00220000,SELL,true,
3924406728,2288.70000000,0.00220000,SELL,true,
3924406729,2288.70000000,0.00220000,SELL,true,
3924406730,2288.70000000,0.00220000,SELL,true,
3924406731,2288.69000000,0.00220000,SELL,true,
3924406732,2288.69000000,0.00240000,SELL,true,
3924406733,2288.69000000,0.00220000,SELL,true,
3924406734,2288.69000000,0.00220000,SELL,true,
3924406735,2288.69000000,0.00220000,SELL,true,
3924406736,2288.69000000,0.00220000,SELL,true,
3924406737,2288.68000000,0.00220000,SELL,true,
3924406738,2288.68000000,0.02240000,SELL,true,
3924406739,2288.68000000,0.00240000,SELL,true,
3924406740,2288.68000000,0.00220000,SELL,true,
3924406741,2288.68000000,0.00220000,SELL,true,
3924406742,2288.68000000,0.00220000,SELL,true,
3924406743,2288.68000000,0.00220000,SELL,true,
3924406744,2288.67000000,0.00220000,SELL,true,
3924406745,2288.67000000,0.00240000,SELL,true,
3924406746,2288.67000000,0.00220000,SELL,true,
3924406747,2288.67000000,0.00220000,SELL,true,
3924406748,2288.67000000,0.00220000,SELL,true,
3924406749,2288.67000000,0.00220000,SELL,true,
3924406750,2288.66000000,0.00220000,SELL,true,
3924406751,2288.66000000,0.00220000,SELL,true,
3924406752,2288.66000000,0.00240000,SELL,true,
3924406753,2288.66000000,0.00220000,SELL,true,
3924406754,2288.66000000,0.00220000,SELL,true,
3924406755,2288.66000000,0.00220000,SELL,true,
3924406756,2288.66000000,0.00220000,SELL,true,
3924406757,2288.65000000,0.00220000,SELL,true,
3924406758,2288.65000000,0.00230000,SELL,true,
3924406759,2288.65000000,0.00230000,SELL,true,
3924406760,2288.65000000,0.00240000,SELL,true,
3924406761,2288.65000000,0.00220000,SELL,true,
3924406762,2288.65000000,0.00230000,SELL,true,
3924406763,2288.65000000,0.00220000,SELL,true,
3924406764,2288.65000000,0.00220000,SELL,true,
3924406765,2288.65000000,0.00220000,SELL,true,
3924406766,2288.64000000,0.00220000,SELL,true,
3924406767,2288.64000000,0.10310000,SELL,true,LARGE
3924406768,2288.64000000,0.00240000,SELL,true,
3924406769,2288.64000000,0.00220000,SELL,true,
3924406770,2288.64000000,0.00220000,SELL,true,
3924406771,2288.64000000,0.00220000,SELL,true,
3924406772,2288.64000000,0.00220000,SELL,true,
3924406773,2288.63000000,0.01680000,SELL,true,
3924406774,2288.63000000,0.00220000,SELL,true,
3924406775,2288.63000000,0.00220000,SELL,true,
3924406776,2288.62000000,0.00220000,SELL,true,
3924406777,2288.62000000,0.00220000,SELL,true,
3924406778,2288.61000000,0.00220000,SELL,true,
3924406779,2288.61000000,0.00220000,SELL,true,
3924406780,2288.60000000,0.00230000,SELL,true,
3924406781,2288.60000000,0.00220000,SELL,true,
3924406782,2288.60000000,0.02380000,SELL,true,LARGE
3924406783,2288.60000000,0.00300000,SELL,true,
3924406784,2288.60000000,0.00220000,SELL,true,
3924406785,2288.59000000,0.00230000,SELL,true,
3924406786,2288.59000000,0.00230000,SELL,true,
3924406787,2288.59000000,0.00230000,SELL,true,
3924406788,2288.59000000,0.03820000,BUY,false,LARGE
3924406789,2288.58000000,0.00220000,SELL,true,
3924406790,2288.58000000,0.00450000,SELL,true,
3924406791,2288.58000000,0.00230000,SELL,true,
3924406792,2288.58000000,0.00230000,SELL,true,
3924406793,2288.58000000,0.00240000,SELL,true,
3924406794,2288.58000000,0.00220000,SELL,true,
3924406795,2288.58000000,0.00450000,SELL,true,
3924406796,2288.58000000,0.03340000,SELL,true,LARGE
3924406797,2288.59000000,1.85720000,BUY,false,LARGE
3924406798,2288.59000000,0.60040000,BUY,false,LARGE
3924406799,2288.58000000,0.01520000,SELL,true,
3924406800,2288.59000000,0.04880000,BUY,false,
3924406801,2288.59000000,0.00880000,BUY,false,
3924406802,2288.59000000,0.15290000,BUY,false,LARGE
3924406803,2288.59000000,0.00460000,BUY,false,
3924406804,2288.58000000,0.03920000,SELL,true,
3924406805,2288.58000000,0.09010000,SELL,true,
3924406806,2288.58000000,0.09280000,SELL,true,
3924406807,2288.58000000,0.00450000,SELL,true,
3924406808,2288.58000000,0.00450000,SELL,true,
3924406809,2288.58000000,0.00450000,SELL,true,
3924406810,2288.58000000,0.00450000,SELL,true,
3924406811,2288.58000000,0.28920000,SELL,true,LARGE
3924406812,2288.58000000,0.41080000,SELL,true,LARGE
3924406813,2288.58000000,0.00220000,SELL,true,
3924406814,2288.58000000,0.00220000,SELL,true,
3924406815,2288.58000000,0.00230000,SELL,true,
3924406816,2288.58000000,0.00240000,SELL,true,
3924406817,2288.58000000,0.00450000,SELL,true,
3924406818,2288.58000000,0.00230000,SELL,true,
3924406819,2288.58000000,0.00450000,SELL,true,
3924406820,2288.58000000,0.00220000,SELL,true,
3924406821,2288.58000000,0.00220000,SELL,true,
3924406822,2288.58000000,0.00220000,SELL,true,
3924406823,2288.57000000,0.00220000,SELL,true,
3924406824,2288.57000000,0.00230000,SELL,true,
3924406825,2288.57000000,0.00230000,SELL,true,
3924406826,2288.57000000,0.00240000,SELL,true,
3924406827,2288.57000000,0.00230000,SELL,true,
3924406828,2288.57000000,0.00230000,SELL,true,
3924406829,2288.57000000,0.00220000,SELL,true,
3924406830,2288.57000000,0.00230000,SELL,true,
3924406831,2288.56000000,0.02190000,SELL,true,
3924406832,2288.56000000,0.00220000,SELL,true,
3924406833,2288.56000000,0.06870000,SELL,true,
3924406834,2288.56000000,0.00240000,SELL,true,
3924406835,2288.56000000,0.57940000,SELL,true,LARGE
3924406836,2288.56000000,0.00220000,SELL,true,
3924406837,2288.55000000,0.00220000,SELL,true,
3924406838,2288.55000000,0.00220000,SELL,true,
3924406839,2288.55000000,0.00240000,SELL,true,
3924406840,2288.55000000,0.00230000,SELL,true,
3924406841,2288.55000000,0.00230000,SELL,true,
3924406842,2288.55000000,0.00220000,SELL,true,
3924406843,2288.55000000,0.00230000,SELL,true,
3924406844,2288.55000000,0.00220000,SELL,true,
3924406845,2288.55000000,0.00220000,SELL,true,
3924406846,2288.55000000,0.00220000,SELL,true,
3924406847,2288.54000000,0.10930000,SELL,true,
3924406848,2288.54000000,0.00220000,SELL,true,
3924406849,2288.54000000,0.00240000,SELL,true,
3924406850,2288.54000000,0.00220000,SELL,true,
3924406851,2288.54000000,0.00220000,SELL,true,
3924406852,2288.54000000,0.00220000,SELL,true,
3924406853,2288.54000000,0.00220000,SELL,true,
3924406854,2288.54000000,0.00220000,SELL,true,
3924406855,2288.53000000,0.00220000,SELL,true,
3924406856,2288.53000000,0.00240000,SELL,true,
3924406857,2288.53000000,0.00220000,SELL,true,
3924406858,2288.52000000,0.00220000,SELL,true,
3924406859,2288.52000000,0.00240000,SELL,true,
3924406860,2288.52000000,0.00220000,SELL,true,
3924406861,2288.51000000,0.00240000,SELL,true,
3924406862,2288.51000000,0.00230000,SELL,true,
3924406863,2288.51000000,0.00230000,SELL,true,
3924406864,2288.51000000,0.00230000,SELL,true,
3924406865,2288.51000000,0.00230000,SELL,true,
3924406866,2288.51000000,0.00230000,SELL,true,
3924406867,2288.51000000,0.00230000,SELL,true,
3924406868,2288.51000000,0.00230000,SELL,true,
3924406869,2288.51000000,0.00220000,SELL,true,
3924406870,2288.51000000,0.00450000,SELL,true,
3924406871,2288.51000000,0.00220000,SELL,true,
3924406872,2288.50000000,0.00300000,SELL,true,
3924406873,2288.50000000,0.00220000,SELL,true,
3924406874,2288.50000000,0.00220000,SELL,true,
3924406875,2288.50000000,0.00240000,SELL,true,
3924406876,2288.50000000,0.00230000,SELL,true,
3924406877,2288.50000000,0.00230000,SELL,true,
3924406878,2288.50000000,0.00230000,SELL,true,
3924406879,2288.50000000,0.00220000,SELL,true,
3924406880,2288.50000000,0.00220000,SELL,true,
3924406881,2288.49000000,0.00230000,SELL,true,
3924406882,2288.49000000,0.00240000,SELL,true,
3924406883,2288.48000000,0.00220000,SELL,true,
3924406884,2288.48000000,0.00240000,SELL,true,
3924406885,2288.48000000,0.00220000,SELL,true,
3924406886,2288.47000000,0.00220000,SELL,true,
3924406887,2288.47000000,0.00240000,SELL,true,
3924406888,2288.47000000,0.00220000,SELL,true,
3924406889,2288.47000000,0.00220000,SELL,true,
3924406890,2288.47000000,0.00220000,SELL,true,
3924406891,2288.47000000,0.00220000,SELL,true,
3924406892,2288.46000000,0.00220000,SELL,true,
3924406893,2288.46000000,0.00240000,SELL,true,
3924406894,2288.46000000,0.00220000,SELL,true,
3924406895,2288.46000000,0.00220000,SELL,true,
3924406896,2288.46000000,0.00220000,SELL,true,
3924406897,2288.46000000,0.00220000,SELL,true,
3924406898,2288.44000000,0.00220000,SELL,true,
3924406899,2288.44000000,0.00240000,SELL,true,
3924406900,2288.44000000,0.00450000,SELL,true,
3924406901,2288.44000000,0.00230000,SELL,true,
3924406902,2288.44000000,0.00230000,SELL,true,
3924406903,2288.44000000,0.00230000,SELL,true,
3924406904,2288.44000000,0.00230000,SELL,true,
3924406905,2288.44000000,0.00230000,SELL,true,
3924406906,2288.44000000,0.00230000,SELL,true,
3924406907,2288.44000000,0.00220000,SELL,true,
3924406908,2288.44000000,0.00220000,SELL,true,
3924406909,2288.44000000,0.00220000,SELL,true,
3924406910,2288.43000000,0.00230000,SELL,true,
3924406911,2288.43000000,0.00230000,SELL,true,
3924406912,2288.43000000,0.00230000,SELL,true,
3924406913,2288.41000000,0.00220000,SELL,true,
3924406914,2288.41000000,0.00240000,SELL,true,
3924406915,2288.41000000,0.00220000,SELL,true,
3924406916,2288.40000000,0.00300000,SELL,true,
3924406917,2288.40000000,0.00220000,SELL,true,
3924406918,2288.40000000,0.00240000,SELL,true,
3924406919,2288.40000000,0.00220000,SELL,true,
3924406920,2288.39000000,0.00240000,SELL,true,
3924406921,2288.37000000,0.04360000,SELL,true,LARGE
3924406922,2288.37000000,0.00220000,SELL,true,
3924406923,2288.37000000,0.00240000,SELL,true,
3924406924,2288.37000000,0.00230000,SELL,true,
3924406925,2288.37000000,0.00230000,SELL,true,
3924406926,2288.37000000,0.00220000,SELL,true,
3924406927,2288.37000000,0.00230000,SELL,true,
3924406928,2288.36000000,0.01300000,SELL,true,
3924406929,2288.36000000,0.01300000,SELL,true,
3924406930,2288.36000000,0.01300000,SELL,true,
3924406931,2288.36000000,0.01300000,SELL,true,
3924406932,2288.36000000,0.01300000,SELL,true,
3924406933,2288.36000000,0.01300000,SELL,true,
3924406934,2288.36000000,0.01300000,SELL,true,
3924406935,2288.36000000,0.00220000,SELL,true,
3924406936,2288.36000000,0.00220000,SELL,true,
3924406937,2288.36000000,0.00240000,SELL,true,
3924406938,2288.36000000,0.00230000,SELL,true,
3924406939,2288.36000000,0.00450000,SELL,true,
3924406940,2288.36000000,0.00230000,SELL,true,
3924406941,2288.36000000,0.00230000,SELL,true,
3924406942,2288.36000000,0.00230000,SELL,true,
3924406943,2288.36000000,0.00230000,SELL,true,
3924406944,2288.36000000,0.00230000,SELL,true,
3924406945,2288.36000000,0.00450000,SELL,true,
3924406946,2288.36000000,0.00220000,SELL,true,
3924406947,2288.36000000,0.00220000,SELL,true,
3924406948,2288.35000000,0.00230000,SELL,true,
3924406949,2288.35000000,0.00240000,SELL,true,
3924406950,2288.35000000,0.00230000,SELL,true,
3924406951,2288.35000000,0.00230000,SELL,true,
3924406952,2288.35000000,0.00230000,SELL,true,
3924406953,2288.35000000,0.00230000,SELL,true,
3924406954,2288.34000000,0.00240000,SELL,true,
3924406955,2288.33000000,0.00220000,SELL,true,
3924406956,2288.33000000,0.02190000,SELL,true,LARGE
3924406957,2288.33000000,0.06000000,SELL,true,LARGE
3924406958,2288.33000000,0.00220000,SELL,true,
3924406959,2288.33000000,0.00240000,SELL,true,
3924406960,2288.33000000,0.00220000,SELL,true,
3924406961,2288.32000000,0.00220000,SELL,true,
3924406962,2288.32000000,0.00230000,SELL,true,
3924406963,2288.32000000,0.00230000,SELL,true,
3924406964,2288.32000000,0.00240000,SELL,true,
3924406965,2288.32000000,0.00220000,SELL,true,
3924406966,2288.32000000,0.00230000,SELL,true,
3924406967,2288.32000000,0.00220000,SELL,true,
3924406968,2288.32000000,0.00220000,SELL,true,
3924406969,2288.32000000,0.00220000,SELL,true,
3924406970,2288.31000000,0.10930000,SELL,true,LARGE
3924406971,2288.31000000,0.00220000,SELL,true,
3924406972,2288.31000000,0.00240000,SELL,true,
3924406973,2288.31000000,0.00220000,SELL,true,
3924406974,2288.31000000,0.00220000,SELL,true,
3924406975,2288.31000000,0.00220000,SELL,true,
3924406976,2288.31000000,0.00220000,SELL,true,
3924406977,2288.30000000,0.00230000,SELL,true,
3924406978,2288.30000000,0.00300000,SELL,true,
3924406979,2288.30000000,0.00220000,SELL,true,
3924406980,2288.30000000,0.00220000,SELL,true,
3924406981,2288.30000000,0.00240000,SELL,true,
3924406982,2288.30000000,0.00220000,SELL,true,
3924406983,2288.30000000,0.00220000,SELL,true,
3924406984,2288.29000000,0.00240000,SELL,true,
3924406985,2288.28000000,0.00240000,SELL,true,
3924406986,2288.27000000,0.00220000,SELL,true,
3924406987,2288.27000000,0.00220000,SELL,true,
3924406988,2288.27000000,0.00970000,SELL,true,
3924406989,2288.27000000,0.00220000,SELL,true,
3924406990,2288.27000000,0.00220000,SELL,true,
3924406991,2288.26000000,0.00230000,SELL,true,
3924406992,2288.25000000,0.00220000,SELL,true,
3924406993,2288.25000000,0.00230000,SELL,true,
3924406994,2288.25000000,0.00220000,SELL,true,
3924406995,2288.24000000,0.00230000,SELL,true,
3924406996,2288.22000000,0.00220000,SELL,true,
3924406997,2288.22000000,0.00220000,SELL,true,
3924406998,2288.22000000,0.00230000,SELL,true,
3924406999,2288.22000000,0.00230000,SELL,true,
3924407000,2288.22000000,0.00220000,SELL,true,
3924407001,2288.22000000,0.00230000,SELL,true,
3924407002,2288.22000000,0.00220000,SELL,true,
3924407003,2288.22000000,0.00220000,SELL,true,
3924407004,2288.22000000,0.00220000,SELL,true,
3924407005,2288.21000000,0.08960000,SELL,true,LARGE
3924407006,2288.22000000,0.01480000,BUY,false,
3924407007,2288.21000000,0.00860000,SELL,true,
3924407008,2288.22000000,0.97220000,BUY,false,LARGE
3924407009,2288.22000000,0.00960000,BUY,false,
3924407010,2288.22000000,0.01240000,BUY,false,
3924407011,2288.22000000,0.03090000,BUY,false,
3924407012,2288.22000000,0.05460000,BUY,false,LARGE
3924407013,2288.21000000,6.38080000,SELL,true,LARGE
3924407014,2288.21000000,1.26850000,SELL,true,LARGE
3924407015,2288.21000000,1.11010000,SELL,true,LARGE
3924407016,2288.21000000,1.14240000,SELL,true,LARGE
3924407017,2288.21000000,0.00220000,SELL,true,
3924407018,2288.21000000,0.00450000,SELL,true,
3924407019,2288.21000000,0.00230000,SELL,true,
3924407020,2288.21000000,0.00240000,SELL,true,
3924407021,2288.21000000,0.00450000,SELL,true,
3924407022,2288.21000000,0.22380000,SELL,true,
3924407023,2288.21000000,0.00230000,SELL,true,
3924407024,2288.21000000,0.04000000,SELL,true,
3924407025,2288.21000000,0.00450000,SELL,true,
3924407026,2288.21000000,0.00450000,SELL,true,
3924407027,2288.21000000,0.00220000,SELL,true,
3924407028,2288.21000000,0.00220000,SELL,true,
3924407029,2288.21000000,0.00220000,SELL,true,
3924407030,2288.21000000,0.00220000,SELL,true,
3924407031,2288.20000000,0.00220000,SELL,true,
3924407032,2288.20000000,0.00220000,SELL,true,
3924407033,2288.20000000,0.00220000,SELL,true,
3924407034,2288.20000000,0.00230000,SELL,true,
3924407035,2288.20000000,0.00230000,SELL,true,
3924407036,2288.20000000,0.00230000,SELL,true,
3924407037,2288.20000000,0.00220000,SELL,true,
3924407038,2288.20000000,0.00240000,SELL,true,
3924407039,2288.20000000,0.00230000,SELL,true,
3924407040,2288.20000000,0.00220000,SELL,true,
3924407041,2288.20000000,0.00220000,SELL,true,
3924407042,2288.20000000,0.00220000,SELL,true,
3924407043,2288.20000000,0.00230000,SELL,true,
3924407044,2288.20000000,0.00220000,SELL,true,
3924407045,2288.19000000,0.28970000,SELL,true,
3924407046,2288.19000000,0.00240000,SELL,true,
3924407047,2288.19000000,0.00220000,SELL,true,
3924407048,2288.19000000,0.00230000,SELL,true,
3924407049,2288.19000000,0.00450000,SELL,true,
3924407050,2288.19000000,0.00220000,SELL,true,
3924407051,2288.19000000,0.00230000,SELL,true,
3924407052,2288.19000000,0.00450000,SELL,true,
3924407053,2288.19000000,0.00220000,SELL,true,
3924407054,2288.19000000,0.00220000,SELL,true,
3924407055,2288.18000000,0.00240000,SELL,true,
3924407056,2288.18000000,0.00230000,SELL,true,
3924407057,2288.18000000,0.00230000,SELL,true,
3924407058,2288.18000000,0.00230000,SELL,true,
3924407059,2288.17000000,0.00240000,SELL,true,
3924407060,2288.16000000,0.00230000,SELL,true,
3924407061,2288.16000000,0.00230000,SELL,true,
3924407062,2288.16000000,0.00240000,SELL,true,
3924407063,2288.15000000,0.00240000,SELL,true,
3924407064,2288.14000000,0.00240000,SELL,true,
3924407065,2288.13000000,0.00220000,SELL,true,
3924407066,2288.13000000,0.00240000,SELL,true,
3924407067,2288.13000000,0.00220000,SELL,true,
3924407068,2288.12000000,0.00890000,SELL,true,
3924407069,2288.12000000,0.00220000,SELL,true,
3924407070,2288.12000000,0.00240000,SELL,true,
3924407071,2288.12000000,0.00230000,SELL,true,
3924407072,2288.12000000,0.00220000,SELL,true,
3924407073,2288.11000000,0.00220000,SELL,true,
3924407074,2288.11000000,0.00220000,SELL,true,
3924407075,2288.11000000,0.00240000,SELL,true,
3924407076,2288.11000000,0.00220000,SELL,true,
3924407077,2288.11000000,0.00220000,SELL,true,
3924407078,2288.11000000,0.00220000,SELL,true,
3924407079,2288.11000000,0.00220000,SELL,true,
3924407080,2288.10000000,0.00300000,SELL,true,
3924407081,2288.10000000,0.02190000,SELL,true,
3924407082,2288.10000000,0.00220000,SELL,true,
3924407083,2288.10000000,0.00220000,SELL,true,
3924407084,2288.09000000,0.00230000,SELL,true,
3924407085,2288.09000000,0.00220000,SELL,true,
3924407086,2288.09000000,0.00230000,SELL,true,
3924407087,2288.09000000,0.00230000,SELL,true,
3924407088,2288.09000000,0.00220000,SELL,true,
3924407089,2288.09000000,0.00230000,SELL,true,
3924407090,2288.08000000,0.10930000,SELL,true,
3924407091,2288.08000000,0.00220000,SELL,true,
3924407092,2288.08000000,0.00450000,SELL,true,
3924407093,2288.08000000,0.00230000,SELL,true,
3924407094,2288.08000000,0.00230000,SELL,true,
3924407095,2288.08000000,0.00240000,SELL,true,
3924407096,2288.08000000,0.00230000,SELL,true,
3924407097,2288.08000000,0.00230000,SELL,true,
3924407098,2288.08000000,0.00450000,SELL,true,
3924407099,2288.08000000,0.00230000,SELL,true,
3924407100,2288.08000000,0.00220000,SELL,true,
3924407101,2288.07000000,0.00220000,SELL,true,
3924407102,2288.07000000,0.00240000,SELL,true,
3924407103,2288.07000000,0.00230000,SELL,true,
3924407104,2288.07000000,0.00230000,SELL,true,
3924407105,2288.07000000,0.00230000,SELL,true,
3924407106,2288.07000000,0.00220000,SELL,true,
3924407107,2288.06000000,0.00220000,SELL,true,
3924407108,2288.06000000,0.00240000,SELL,true,
3924407109,2288.06000000,0.00220000,SELL,true,
3924407110,2288.03000000,0.00230000,SELL,true,
3924407111,2288.03000000,0.00240000,SELL,true,
3924407112,2288.02000000,0.00240000,SELL,true,
3924407113,2288.00000000,0.00220000,SELL,true,
3924407114,2288.00000000,0.00300000,SELL,true,
3924407115,2288.00000000,0.05240000,SELL,true,
3924407116,2288.00000000,0.00220000,SELL,true,
3924407117,2288.00000000,0.00240000,SELL,true,
3924407118,2288.00000000,0.00220000,SELL,true,
3924407119,2288.00000000,0.00220000,SELL,true,
3924407120,2288.00000000,0.00220000,SELL,true,
3924407121,2288.00000000,0.00220000,SELL,true,
3924407122,2287.98000000,0.00220000,SELL,true,
3924407123,2287.98000000,0.00220000,SELL,true,
3924407124,2287.98000000,0.00240000,SELL,true,
3924407125,2287.98000000,0.00220000,SELL,true,
3924407126,2287.98000000,0.00220000,SELL,true,
3924407127,2287.97000000,0.00240000,SELL,true,
3924407128,2287.95000000,0.00240000,SELL,true,
3924407129,2287.94000000,0.00220000,SELL,true,
3924407130,2287.94000000,0.00220000,SELL,true,
3924407131,2287.94000000,0.00240000,SELL,true,
3924407132,2287.94000000,0.00220000,SELL,true,
3924407133,2287.94000000,0.00220000,SELL,true,
3924407134,2287.93000000,0.00230000,SELL,true,
3924407135,2287.93000000,0.00230000,SELL,true,
3924407136,2287.93000000,0.00230000,SELL,true,
3924407137,2287.93000000,0.07350000,BUY,false,LARGE
3924407138,2287.92000000,0.91910000,SELL,true,LARGE
3924407139,2287.92000000,9.08090000,SELL,true,LARGE
3924407140,2287.92000000,0.00220000,SELL,true,
3924407141,2287.92000000,0.00450000,SELL,true,
3924407142,2287.92000000,0.00230000,SELL,true,
3924407143,2287.92000000,0.00230000,SELL,true,
3924407144,2287.92000000,0.00230000,SELL,true,
3924407145,2287.92000000,0.00240000,SELL,true,
3924407146,2287.92000000,0.00450000,SELL,true,
3924407147,2287.92000000,0.00230000,SELL,true,
3924407148,2287.92000000,1.02940000,SELL,true,LARGE
3924407149,2287.92000000,0.00220000,SELL,true,
3924407150,2287.92000000,0.00220000,SELL,true,
3924407151,2287.92000000,0.00220000,SELL,true,
3924407152,2287.92000000,0.00220000,SELL,true,
3924407153,2287.91000000,0.00220000,SELL,true,
3924407154,2287.91000000,0.00230000,SELL,true,
3924407155,2287.91000000,0.00240000,SELL,true,
3924407156,2287.91000000,0.00230000,SELL,true,
3924407157,2287.91000000,0.00230000,SELL,true,
3924407158,2287.91000000,0.00230000,SELL,true,
3924407159,2287.91000000,0.00220000,SELL,true,
3924407160,2287.90000000,0.00300000,SELL,true,
3924407161,2287.90000000,0.00220000,SELL,true,
3924407162,2287.90000000,0.00230000,SELL,true,
3924407163,2287.90000000,0.00230000,SELL,true,
3924407164,2287.90000000,0.00240000,SELL,true,
3924407165,2287.90000000,0.00220000,SELL,true,
3924407166,2287.90000000,0.00230000,SELL,true,
3924407167,2287.89000000,0.00230000,SELL,true,
3924407168,2287.89000000,0.04370000,SELL,true,
3924407169,2287.89000000,0.00220000,SELL,true,
3924407170,2287.89000000,0.00220000,SELL,true,
3924407171,2287.89000000,0.05150000,SELL,true,
3924407172,2287.89000000,0.00240000,SELL,true,
3924407173,2287.89000000,0.00220000,SELL,true,
3924407174,2287.89000000,0.00220000,SELL,true,
3924407175,2287.89000000,0.00220000,SELL,true,
3924407176,2287.89000000,0.00220000,SELL,true,
3924407177,2287.88000000,0.00220000,SELL,true,
3924407178,2287.88000000,0.00240000,SELL,true,
3924407179,2287.88000000,0.00220000,SELL,true,
3924407180,2287.87000000,0.02190000,SELL,true,
3924407181,2287.87000000,0.03750000,SELL,true,
3924407182,2287.87000000,0.00220000,SELL,true,
3924407183,2287.87000000,0.00240000,SELL,true,
3924407184,2287.87000000,0.00220000,SELL,true,
3924407185,2287.86000000,0.00220000,SELL,true,
3924407186,2287.86000000,0.00240000,SELL,true,
3924407187,2287.86000000,0.00230000,SELL,true,
3924407188,2287.86000000,0.00230000,SELL,true,
3924407189,2287.86000000,0.00220000,SELL,true,
3924407190,2287.86000000,0.00230000,SELL,true,
3924407191,2287.85000000,0.10930000,SELL,true,
3924407192,2287.85000000,0.00220000,SELL,true,
3924407193,2287.85000000,0.00240000,SELL,true,
3924407194,2287.85000000,0.00220000,SELL,true,
3924407195,2287.85000000,0.00220000,SELL,true,
3924407196,2287.85000000,0.00220000,SELL,true,
3924407197,2287.84000000,0.00240000,SELL,true,
3924407198,2287.83000000,0.00230000,SELL,true,
3924407199,2287.83000000,0.00240000,SELL,true,
3924407200,2287.82000000,0.00220000,SELL,true,
3924407201,2287.82000000,0.00220000,SELL,true,
3924407202,2287.80000000,0.00300000,SELL,true,
3924407203,2287.80000000,0.00220000,SELL,true,
3924407204,2287.80000000,0.00220000,SELL,true,
3924407205,2287.80000000,0.00220000,SELL,true,
3924407206,2287.80000000,0.00220000,SELL,true,
3924407207,2287.79000000,0.00450000,SELL,true,
3924407208,2287.78000000,0.00230000,SELL,true,
3924407209,2287.78000000,0.00220000,SELL,true,
3924407210,2287.78000000,0.00220000,SELL,true,
3924407211,2287.78000000,0.00220000,SELL,true,
3924407212,2287.77000000,0.04360000,SELL,true,
3924407213,2287.77000000,0.00220000,SELL,true,
3924407214,2287.77000000,0.00220000,SELL,true,
3924407215,2287.77000000,0.00220000,SELL,true,
3924407216,2287.77000000,0.00220000,SELL,true,
3924407217,2287.77000000,0.00220000,SELL,true,
3924407218,2287.76000000,0.00220000,SELL,true,
3924407219,2287.76000000,0.00220000,SELL,true,
3924407220,2287.76000000,0.00220000,SELL,true,
3924407221,2287.76000000,0.00220000,SELL,true,
3924407222,2287.76000000,0.00220000,SELL,true,
3924407223,2287.75000000,0.00220000,SELL,true,
3924407224,2287.75000000,0.00220000,SELL,true,
3924407225,2287.75000000,0.00220000,SELL,true,
3924407226,2287.75000000,0.00220000,SELL,true,
3924407227,2287.75000000,0.00220000,SELL,true,
3924407228,2287.74000000,0.00220000,SELL,true,
3924407229,2287.74000000,0.00220000,SELL,true,
3924407230,2287.73000000,0.00220000,SELL,true,
3924407231,2287.73000000,0.00220000,SELL,true,
3924407232,2287.73000000,0.00220000,SELL,true,
3924407233,2287.73000000,0.00220000,SELL,true,
3924407234,2287.72000000,0.00230000,SELL,true,
3924407235,2287.72000000,0.00230000,SELL,true,
3924407236,2287.72000000,0.00230000,SELL,true,
3924407237,2287.71000000,0.00440000,SELL,true,
3924407238,2287.71000000,0.53680000,SELL,true,LARGE
3924407239,2287.70000000,0.00300000,SELL,true,
3924407240,2287.70000000,0.00220000,SELL,true,
3924407241,2287.70000000,0.00220000,SELL,true,
3924407242,2287.69000000,0.00220000,SELL,true,
3924407243,2287.69000000,0.00220000,SELL,true,
3924407244,2287.68000000,0.00220000,SELL,true,
3924407245,2287.68000000,0.00220000,SELL,true,
3924407246,2287.67000000,0.00270000,SELL,true,
3924407247,2287.67000000,0.00220000,SELL,true,
3924407248,2287.67000000,0.00230000,SELL,true,
3924407249,2287.67000000,0.00220000,SELL,true,
3924407250,2287.67000000,0.00220000,SELL,true,
3924407251,2287.67000000,0.00220000,SELL,true,
3924407252,2287.67000000,0.00220000,SELL,true,
3924407253,2287.67000000,0.00220000,SELL,true,
3924407254,2287.66000000,0.03750000,SELL,true,LARGE
3924407255,2287.66000000,0.00220000,SELL,true,
3924407256,2287.66000000,0.00220000,SELL,true,
3924407257,2287.65000000,0.02190000,SELL,true,
3924407258,2287.65000000,0.03870000,SELL,true,LARGE
3924407259,2287.65000000,0.01280000,SELL,true,
3924407260,2287.64000000,0.00220000,SELL,true,
3924407261,2287.64000000,0.00220000,SELL,true,
3924407262,2287.63000000,0.08280000,SELL,true,LARGE
3924407263,2287.63000000,0.02650000,SELL,true,
3924407264,2287.63000000,0.00440000,SELL,true,
3924407265,2287.63000000,0.00220000,SELL,true,
3924407266,2287.63000000,0.00220000,SELL,true,
3924407267,2287.63000000,0.00220000,SELL,true,
3924407268,2287.63000000,0.00220000,SELL,true,
3924407269,2287.62000000,0.00230000,SELL,true,
3924407270,2287.61000000,0.04380000,SELL,true,LARGE
3924407271,2287.61000000,0.00220000,SELL,true,
3924407272,2287.61000000,0.00220000,SELL,true,
3924407273,2287.60000000,0.00300000,SELL,true,
3924407274,2287.60000000,0.00220000,SELL,true,
3924407275,2287.60000000,0.00220000,SELL,true,
3924407276,2287.58000000,0.00230000,SELL,true,
3924407277,2287.58000000,0.00230000,SELL,true,
3924407278,2287.58000000,0.00230000,SELL,true,
3924407279,2287.57000000,0.02400000,SELL,true,
3924407280,2287.57000000,0.00220000,SELL,true,
3924407281,2287.57000000,0.00220000,SELL,true,
3924407282,2287.57000000,0.00220000,SELL,true,
3924407283,2287.57000000,0.00230000,SELL,true,
3924407284,2287.57000000,0.00230000,SELL,true,
3924407285,2287.57000000,0.00220000,SELL,true,
3924407286,2287.57000000,0.00220000,SELL,true,
3924407287,2287.57000000,0.00220000,SELL,true,
3924407288,2287.57000000,0.00230000,SELL,true,
3924407289,2287.56000000,0.00270000,SELL,true,
3924407290,2287.56000000,0.00330000,SELL,true,
3924407291,2287.56000000,0.00220000,SELL,true,
3924407292,2287.55000000,0.00450000,SELL,true,
3924407293,2287.55000000,0.00950000,SELL,true,
3924407294,2287.54000000,0.00220000,SELL,true,
3924407295,2287.54000000,0.00220000,SELL,true,
3924407296,2287.53000000,0.00220000,SELL,true,
3924407297,2287.53000000,0.00220000,SELL,true,
3924407298,2287.52000000,0.00220000,SELL,true,
3924407299,2287.52000000,0.00220000,SELL,true,
3924407300,2287.52000000,0.00220000,SELL,true,
3924407301,2287.52000000,0.00220000,SELL,true,
3924407302,2287.52000000,0.00220000,SELL,true,
3924407303,2287.51000000,0.00940000,SELL,true,
3924407304,2287.51000000,0.05060000,SELL,true,LARGE
3924407305,2287.51000000,0.00220000,SELL,true,
3924407306,2287.51000000,0.00220000,SELL,true,
3924407307,2287.50000000,0.00300000,SELL,true,
3924407308,2287.50000000,0.00230000,SELL,true,
3924407309,2287.50000000,0.10000000,SELL,true,LARGE
3924407310,2287.50000000,0.23970000,SELL,true,LARGE
3924407311,2287.49000000,0.00230000,SELL,true,
3924407312,2287.49000000,0.00270000,SELL,true,
3924407313,2287.48000000,0.00440000,SELL,true,
3924407314,2287.48000000,0.00800000,SELL,true,
3924407315,2287.47000000,0.00800000,SELL,true,
3924407316,2287.47000000,0.04380000,SELL,true,
3924407317,2287.46000000,0.33080000,SELL,true,LARGE
3924407318,2287.46000000,0.32480000,SELL,true,LARGE
3924407319,2287.45000000,0.00270000,SELL,true,
3924407320,2287.45000000,0.00220000,SELL,true,
3924407321,2287.45000000,0.06860000,SELL,true,LARGE
3924407322,2287.44000000,0.04370000,SELL,true,
3924407323,2287.44000000,0.27000000,SELL,true,LARGE
3924407324,2287.44000000,0.08800000,SELL,true,LARGE
3924407325,2287.45000000,0.00450000,BUY,false,
3924407326,2287.45000000,0.00450000,BUY,false,
3924407327,2287.45000000,0.00220000,BUY,false,
3924407328,2287.45000000,0.00450000,BUY,false,
3924407329,2287.45000000,0.00450000,BUY,false,
3924407330,2287.45000000,0.00450000,BUY,false,
3924407331,2287.45000000,0.00140000,BUY,false,
3924407332,2287.45000000,0.00310000,BUY,false,
3924407333,2287.45000000,0.03370000,BUY,false,
3924407334,2287.45000000,0.00440000,BUY,false,
3924407335,2287.45000000,0.10000000,BUY,false,LARGE
3924407336,2287.44000000,0.02040000,SELL,true,
3924407337,2287.44000000,0.00220000,SELL,true,
3924407338,2287.44000000,0.00110000,SELL,true,
3924407339,2287.44000000,0.00110000,SELL,true,
3924407340,2287.44000000,0.00240000,SELL,true,
3924407341,2287.44000000,0.00450000,SELL,true,
3924407342,2287.44000000,0.00450000,SELL,true,
3924407343,2287.44000000,0.00450000,SELL,true,
3924407344,2287.44000000,0.00450000,SELL,true,
3924407345,2287.44000000,0.00450000,SELL,true,
3924407346,2287.44000000,0.00270000,SELL,true,
3924407347,2287.44000000,0.00230000,SELL,true,
3924407348,2287.44000000,0.00230000,SELL,true,
3924407349,2287.44000000,0.00230000,SELL,true,
3924407350,2287.44000000,0.00220000,SELL,true,
3924407351,2287.44000000,0.00360000,SELL,true,
3924407352,2287.44000000,0.15210000,SELL,true,LARGE
3924407353,2287.44000000,0.00220000,SELL,true,
3924407354,2287.43000000,0.00240000,SELL,true,
3924407355,2287.43000000,0.00230000,SELL,true,
3924407356,2287.43000000,0.00230000,SELL,true,
3924407357,2287.43000000,0.00230000,SELL,true,
3924407358,2287.42000000,0.02190000,SELL,true,
3924407359,2287.42000000,0.03760000,SELL,true,
3924407360,2287.42000000,0.00220000,SELL,true,
3924407361,2287.42000000,0.00240000,SELL,true,
3924407362,2287.42000000,0.00220000,SELL,true,
3924407363,2287.41000000,0.05150000,SELL,true,
3924407364,2287.41000000,0.00220000,SELL,true,
3924407365,2287.41000000,0.00100000,SELL,true,
3924407366,2287.41000000,0.00140000,SELL,true,
3924407367,2287.41000000,0.00230000,SELL,true,
3924407368,2287.41000000,0.00230000,SELL,true,
3924407369,2287.41000000,0.00220000,SELL,true,
3924407370,2287.41000000,0.00230000,SELL,true,
3924407371,2287.40000000,0.00300000,SELL,true,
3924407372,2287.40000000,0.10930000,SELL,true,LARGE
3924407373,2287.40000000,0.00220000,SELL,true,
3924407374,2287.40000000,0.00220000,SELL,true,
3924407375,2287.40000000,0.00220000,SELL,true,
3924407376,2287.40000000,0.00240000,SELL,true,
3924407377,2287.40000000,0.00220000,SELL,true,
3924407378,2287.40000000,0.00220000,SELL,true,
3924407379,2287.40000000,0.00220000,SELL,true,
3924407380,2287.39000000,0.00240000,SELL,true,
3924407381,2287.38000000,0.00220000,SELL,true,
3924407382,2287.38000000,0.00240000,SELL,true,
3924407383,2287.38000000,0.00220000,SELL,true,
3924407384,2287.37000000,0.00240000,SELL,true,
3924407385,2287.36000000,0.00240000,SELL,true,
3924407386,2287.36000000,0.40590000,BUY,false,LARGE
3924407387,2287.35000000,0.00220000,SELL,true,
3924407388,2287.35000000,0.00240000,SELL,true,
3924407389,2287.35000000,0.00450000,SELL,true,
3924407390,2287.35000000,0.00230000,SELL,true,
3924407391,2287.35000000,0.00230000,SELL,true,
3924407392,2287.35000000,0.00230000,SELL,true,
3924407393,2287.35000000,0.00230000,SELL,true,
3924407394,2287.35000000,0.00220000,SELL,true,
3924407395,2287.35000000,0.00220000,SELL,true,
3924407396,2287.35000000,0.00220000,SELL,true,
3924407397,2287.35000000,0.00220000,SELL,true,
3924407398,2287.34000000,0.00220000,SELL,true,
3924407399,2287.34000000,0.00220000,SELL,true,
3924407400,2287.34000000,0.00240000,SELL,true,
3924407401,2287.34000000,0.00230000,SELL,true,
3924407402,2287.34000000,0.00230000,SELL,true,
3924407403,2287.34000000,0.00230000,SELL,true,
3924407404,2287.34000000,0.00220000,SELL,true,
3924407405,2287.34000000,0.00220000,SELL,true,
3924407406,2287.34000000,0.00220000,SELL,true,
3924407407,2287.34000000,0.00220000,SELL,true,
3924407408,2287.32000000,0.03430000,SELL,true,
3924407409,2287.32000000,0.00220000,SELL,true,
3924407410,2287.32000000,0.00240000,SELL,true,
3924407411,2287.32000000,0.00220000,SELL,true,
3924407412,2287.31000000,0.00220000,SELL,true,
3924407413,2287.31000000,0.00240000,SELL,true,
3924407414,2287.31000000,0.00220000,SELL,true,
3924407415,2287.30000000,0.00300000,SELL,true,
3924407416,2287.30000000,0.00220000,SELL,true,
3924407417,2287.30000000,0.00240000,SELL,true,
3924407418,2287.30000000,0.00220000,SELL,true,
3924407419,2287.30000000,0.00220000,SELL,true,
3924407420,2287.30000000,0.00220000,SELL,true,
3924407421,2287.30000000,0.00220000,SELL,true,
3924407422,2287.28000000,0.03760000,SELL,true,
3924407423,2287.28000000,0.00220000,SELL,true,
3924407424,2287.28000000,0.00220000,SELL,true,
3924407425,2287.28000000,0.00240000,SELL,true,
3924407426,2287.28000000,0.00220000,SELL,true,
3924407427,2287.28000000,0.00220000,SELL,true,
3924407428,2287.26000000,0.00240000,SELL,true,
3924407429,2287.25000000,0.00220000,SELL,true,
3924407430,2287.25000000,0.00240000,SELL,true,
3924407431,2287.25000000,0.00220000,SELL,true,
3924407432,2287.24000000,0.00240000,SELL,true,
3924407433,2287.23000000,0.00220000,SELL,true,
3924407434,2287.23000000,0.00250000,SELL,true,
3924407435,2287.23000000,0.06000000,SELL,true,LARGE
3924407436,2287.23000000,0.00220000,SELL,true,
3924407437,2287.23000000,0.00220000,SELL,true,
3924407438,2287.23000000,0.00220000,SELL,true,
3924407439,2287.23000000,0.00220000,SELL,true,
3924407440,2287.23000000,0.00220000,SELL,true,
3924407441,2287.22000000,0.00220000,SELL,true,
3924407442,2287.22000000,0.00220000,SELL,true,
3924407443,2287.22000000,0.00220000,SELL,true,
3924407444,2287.22000000,0.00220000,SELL,true,
3924407445,2287.22000000,0.00220000,SELL,true,
3924407446,2287.21000000,0.00220000,SELL,true,
3924407447,2287.21000000,0.00220000,SELL,true,
3924407448,2287.21000000,0.00220000,SELL,true,
3924407449,2287.21000000,0.00220000,SELL,true,
3924407450,2287.21000000,0.00220000,SELL,true,
3924407451,2287.20000000,0.00300000,SELL,true,
3924407452,2287.20000000,0.00220000,SELL,true,
3924407453,2287.20000000,0.00220000,SELL,true,
3924407454,2287.19000000,0.02190000,SELL,true,
3924407455,2287.19000000,0.00220000,SELL,true,
3924407456,2287.19000000,0.00220000,SELL,true,
3924407457,2287.19000000,0.00220000,SELL,true,
3924407458,2287.19000000,0.00220000,SELL,true,
3924407459,2287.19000000,0.00220000,SELL,true,
3924407460,2287.18000000,0.00220000,SELL,true,
3924407461,2287.18000000,0.00230000,SELL,true,
3924407462,2287.18000000,0.00230000,SELL,true,
3924407463,2287.18000000,0.00220000,SELL,true,
3924407464,2287.18000000,0.00230000,SELL,true,
3924407465,2287.18000000,0.00220000,SELL,true,
3924407466,2287.18000000,0.00220000,SELL,true,
3924407467,2287.18000000,0.00220000,SELL,true,
3924407468,2287.17000000,0.10940000,SELL,true,LARGE
3924407469,2287.17000000,0.00440000,SELL,true,
3924407470,2287.17000000,0.05150000,SELL,true,LARGE
3924407471,2287.17000000,0.00220000,SELL,true,
3924407472,2287.17000000,0.00220000,SELL,true,
3924407473,2287.16000000,0.00220000,SELL,true,
3924407474,2287.16000000,0.00220000,SELL,true,
3924407475,2287.15000000,0.00220000,SELL,true,
3924407476,2287.15000000,0.00220000,SELL,true,
3924407477,2287.14000000,0.00220000,SELL,true,
3924407478,2287.14000000,0.00220000,SELL,true,
3924407479,2287.13000000,0.00220000,SELL,true,
3924407480,2287.13000000,0.00220000,SELL,true,
3924407481,2287.13000000,0.00220000,SELL,true,
3924407482,2287.13000000,0.00220000,SELL,true,
3924407483,2287.13000000,0.00220000,SELL,true,
3924407484,2287.12000000,0.00220000,SELL,true,
3924407485,2287.12000000,0.00220000,SELL,true,
3924407486,2287.12000000,0.00950000,SELL,true,
3924407487,2287.12000000,0.00780000,SELL,true,
3924407488,2287.12000000,0.00220000,SELL,true,
3924407489,2287.12000000,0.00220000,SELL,true,
3924407490,2287.12000000,0.00220000,SELL,true,
3924407491,2287.12000000,0.00220000,SELL,true,
3924407492,2287.11000000,0.00800000,SELL,true,
3924407493,2287.10000000,0.00300000,SELL,true,
3924407494,2287.10000000,0.00220000,SELL,true,
3924407495,2287.10000000,0.00220000,SELL,true,
3924407496,2287.10000000,0.00220000,SELL,true,
3924407497,2287.10000000,0.00800000,SELL,true,
3924407498,2287.10000000,0.00220000,SELL,true,
3924407499,2287.10000000,0.00220000,SELL,true,
3924407500,2287.10000000,0.00220000,SELL,true,
3924407501,2287.09000000,0.00220000,SELL,true,
3924407502,2287.09000000,0.00220000,SELL,true,
3924407503,2287.08000000,0.00230000,SELL,true,
3924407504,2287.07000000,0.00220000,SELL,true,
3924407505,2287.07000000,0.00230000,SELL,true,
3924407506,2287.07000000,0.00230000,SELL,true,
3924407507,2287.07000000,0.00220000,SELL,true,
3924407508,2287.07000000,0.00230000,SELL,true,
3924407509,2287.07000000,0.00220000,SELL,true,
3924407510,2287.07000000,0.00220000,SELL,true,
3924407511,2287.07000000,0.00220000,SELL,true,
3924407512,2287.06000000,0.00220000,SELL,true,
3924407513,2287.06000000,0.00030000,SELL,true,
3924407514,2287.07000000,0.00570000,BUY,false,
3924407515,2287.07000000,0.04000000,BUY,false,LARGE
3924407516,2287.06000000,0.00190000,SELL,true,
3924407517,2287.06000000,0.53670000,SELL,true,LARGE
3924407518,2287.06000000,0.55700000,SELL,true,LARGE
3924407519,2287.06000000,0.00450000,SELL,true,
3924407520,2287.06000000,0.00220000,SELL,true,
3924407521,2287.06000000,0.00250000,SELL,true,
3924407522,2287.06000000,0.00240000,SELL,true,
3924407523,2287.06000000,0.00450000,SELL,true,
3924407524,2287.06000000,0.00450000,SELL,true,
3924407525,2287.06000000,0.02390000,SELL,true,
3924407526,2287.06000000,0.00340000,SELL,true,
3924407527,2287.06000000,0.00220000,SELL,true,
3924407528,2287.06000000,0.00220000,SELL,true,
3924407529,2287.06000000,0.00220000,SELL,true,
3924407530,2287.06000000,0.00220000,SELL,true,
3924407531,2287.05000000,0.00220000,SELL,true,
3924407532,2287.05000000,0.00240000,SELL,true,
3924407533,2287.05000000,0.00220000,SELL,true,
3924407534,2287.05000000,0.00220000,SELL,true,
3924407535,2287.05000000,0.00220000,SELL,true,
3924407536,2287.05000000,0.00220000,SELL,true,
3924407537,2287.04000000,0.00230000,SELL,true,
3924407538,2287.04000000,0.00240000,SELL,true,
3924407539,2287.02000000,0.00240000,SELL,true,
3924407540,2287.01000000,0.00890000,SELL,true,
3924407541,2287.01000000,0.00220000,SELL,true,
3924407542,2287.01000000,0.00270000,SELL,true,
3924407543,2287.01000000,0.00220000,SELL,true,
3924407544,2287.01000000,0.00240000,SELL,true,
3924407545,2287.01000000,0.00220000,SELL,true,
3924407546,2287.01000000,0.00220000,SELL,true,
3924407547,2287.01000000,0.00220000,SELL,true,
3924407548,2287.01000000,0.00220000,SELL,true,
3924407549,2287.00000000,0.00220000,SELL,true,
3924407550,2287.00000000,0.00220000,SELL,true,
3924407551,2287.00000000,0.00240000,SELL,true,
3924407552,2287.00000000,0.00450000,SELL,true,
3924407553,2287.00000000,0.00450000,SELL,true,
3924407554,2287.00000000,0.00450000,SELL,true,
3924407555,2287.00000000,0.02400000,SELL,true,
3924407556,2287.00000000,0.00230000,SELL,true,
3924407557,2287.00000000,0.00220000,SELL,true,
3924407558,2287.00000000,0.00220000,SELL,true,
3924407559,2286.99000000,0.00240000,SELL,true,
3924407560,2286.99000000,0.00230000,SELL,true,
3924407561,2286.98000000,0.00220000,SELL,true,
3924407562,2286.98000000,0.00240000,SELL,true,
3924407563,2286.98000000,0.00450000,SELL,true,
3924407564,2286.98000000,0.00450000,SELL,true,
3924407565,2286.98000000,0.02170000,SELL,true,
3924407566,2286.98000000,0.21450000,SELL,true,LARGE
3924407567,2286.98000000,0.16700000,SELL,true,LARGE
3924407568,2286.98000000,0.00220000,SELL,true,
3924407569,2286.98000000,0.00450000,SELL,true,
3924407570,2286.98000000,0.00240000,SELL,true,
3924407571,2286.98000000,0.01730000,SELL,true,
3924407572,2286.98000000,0.00450000,SELL,true,
3924407573,2286.98000000,0.00230000,SELL,true,
3924407574,2286.98000000,0.00450000,SELL,true,
3924407575,2286.98000000,0.00450000,SELL,true,
3924407576,2286.98000000,0.00450000,SELL,true,
3924407577,2286.98000000,0.00450000,SELL,true,
3924407578,2286.98000000,0.00230000,SELL,true,
3924407579,2286.98000000,0.00230000,SELL,true,
3924407580,2286.98000000,0.00230000,SELL,true,
3924407581,2286.98000000,0.00230000,SELL,true,
3924407582,2286.98000000,0.00220000,SELL,true,
3924407583,2286.98000000,0.00220000,SELL,true,
3924407584,2286.98000000,0.00220000,SELL,true,
3924407585,2286.97000000,0.06870000,SELL,true,LARGE
3924407586,2286.97000000,0.00220000,SELL,true,
3924407587,2286.97000000,0.00240000,SELL,true,
3924407588,2286.97000000,0.00230000,SELL,true,
3924407589,2286.97000000,0.00230000,SELL,true,
3924407590,2286.97000000,0.00230000,SELL,true,
3924407591,2286.97000000,0.00450000,SELL,true,
3924407592,2286.97000000,0.00230000,SELL,true,
3924407593,2286.97000000,0.00230000,SELL,true,
3924407594,2286.97000000,0.00220000,SELL,true,
3924407595,2286.96000000,0.02190000,SELL,true,
3924407596,2286.96000000,0.03760000,SELL,true,
3924407597,2286.96000000,0.00220000,SELL,true,
3924407598,2286.96000000,0.00240000,SELL,true,
3924407599,2286.96000000,0.00220000,SELL,true,
3924407600,2286.95000000,0.00220000,SELL,true,
3924407601,2286.95000000,0.00240000,SELL,true,
3924407602,2286.95000000,0.00230000,SELL,true,
3924407603,2286.95000000,0.00230000,SELL,true,
3924407604,2286.95000000,0.00220000,SELL,true,
3924407605,2286.95000000,0.00230000,SELL,true,
3924407606,2286.94000000,0.05380000,SELL,true,
3924407607,2286.94000000,0.05560000,SELL,true,
3924407608,2286.94000000,0.00220000,SELL,true,
3924407609,2286.94000000,0.00240000,SELL,true,
3924407610,2286.94000000,0.00230000,SELL,true,
3924407611,2286.94000000,0.00230000,SELL,true,
3924407612,2286.94000000,0.00230000,SELL,true,
3924407613,2286.94000000,0.00230000,SELL,true,
3924407614,2286.94000000,0.00450000,SELL,true,
3924407615,2286.94000000,0.00230000,SELL,true,
3924407616,2286.94000000,0.00230000,SELL,true,
3924407617,2286.94000000,0.00220000,SELL,true,
3924407618,2286.94000000,0.00220000,SELL,true,
3924407619,2286.94000000,0.00220000,SELL,true,
3924407620,2286.94000000,0.00220000,SELL,true,
3924407621,2286.93000000,0.05150000,SELL,true,LARGE
3924407622,2286.93000000,0.00220000,SELL,true,
3924407623,2286.93000000,0.00240000,SELL,true,
3924407624,2286.93000000,0.00230000,SELL,true,
3924407625,2286.93000000,0.00230000,SELL,true,
3924407626,2286.93000000,0.00230000,SELL,true,
3924407627,2286.93000000,0.00220000,SELL,true,
3924407628,2286.92000000,0.00220000,SELL,true,
3924407629,2286.92000000,0.00240000,SELL,true,
3924407630,2286.92000000,0.00220000,SELL,true,
3924407631,2286.91000000,0.00240000,SELL,true,
3924407632,2286.91000000,0.00220000,SELL,true,
3924407633,2286.91000000,0.00220000,SELL,true,
3924407634,2286.90000000,0.00300000,SELL,true,
3924407635,2286.90000000,0.03760000,SELL,true,LARGE
3924407636,2286.90000000,0.00220000,SELL,true,
3924407637,2286.90000000,0.00240000,SELL,true,
3924407638,2286.90000000,0.00230000,SELL,true,
3924407639,2286.90000000,0.00450000,SELL,true,
3924407640,2286.90000000,0.00230000,SELL,true,
3924407641,2286.90000000,0.00230000,SELL,true,
3924407642,2286.90000000,0.00230000,SELL,true,
3924407643,2286.90000000,0.00230000,SELL,true,
3924407644,2286.90000000,0.00230000,SELL,true,
3924407645,2286.90000000,0.00220000,SELL,true,
3924407646,2286.90000000,0.00220000,SELL,true,
3924407647,2286.90000000,0.00220000,SELL,true,
3924407648,2286.90000000,0.00220000,SELL,true,
3924407649,2286.90000000,0.00220000,SELL,true,
3924407650,2286.90000000,0.00220000,SELL,true,
3924407651,2286.89000000,0.00240000,SELL,true,
3924407652,2286.89000000,0.00230000,SELL,true,
3924407653,2286.89000000,0.00230000,SELL,true,
3924407654,2286.89000000,0.00230000,SELL,true,
3924407655,2286.87000000,0.00220000,SELL,true,
3924407656,2286.87000000,0.00240000,SELL,true,
3924407657,2286.87000000,0.00220000,SELL,true,
3924407658,2286.86000000,0.00220000,SELL,true,
3924407659,2286.86000000,0.00240000,SELL,true,
3924407660,2286.86000000,0.00220000,SELL,true,
3924407661,2286.85000000,0.00220000,SELL,true,
3924407662,2286.85000000,0.00240000,SELL,true,
3924407663,2286.85000000,0.00220000,SELL,true,
3924407664,2286.84000000,0.00220000,SELL,true,
3924407665,2286.84000000,0.00240000,SELL,true,
3924407666,2286.84000000,0.00220000,SELL,true,
3924407667,2286.83000000,0.00220000,SELL,true,
3924407668,2286.83000000,0.00240000,SELL,true,
3924407669,2286.83000000,0.00220000,SELL,true,
3924407670,2286.82000000,0.00220000,SELL,true,
3924407671,2286.82000000,0.00220000,SELL,true,
3924407672,2286.82000000,0.00240000,SELL,true,
3924407673,2286.82000000,0.00220000,SELL,true,
3924407674,2286.82000000,0.00220000,SELL,true,
3924407675,2286.81000000,0.00230000,SELL,true,
3924407676,2286.81000000,0.00240000,SELL,true,
3924407677,2286.80000000,0.00300000,SELL,true,
3924407678,2286.80000000,0.00220000,SELL,true,
3924407679,2286.80000000,0.00220000,SELL,true,
3924407680,2286.79000000,0.00220000,SELL,true,
3924407681,2286.79000000,0.00220000,SELL,true,
3924407682,2286.79000000,0.00220000,SELL,true,
3924407683,2286.78000000,0.00220000,SELL,true,
3924407684,2286.78000000,0.00230000,SELL,true,
3924407685,2286.78000000,0.00230000,SELL,true,
3924407686,2286.78000000,0.00220000,SELL,true,
3924407687,2286.78000000,0.00230000,SELL,true,
3924407688,2286.77000000,0.04450000,SELL,true,LARGE
3924407689,2286.77000000,0.03430000,SELL,true,LARGE
3924407690,2286.77000000,0.00220000,SELL,true,
3924407691,2286.77000000,0.00230000,SELL,true,
3924407692,2286.77000000,0.00230000,SELL,true,
3924407693,2286.77000000,0.13900000,SELL,true,LARGE
3924407694,2286.77000000,0.00220000,SELL,true,
3924407695,2286.77000000,0.00230000,SELL,true,
3924407696,2286.77000000,0.00220000,SELL,true,
3924407697,2286.77000000,0.00220000,SELL,true,
3924407698,2286.77000000,0.00220000,SELL,true,
3924407699,2286.76000000,0.00440000,SELL,true,
3924407700,2286.77000000,0.00650000,BUY,false,
3924407701,2286.77000000,0.03250000,BUY,false,LARGE
3924407702,2286.76000000,1.74910000,SELL,true,LARGE
3924407703,2286.76000000,0.10290000,SELL,true,LARGE
3924407704,2286.76000000,0.00220000,SELL,true,
3924407705,2286.76000000,0.00460000,SELL,true,
3924407706,2286.76000000,0.00240000,SELL,true,
3924407707,2286.76000000,0.00230000,SELL,true,
3924407708,2286.76000000,0.00230000,SELL,true,
3924407709,2286.76000000,0.00230000,SELL,true,
3924407710,2286.76000000,0.00230000,SELL,true,
3924407711,2286.76000000,0.00230000,SELL,true,
3924407712,2286.76000000,0.00230000,SELL,true,
3924407713,2286.76000000,0.00450000,SELL,true,
3924407714,2286.76000000,0.00450000,SELL,true,
3924407715,2286.76000000,0.00220000,SELL,true,
3924407716,2286.75000000,0.00220000,SELL,true,
3924407717,2286.75000000,0.00240000,SELL,true,
3924407718,2286.75000000,0.00230000,SELL,true,
3924407719,2286.75000000,0.00230000,SELL,true,
3924407720,2286.75000000,0.00230000,SELL,true,
3924407721,2286.75000000,0.00220000,SELL,true,
3924407722,2286.74000000,0.00220000,SELL,true,
3924407723,2286.74000000,0.00220000,SELL,true,
3924407724,2286.74000000,0.00240000,SELL,true,
3924407725,2286.74000000,0.00220000,SELL,true,
3924407726,2286.73000000,0.02190000,SELL,true,
3924407727,2286.73000000,0.00220000,SELL,true,
3924407728,2286.73000000,0.00240000,SELL,true,
3924407729,2286.73000000,0.00220000,SELL,true,
3924407730,2286.72000000,0.00230000,SELL,true,
3924407731,2286.72000000,0.00230000,SELL,true,
3924407732,2286.72000000,0.00240000,SELL,true,
3924407733,2286.72000000,0.00230000,SELL,true,
3924407734,2286.71000000,0.10940000,SELL,true,LARGE
3924407735,2286.71000000,0.00220000,SELL,true,
3924407736,2286.71000000,0.00240000,SELL,true,
3924407737,2286.71000000,0.00220000,SELL,true,
3924407738,2286.71000000,0.00220000,SELL,true,
3924407739,2286.71000000,0.00220000,SELL,true,
3924407740,2286.71000000,0.00220000,SELL,true,
3924407741,2286.70000000,0.00300000,SELL,true,
3924407742,2286.70000000,0.00220000,SELL,true,
3924407743,2286.70000000,0.00240000,SELL,true,
3924407744,2286.70000000,0.00220000,SELL,true,
3924407745,2286.69000000,0.05150000,SELL,true,
3924407746,2286.69000000,0.00220000,SELL,true,
3924407747,2286.69000000,0.00230000,SELL,true,
3924407748,2286.69000000,0.00230000,SELL,true,
3924407749,2286.69000000,0.00240000,SELL,true,
3924407750,2286.69000000,0.00220000,SELL,true,
3924407751,2286.69000000,0.00230000,SELL,true,
3924407752,2286.68000000,0.40000000,SELL,true,LARGE
3924407753,2286.68000000,2.59700000,SELL,true,LARGE
3924407754,2286.68000000,0.66100000,SELL,true,LARGE
3924407755,2286.68000000,11.34200000,SELL,true,LARGE
3924407756,2286.68000000,0.00220000,SELL,true,
3924407757,2286.68000000,0.00240000,SELL,true,
3924407758,2286.68000000,0.00230000,SELL,true,
3924407759,2286.68000000,0.00230000,SELL,true,
3924407760,2286.68000000,0.00230000,SELL,true,
3924407761,2286.68000000,0.00230000,SELL,true,
3924407762,2286.68000000,0.00230000,SELL,true,
3924407763,2286.68000000,0.00450000,SELL,true,
3924407764,2286.68000000,0.00220000,SELL,true,
3924407765,2286.68000000,0.00220000,SELL,true,
3924407766,2286.68000000,0.00220000,SELL,true,
3924407767,2286.68000000,0.00220000,SELL,true,
3924407768,2286.67000000,0.00220000,SELL,true,
3924407769,2286.67000000,0.00240000,SELL,true,
3924407770,2286.67000000,0.00230000,SELL,true,
3924407771,2286.67000000,0.00230000,SELL,true,
3924407772,2286.67000000,0.00230000,SELL,true,
3924407773,2286.67000000,0.00220000,SELL,true,
3924407774,2286.67000000,0.00220000,SELL,true,
3924407775,2286.67000000,0.00220000,SELL,true,
3924407776,2286.67000000,0.00220000,SELL,true,
3924407777,2286.66000000,0.00220000,SELL,true,
3924407778,2286.66000000,0.00240000,SELL,true,
3924407779,2286.66000000,0.00220000,SELL,true,
3924407780,2286.65000000,0.00220000,SELL,true,
3924407781,2286.65000000,0.00220000,SELL,true,
3924407782,2286.65000000,0.00240000,SELL,true,
3924407783,2286.65000000,0.00220000,SELL,true,
3924407784,2286.65000000,0.00220000,SELL,true,
3924407785,2286.64000000,0.00330000,SELL,true,
3924407786,2286.64000000,0.00240000,SELL,true,
3924407787,2286.64000000,0.00220000,SELL,true,
3924407788,2286.64000000,0.00230000,SELL,true,
3924407789,2286.64000000,0.00230000,SELL,true,
3924407790,2286.64000000,0.00230000,SELL,true,
3924407791,2286.64000000,0.00450000,SELL,true,
3924407792,2286.64000000,0.00230000,SELL,true,
3924407793,2286.64000000,0.00230000,SELL,true,
3924407794,2286.64000000,0.00220000,SELL,true,
3924407795,2286.64000000,0.01010000,BUY,false,
3924407796,2286.64000000,0.05810000,BUY,false,
3924407797,2286.63000000,0.00220000,SELL,true,
3924407798,2286.63000000,0.00240000,SELL,true,
3924407799,2286.63000000,0.00230000,SELL,true,
3924407800,2286.63000000,0.00230000,SELL,true,
3924407801,2286.63000000,0.00230000,SELL,true,
3924407802,2286.63000000,0.00450000,SELL,true,
3924407803,2286.63000000,0.00230000,SELL,true,
3924407804,2286.63000000,0.00230000,SELL,true,
3924407805,2286.63000000,0.00230000,SELL,true,
3924407806,2286.63000000,0.00230000,SELL,true,
3924407807,2286.63000000,0.00230000,SELL,true,
3924407808,2286.63000000,0.00890000,SELL,true,
3924407809,2286.63000000,0.00450000,SELL,true,
3924407810,2286.63000000,0.00220000,SELL,true,
3924407811,2286.62000000,0.00140000,SELL,true,
3924407812,2286.62000000,0.00080000,SELL,true,
3924407813,2286.62000000,0.00240000,SELL,true,
3924407814,2286.62000000,0.00230000,SELL,true,
3924407815,2286.62000000,0.00230000,SELL,true,
3924407816,2286.62000000,0.00230000,SELL,true,
3924407817,2286.62000000,0.00220000,SELL,true,
3924407818,2286.60000000,0.00300000,SELL,true,
3924407819,2286.60000000,0.00220000,SELL,true,
3924407820,2286.60000000,0.00220000,SELL,true,
3924407821,2286.60000000,0.00240000,SELL,true,
3924407822,2286.60000000,0.00450000,SELL,true,
3924407823,2286.60000000,0.00230000,SELL,true,
3924407824,2286.60000000,0.00230000,SELL,true,
3924407825,2286.60000000,0.00230000,SELL,true,
3924407826,2286.60000000,0.00230000,SELL,true,
3924407827,2286.60000000,0.00230000,SELL,true,
3924407828,2286.60000000,0.00220000,SELL,true,
3924407829,2286.60000000,0.00220000,SELL,true,
3924407830,2286.59000000,0.00240000,SELL,true,
3924407831,2286.59000000,0.00230000,SELL,true,
3924407832,2286.59000000,0.00230000,SELL,true,
3924407833,2286.59000000,0.00230000,SELL,true,
3924407834,2286.57000000,0.00220000,SELL,true,
3924407835,2286.57000000,0.00220000,SELL,true,
3924407836,2286.57000000,0.00240000,SELL,true,
3924407837,2286.57000000,0.00220000,SELL,true,
3924407838,2286.57000000,0.00220000,SELL,true,
3924407839,2286.57000000,0.00220000,SELL,true,
3924407840,2286.57000000,0.00220000,SELL,true,
3924407841,2286.56000000,0.00220000,SELL,true,
3924407842,2286.56000000,0.00240000,SELL,true,
3924407843,2286.56000000,0.00230000,SELL,true,
3924407844,2286.56000000,0.00230000,SELL,true,
3924407845,2286.56000000,0.00220000,SELL,true,
3924407846,2286.56000000,0.00230000,SELL,true,
3924407847,2286.56000000,0.00220000,SELL,true,
3924407848,2286.56000000,0.00220000,SELL,true,
3924407849,2286.56000000,0.00220000,SELL,true,
3924407850,2286.55000000,0.10410000,SELL,true,
3924407851,2286.55000000,0.00220000,SELL,true,
3924407852,2286.55000000,0.00240000,SELL,true,
3924407853,2286.55000000,0.00220000,SELL,true,
3924407854,2286.54000000,0.02600000,SELL,true,
3924407855,2286.54000000,0.00220000,SELL,true,
3924407856,2286.54000000,0.00240000,SELL,true,
3924407857,2286.54000000,0.00220000,SELL,true,
3924407858,2286.53000000,0.00220000,SELL,true,
3924407859,2286.53000000,0.00240000,SELL,true,
3924407860,2286.53000000,0.00220000,SELL,true,
3924407861,2286.51000000,0.03760000,SELL,true,LARGE
3924407862,2286.51000000,0.03760000,SELL,true,LARGE
3924407863,2286.51000000,0.00220000,SELL,true,
3924407864,2286.51000000,0.00240000,SELL,true,
3924407865,2286.51000000,0.00220000,SELL,true,
3924407866,2286.50000000,0.02190000,SELL,true,LARGE
3924407867,2286.50000000,0.00300000,SELL,true,
3924407868,2286.50000000,0.00220000,SELL,true,
3924407869,2286.50000000,0.00240000,SELL,true,
3924407870,2286.50000000,0.00220000,SELL,true,
3924407871,2286.49000000,0.06870000,SELL,true,LARGE
3924407872,2286.49000000,0.00220000,SELL,true,
3924407873,2286.49000000,0.00230000,SELL,true,
3924407874,2286.49000000,0.00230000,SELL,true,
3924407875,2286.49000000,0.00220000,SELL,true,
3924407876,2286.49000000,0.00230000,SELL,true,
3924407877,2286.48000000,0.10940000,SELL,true,LARGE
3924407878,2286.48000000,0.00220000,SELL,true,
3924407879,2286.48000000,0.00220000,SELL,true,
3924407880,2286.46000000,0.00220000,SELL,true,
3924407881,2286.46000000,0.00220000,SELL,true,
3924407882,2286.46000000,0.00220000,SELL,true,
3924407883,2286.46000000,0.00220000,SELL,true,
3924407884,2286.46000000,0.00220000,SELL,true,
3924407885,2286.46000000,0.00220000,SELL,true,
3924407886,2286.45000000,0.05150000,SELL,true,LARGE
3924407887,2286.45000000,0.00220000,SELL,true,
3924407888,2286.45000000,0.00220000,SELL,true,
3924407889,2286.45000000,0.00220000,SELL,true,
3924407890,2286.45000000,0.00220000,SELL,true,
3924407891,2286.41000000,0.00230000,SELL,true,
3924407892,2286.40000000,0.00300000,SELL,true,
3924407893,2286.40000000,0.00220000,SELL,true,
3924407894,2286.40000000,0.00220000,SELL,true,
3924407895,2286.39000000,0.04360000,SELL,true,LARGE
3924407896,2286.39000000,0.00220000,SELL,true,
3924407897,2286.39000000,0.00220000,SELL,true,
3924407898,2286.38000000,0.00220000,SELL,true,
3924407899,2286.38000000,0.00220000,SELL,true,
3924407900,2286.37000000,0.00250000,SELL,true,
3924407901,2286.37000000,0.06000000,SELL,true,LARGE
3924407902,2286.37000000,0.00220000,SELL,true,
3924407903,2286.37000000,0.00230000,SELL,true,
3924407904,2286.37000000,0.00230000,SELL,true,
3924407905,2286.37000000,0.00220000,SELL,true,
3924407906,2286.37000000,0.00230000,SELL,true,
3924407907,2286.36000000,0.00220000,SELL,true,
3924407908,2286.36000000,0.00030000,SELL,true,
3924407909,2286.37000000,0.05260000,BUY,false,LARGE
3924407910,2286.36000000,0.00190000,SELL,true,
3924407911,2286.36000000,0.00450000,SELL,true,
3924407912,2286.36000000,0.00250000,SELL,true,
3924407913,2286.36000000,0.00230000,SELL,true,
3924407914,2286.36000000,0.00230000,SELL,true,
3924407915,2286.36000000,0.00230000,SELL,true,
3924407916,2286.36000000,0.00230000,SELL,true,
3924407917,2286.36000000,0.00240000,SELL,true,
3924407918,2286.36000000,0.00230000,SELL,true,
3924407919,2286.36000000,0.00450000,SELL,true,
3924407920,2286.36000000,0.00450000,SELL,true,
3924407921,2286.36000000,0.79410000,SELL,true,LARGE
3924407922,2286.37000000,0.00210000,BUY,false,
3924407923,2286.37000000,0.04880000,BUY,false,
3924407924,2286.36000000,0.00340000,SELL,true,
3924407925,2286.36000000,0.00110000,SELL,true,
3924407926,2286.36000000,1.29000000,SELL,true,LARGE
3924407927,2286.36000000,0.00450000,SELL,true,
3924407928,2286.36000000,0.00230000,SELL,true,
3924407929,2286.36000000,0.00240000,SELL,true,
3924407930,2286.36000000,0.00220000,SELL,true,
3924407931,2286.36000000,0.00230000,SELL,true,
3924407932,2286.36000000,0.00450000,SELL,true,
3924407933,2286.36000000,0.00450000,SELL,true,
3924407934,2286.36000000,0.00230000,SELL,true,
3924407935,2286.36000000,0.00230000,SELL,true,
3924407936,2286.36000000,0.00220000,SELL,true,
3924407937,2286.36000000,0.00220000,SELL,true,
3924407938,2286.36000000,0.00220000,SELL,true,
3924407939,2286.36000000,0.00220000,SELL,true,
3924407940,2286.35000000,0.00220000,SELL,true,
3924407941,2286.35000000,0.00220000,SELL,true,
3924407942,2286.35000000,0.00240000,SELL,true,
3924407943,2286.35000000,0.00230000,SELL,true,
3924407944,2286.35000000,0.00230000,SELL,true,
3924407945,2286.35000000,0.00220000,SELL,true,
3924407946,2286.35000000,0.00230000,SELL,true,
3924407947,2286.35000000,0.00230000,SELL,true,
3924407948,2286.35000000,0.00220000,SELL,true,
3924407949,2286.35000000,0.00220000,SELL,true,
3924407950,2286.35000000,0.00220000,SELL,true,
3924407951,2286.35000000,0.00220000,SELL,true,
3924407952,2286.35000000,0.00220000,SELL,true,
3924407953,2286.34000000,0.00220000,SELL,true,
3924407954,2286.34000000,0.00240000,SELL,true,
3924407955,2286.34000000,0.00220000,SELL,true,
3924407956,2286.33000000,0.00220000,SELL,true,
3924407957,2286.33000000,0.00220000,SELL,true,
3924407958,2286.33000000,0.00240000,SELL,true,
3924407959,2286.33000000,0.00220000,SELL,true,
3924407960,2286.33000000,0.00220000,SELL,true,
3924407961,2286.32000000,0.00240000,SELL,true,
3924407962,2286.31000000,0.00240000,SELL,true,
3924407963,2286.30000000,0.00220000,SELL,true,
3924407964,2286.30000000,0.00220000,SELL,true,
3924407965,2286.30000000,0.00240000,SELL,true,
3924407966,2286.30000000,0.00220000,SELL,true,
3924407967,2286.30000000,0.00220000,SELL,true,
3924407968,2286.29000000,0.00240000,SELL,true,
3924407969,2286.29000000,0.00230000,SELL,true,
3924407970,2286.29000000,0.00230000,SELL,true,
3924407971,2286.29000000,0.00230000,SELL,true,
3924407972,2286.28000000,0.10290000,SELL,true,LARGE
3924407973,2286.28000000,0.00220000,SELL,true,
3924407974,2286.28000000,0.00240000,SELL,true,
3924407975,2286.28000000,0.55160000,SELL,true,LARGE
3924407976,2286.28000000,0.00220000,SELL,true,
3924407977,2286.27000000,0.00230000,SELL,true,
3924407978,2286.27000000,0.02190000,SELL,true,
3924407979,2286.27000000,0.00220000,SELL,true,
3924407980,2286.27000000,0.00240000,SELL,true,
3924407981,2286.27000000,0.00220000,SELL,true,
3924407982,2286.26000000,0.00220000,SELL,true,
3924407983,2286.26000000,0.00230000,SELL,true,
3924407984,2286.26000000,0.00230000,SELL,true,
3924407985,2286.26000000,0.00230000,SELL,true,
3924407986,2286.26000000,0.00230000,SELL,true,
3924407987,2286.26000000,0.00450000,SELL,true,
3924407988,2286.26000000,0.00240000,SELL,true,
3924407989,2286.26000000,0.00230000,SELL,true,
3924407990,2286.26000000,0.00450000,SELL,true,
3924407991,2286.26000000,0.00450000,SELL,true,
3924407992,2286.26000000,0.00450000,SELL,true,
3924407993,2286.26000000,0.00450000,SELL,true,
3924407994,2286.26000000,2.23160000,SELL,true,LARGE
3924407995,2286.26000000,0.00230000,SELL,true,
3924407996,2286.26000000,0.00220000,SELL,true,
3924407997,2286.26000000,0.00230000,SELL,true,
3924407998,2286.25000000,0.10940000,SELL,true,
3924407999,2286.25000000,0.00220000,SELL,true,
3924408000,2286.25000000,0.00230000,SELL,true,
3924408001,2286.25000000,0.00230000,SELL,true,
3924408002,2286.25000000,0.00240000,SELL,true,
3924408003,2286.25000000,0.00230000,SELL,true,
3924408004,2286.25000000,0.00220000,SELL,true,
3924408005,2286.24000000,0.00300000,SELL,true,
3924408006,2286.24000000,0.00220000,SELL,true,
3924408007,2286.24000000,0.00220000,SELL,true,
3924408008,2286.24000000,0.00240000,SELL,true,
3924408009,2286.24000000,0.00220000,SELL,true,
3924408010,2286.24000000,0.00220000,SELL,true,
3924408011,2286.24000000,0.00220000,SELL,true,
3924408012,2286.24000000,0.00220000,SELL,true,
3924408013,2286.23000000,0.03430000,SELL,true,
3924408014,2286.23000000,0.00220000,SELL,true,
3924408015,2286.23000000,0.00240000,SELL,true,
3924408016,2286.23000000,0.00220000,SELL,true,
3924408017,2286.22000000,0.00220000,SELL,true,
3924408018,2286.22000000,0.00240000,SELL,true,
3924408019,2286.22000000,0.00220000,SELL,true,
3924408020,2286.21000000,0.05150000,SELL,true,
3924408021,2286.21000000,0.00220000,SELL,true,
3924408022,2286.21000000,0.00240000,SELL,true,
3924408023,2286.21000000,0.00220000,SELL,true,
3924408024,2286.20000000,0.00220000,SELL,true,
3924408025,2286.20000000,0.00220000,SELL,true,
3924408026,2286.20000000,0.00240000,SELL,true,
3924408027,2286.20000000,0.00220000,SELL,true,
3924408028,2286.20000000,0.00220000,SELL,true,
3924408029,2286.19000000,0.00220000,SELL,true,
3924408030,2286.19000000,0.00240000,SELL,true,
3924408031,2286.19000000,0.00220000,SELL,true,
3924408032,2286.18000000,0.00330000,SELL,true,
3924408033,2286.18000000,0.00240000,SELL,true,
3924408034,2286.17000000,0.00220000,SELL,true,
3924408035,2286.17000000,0.00220000,SELL,true,
3924408036,2286.17000000,0.00220000,SELL,true,
3924408037,2286.17000000,0.00220000,SELL,true,
3924408038,2286.14000000,0.00230000,SELL,true,
3924408039,2286.14000000,0.00230000,SELL,true,
3924408040,2286.14000000,0.00230000,SELL,true,
3924408041,2286.14000000,0.00230000,SELL,true,
3924408042,2286.13000000,0.03760000,SELL,true,
3924408043,2286.13000000,0.00220000,SELL,true,
3924408044,2286.13000000,0.00220000,SELL,true,
3924408045,2286.13000000,0.00230000,SELL,true,
3924408046,2286.13000000,0.00230000,SELL,true,
3924408047,2286.13000000,0.00230000,SELL,true,
3924408048,2286.13000000,0.00220000,SELL,true,
3924408049,2286.13000000,0.00220000,SELL,true,
3924408050,2286.13000000,0.00230000,SELL,true,
3924408051,2286.13000000,0.00220000,SELL,true,
3924408052,2286.11000000,0.00220000,SELL,true,
3924408053,2286.11000000,0.00230000,SELL,true,
3924408054,2286.11000000,0.00240000,SELL,true,
3924408055,2286.11000000,0.00230000,SELL,true,
3924408056,2286.11000000,0.00230000,SELL,true,
3924408057,2286.11000000,0.00230000,SELL,true,
3924408058,2286.11000000,0.00230000,SELL,true,
3924408059,2286.11000000,0.00230000,SELL,true,
3924408060,2286.11000000,0.00230000,SELL,true,
3924408061,2286.11000000,0.00100000,SELL,true,
3924408062,2286.11000000,0.00120000,SELL,true,
3924408063,2286.10000000,0.00300000,SELL,true,
3924408064,2286.10000000,0.00220000,SELL,true,
3924408065,2286.10000000,0.00240000,SELL,true,
3924408066,2286.10000000,0.00230000,SELL,true,
3924408067,2286.10000000,0.00230000,SELL,true,
3924408068,2286.10000000,0.00230000,SELL,true,
3924408069,2286.10000000,0.00220000,SELL,true,
3924408070,2286.06000000,0.00220000,SELL,true,
3924408071,2286.06000000,0.00240000,SELL,true,
3924408072,2286.06000000,0.00450000,SELL,true,
3924408073,2286.06000000,0.00230000,SELL,true,
3924408074,2286.06000000,0.00230000,SELL,true,
3924408075,2286.06000000,0.00230000,SELL,true,
3924408076,2286.06000000,0.00230000,SELL,true,
3924408077,2286.06000000,0.00230000,SELL,true,
3924408078,2286.06000000,0.00230000,SELL,true,
3924408079,2286.06000000,0.00220000,SELL,true,
3924408080,2286.06000000,0.00220000,SELL,true,
3924408081,2286.06000000,0.00220000,SELL,true,
3924408082,2286.06000000,0.00220000,SELL,true,
3924408083,2286.05000000,0.00230000,SELL,true,
3924408084,2286.05000000,0.00230000,SELL,true,
3924408085,2286.05000000,0.00230000,SELL,true,
3924408086,2286.05000000,0.00230000,SELL,true,
3924408087,2286.04000000,0.02190000,SELL,true,
3924408088,2286.04000000,0.00220000,SELL,true,
3924408089,2286.04000000,0.00230000,SELL,true,
3924408090,2286.04000000,0.00240000,SELL,true,
3924408091,2286.04000000,0.00220000,SELL,true,
3924408092,2286.04000000,0.00220000,SELL,true,
3924408093,2286.03000000,0.00220000,SELL,true,
3924408094,2286.03000000,0.00230000,SELL,true,
3924408095,2286.03000000,0.00230000,SELL,true,
3924408096,2286.03000000,0.00240000,SELL,true,
3924408097,2286.03000000,0.00220000,SELL,true,
3924408098,2286.03000000,0.00230000,SELL,true,
3924408099,2286.02000000,0.10940000,SELL,true,LARGE
3924408100,2286.02000000,0.00220000,SELL,true,
3924408101,2286.02000000,0.00220000,SELL,true,
3924408102,2286.02000000,0.00240000,SELL,true,
3924408103,2286.02000000,0.00220000,SELL,true,
3924408104,2286.01000000,0.06870000,SELL,true,LARGE
3924408105,2286.01000000,0.00220000,SELL,true,
3924408106,2286.01000000,0.00240000,SELL,true,
3924408107,2286.01000000,0.00220000,SELL,true,
3924408108,2286.01000000,0.00220000,SELL,true,
3924408109,2286.01000000,0.00220000,SELL,true,
3924408110,2286.01000000,0.00220000,SELL,true,
3924408111,2286.00000000,0.00230000,SELL,true,
3924408112,2286.00000000,0.00300000,SELL,true,
3924408113,2286.00000000,0.00220000,SELL,true,
3924408114,2286.00000000,0.00220000,SELL,true,
3924408115,2286.00000000,0.00240000,SELL,true,
3924408116,2286.00000000,0.00220000,SELL,true,
3924408117,2286.00000000,0.00220000,SELL,true,
3924408118,2285.98000000,0.00960000,SELL,true,
3924408119,2285.98000000,0.00240000,SELL,true,
3924408120,2285.97000000,0.05150000,SELL,true,LARGE
3924408121,2285.97000000,0.00220000,SELL,true,
3924408122,2285.97000000,0.00240000,SELL,true,
3924408123,2285.97000000,0.00220000,SELL,true,
3924408124,2285.96000000,0.00220000,SELL,true,
3924408125,2285.96000000,0.00220000,SELL,true,
3924408126,2285.96000000,0.00240000,SELL,true,
3924408127,2285.96000000,0.00220000,SELL,true,
3924408128,2285.96000000,0.00220000,SELL,true,
3924408129,2285.96000000,0.00220000,SELL,true,
3924408130,2285.96000000,0.00220000,SELL,true,
3924408131,2285.96000000,0.00220000,SELL,true,
3924408132,2285.96000000,0.00220000,SELL,true,
3924408133,2285.96000000,0.00220000,SELL,true,
3924408134,2285.96000000,0.00220000,SELL,true,
3924408135,2285.95000000,0.00230000,SELL,true,
3924408136,2285.94000000,0.06000000,SELL,true,LARGE
3924408137,2285.94000000,0.00220000,SELL,true,
3924408138,2285.94000000,0.00220000,SELL,true,
3924408139,2285.93000000,0.00220000,SELL,true,
3924408140,2285.93000000,0.05190000,SELL,true,LARGE
3924408141,2285.93000000,0.00230000,SELL,true,
3924408142,2285.93000000,0.00230000,SELL,true,
3924408143,2285.93000000,0.00220000,SELL,true,
3924408144,2285.93000000,0.00230000,SELL,true,
3924408145,2285.93000000,0.09710000,BUY,false,LARGE
3924408146,2285.93000000,0.03110000,BUY,false,LARGE
3924408147,2285.93000000,5.60050000,BUY,false,LARGE
3924408148,2285.93000000,0.00450000,BUY,false,
3924408149,2285.93000000,0.30710000,BUY,false,LARGE
3924408150,2285.93000000,0.62770000,BUY,false,LARGE
3924408151,2285.93000000,0.00240000,BUY,false,
3924408152,2285.93000000,0.00220000,BUY,false,
3924408153,2285.93000000,0.00450000,BUY,false,
3924408154,2285.93000000,1.14440000,BUY,false,LARGE
3924408155,2285.93000000,0.00450000,BUY,false,
3924408156,2285.93000000,0.00970000,BUY,false,
3924408157,2285.93000000,0.02330000,BUY,false,
3924408158,2285.93000000,0.00220000,BUY,false,
3924408159,2285.93000000,0.00240000,BUY,false,
3924408160,2285.93000000,0.23740000,BUY,false,
3924408161,2285.93000000,0.00450000,BUY,false,
3924408162,2285.93000000,0.02420000,BUY,false,
3924408163,2285.93000000,0.11200000,BUY,false,
3924408164,2285.93000000,0.00810000,BUY,false,
3924408165,2285.93000000,0.01750000,BUY,false,
3924408166,2285.93000000,0.53000000,BUY,false,LARGE
3924408167,2285.93000000,0.00450000,BUY,false,
3924408168,2285.93000000,0.00220000,BUY,false,
3924408169,2285.93000000,0.00220000,BUY,false,
3924408170,2285.93000000,0.00240000,BUY,false,
3924408171,2285.93000000,0.00220000,BUY,false,
3924408172,2285.93000000,0.00220000,BUY,false,
3924408173,2285.93000000,0.00220000,BUY,false,
3924408174,2285.93000000,0.00220000,BUY,false,
3924408175,2285.93000000,0.00220000,BUY,false,
3924408176,2285.93000000,0.00220000,BUY,false,
3924408177,2286.00000000,0.00240000,BUY,false,
3924408178,2286.00000000,0.00220000,BUY,false,
3924408179,2286.00000000,0.00220000,BUY,false,
3924408180,2286.00000000,0.00450000,BUY,false,
3924408181,2286.00000000,1.12530000,BUY,false,LARGE
3924408182,2286.00000000,0.19040000,BUY,false,
3924408183,2286.00000000,0.31180000,BUY,false,
3924408184,2286.00000000,0.02780000,BUY,false,
3924408185,2286.00000000,0.00450000,BUY,false,
3924408186,2286.00000000,0.00220000,BUY,false,
3924408187,2286.00000000,0.00220000,BUY,false,
3924408188,2286.00000000,0.00240000,BUY,false,
3924408189,2286.00000000,0.15830000,BUY,false,
3924408190,2286.00000000,0.00230000,BUY,false,
3924408191,2286.00000000,0.00230000,BUY,false,
3924408192,2286.00000000,0.00230000,BUY,false,
3924408193,2286.00000000,0.00230000,BUY,false,
3924408194,2286.00000000,0.00230000,BUY,false,
3924408195,2286.00000000,0.00230000,BUY,false,
3924408196,2286.01000000,0.00240000,BUY,false,
3924408197,2286.01000000,0.00220000,BUY,false,
3924408198,2286.01000000,0.00220000,BUY,false,
3924408199,2286.01000000,0.00230000,BUY,false,
3924408200,2286.01000000,0.00230000,BUY,false,
3924408201,2286.01000000,0.00220000,BUY,false,
3924408202,2286.01000000,0.00220000,BUY,false,
3924408203,2286.02000000,0.00220000,BUY,false,
3924408204,2286.02000000,0.00240000,BUY,false,
3924408205,2286.03000000,0.00240000,BUY,false,
3924408206,2286.03000000,0.00220000,BUY,false,
3924408207,2286.03000000,0.00230000,BUY,false,
3924408208,2286.03000000,0.00230000,BUY,false,
3924408209,2286.03000000,0.00220000,BUY,false,
3924408210,2286.03000000,0.00230000,BUY,false,
3924408211,2286.03000000,0.00220000,BUY,false,
3924408212,2286.03000000,0.00220000,BUY,false,
3924408213,2286.03000000,0.00220000,BUY,false,
3924408214,2286.04000000,0.00240000,BUY,false,
3924408215,2286.04000000,0.00220000,BUY,false,
3924408216,2286.04000000,0.26990000,BUY,false,
3924408217,2286.04000000,0.00220000,BUY,false,
3924408218,2286.04000000,0.00450000,BUY,false,
3924408219,2286.04000000,0.00230000,BUY,false,
3924408220,2286.04000000,0.00230000,BUY,false,
3924408221,2286.04000000,0.00240000,BUY,false,
3924408222,2286.04000000,0.00230000,BUY,false,
3924408223,2286.04000000,0.00230000,BUY,false,
3924408224,2286.04000000,0.00230000,BUY,false,
3924408225,2286.04000000,0.00230000,BUY,false,
3924408226,2286.04000000,0.00220000,BUY,false,
3924408227,2286.04000000,0.00220000,BUY,false,
3924408228,2286.04000000,0.00220000,BUY,false,
3924408229,2286.05000000,0.00240000,BUY,false,
3924408230,2286.05000000,0.00230000,BUY,false,
3924408231,2286.05000000,0.00230000,BUY,false,
3924408232,2286.05000000,0.00230000,BUY,false,
3924408233,2286.06000000,0.00240000,BUY,false,
3924408234,2286.07000000,0.00220000,BUY,false,
3924408235,2286.07000000,0.00220000,BUY,false,
3924408236,2286.07000000,0.00240000,BUY,false,
3924408237,2286.07000000,0.00220000,BUY,false,
3924408238,2286.07000000,0.00220000,BUY,false,
3924408239,2286.07000000,0.00220000,BUY,false,
3924408240,2286.07000000,0.00220000,BUY,false,
3924408241,2286.07000000,0.00220000,BUY,false,
3924408242,2286.07000000,0.00220000,BUY,false,
3924408243,2286.07000000,0.00220000,BUY,false,
3924408244,2286.07000000,0.00220000,BUY,false,
3924408245,2286.07000000,0.00220000,BUY,false,
3924408246,2286.07000000,0.00220000,BUY,false,
3924408247,2286.08000000,0.00240000,BUY,false,
3924408248,2286.08000000,0.00230000,BUY,false,
3924408249,2286.08000000,0.00230000,BUY,false,
3924408250,2286.08000000,0.00230000,BUY,false,
3924408251,2286.09000000,0.00280000,BUY,false,
3924408252,2286.08000000,0.00980000,SELL,true,
3924408253,2286.08000000,0.00220000,SELL,true,
3924408254,2286.08000000,0.00450000,SELL,true,
3924408255,2286.08000000,0.00460000,SELL,true,
3924408256,2286.09000000,0.00870000,BUY,false,
3924408257,2286.08000000,0.20020000,SELL,true,LARGE
3924408258,2286.09000000,0.04000000,BUY,false,
3924408259,2286.09000000,0.07410000,BUY,false,
3924408260,2286.08000000,3.86830000,SELL,true,LARGE
3924408261,2286.08000000,0.00450000,SELL,true,
3924408262,2286.08000000,0.00450000,SELL,true,
3924408263,2286.08000000,0.00450000,SELL,true,
3924408264,2286.08000000,0.00220000,SELL,true,
3924408265,2286.08000000,0.00450000,SELL,true,
3924408266,2286.08000000,0.00220000,SELL,true,
3924408267,2286.08000000,0.00230000,SELL,true,
3924408268,2286.08000000,0.00220000,SELL,true,
3924408269,2286.08000000,0.00240000,SELL,true,
3924408270,2286.08000000,0.00220000,SELL,true,
3924408271,2286.08000000,0.00220000,SELL,true,
3924408272,2286.08000000,0.00230000,SELL,true,
3924408273,2286.08000000,0.00230000,SELL,true,
3924408274,2286.08000000,2.23160000,SELL,true,LARGE
3924408275,2286.08000000,0.00220000,SELL,true,
3924408276,2286.08000000,0.00220000,SELL,true,
3924408277,2286.08000000,0.00220000,SELL,true,
3924408278,2286.08000000,0.00220000,SELL,true,
3924408279,2286.08000000,0.00220000,SELL,true,
3924408280,2286.08000000,0.00220000,SELL,true,
3924408281,2286.08000000,0.00220000,SELL,true,
3924408282,2286.08000000,0.00220000,SELL,true,
3924408283,2286.08000000,0.00220000,SELL,true,
3924408284,2286.08000000,0.00220000,SELL,true,
3924408285,2286.08000000,0.00220000,SELL,true,
3924408286,2286.08000000,0.00220000,SELL,true,
3924408287,2286.08000000,0.00220000,SELL,true,
3924408288,2286.08000000,0.00220000,SELL,true,
3924408289,2286.08000000,0.00220000,SELL,true,
3924408290,2286.08000000,0.00220000,SELL,true,
3924408291,2286.07000000,0.00230000,SELL,true,
3924408292,2286.07000000,0.00240000,SELL,true,
3924408293,2286.07000000,0.00220000,SELL,true,
3924408294,2286.07000000,0.00230000,SELL,true,
3924408295,2286.07000000,0.00450000,SELL,true,
3924408296,2286.07000000,0.00230000,SELL,true,
3924408297,2286.07000000,0.00220000,SELL,true,
3924408298,2286.07000000,0.00230000,SELL,true,
3924408299,2286.07000000,0.00230000,SELL,true,
3924408300,2286.07000000,0.00220000,SELL,true,
3924408301,2286.07000000,0.00220000,SELL,true,
3924408302,2286.06000000,0.00240000,SELL,true,
3924408303,2286.06000000,0.00220000,SELL,true,
3924408304,2286.06000000,0.00230000,SELL,true,
3924408305,2286.06000000,0.00230000,SELL,true,
3924408306,2286.06000000,0.00230000,SELL,true,
3924408307,2286.06000000,0.00220000,SELL,true,
3924408308,2286.06000000,0.00220000,SELL,true,
3924408309,2286.06000000,0.00220000,SELL,true,
3924408310,2286.06000000,0.00220000,SELL,true,
3924408311,2286.05000000,0.00240000,SELL,true,
3924408312,2286.04000000,0.00240000,SELL,true,
3924408313,2286.03000000,0.00220000,SELL,true,
3924408314,2286.03000000,0.00220000,SELL,true,
3924408315,2286.03000000,0.00240000,SELL,true,
3924408316,2286.03000000,0.00220000,SELL,true,
3924408317,2286.03000000,0.00220000,SELL,true,
3924408318,2286.03000000,0.00220000,SELL,true,
3924408319,2286.03000000,0.00220000,SELL,true,
3924408320,2286.03000000,0.00220000,SELL,true,
3924408321,2286.03000000,0.00220000,SELL,true,
3924408322,2286.03000000,0.00220000,SELL,true,
3924408323,2286.03000000,0.00220000,SELL,true,
3924408324,2286.02000000,0.00220000,SELL,true,
3924408325,2286.02000000,0.00240000,SELL,true,
3924408326,2286.01000000,0.00240000,SELL,true,
3924408327,2286.00000000,0.00240000,SELL,true,
3924408328,2285.99000000,0.00220000,SELL,true,
3924408329,2285.99000000,0.00240000,SELL,true,
3924408330,2285.99000000,0.00220000,SELL,true,
3924408331,2285.99000000,0.00220000,SELL,true,
3924408332,2285.99000000,0.00220000,SELL,true,
3924408333,2285.99000000,0.00220000,SELL,true,
3924408334,2285.97000000,0.00220000,SELL,true,
3924408335,2285.97000000,0.00220000,SELL,true,
3924408336,2285.93000000,0.00230000,SELL,true,
3924408337,2285.93000000,0.00230000,SELL,true,
3924408338,2285.93000000,0.00230000,SELL,true,
3924408339,2285.92000000,1.00000000,SELL,true,LARGE
3924408340,2285.92000000,0.06320000,SELL,true,
3924408341,2285.93000000,0.00550000,BUY,false,
3924408342,2285.93000000,0.00390000,BUY,false,
3924408343,2285.92000000,0.03670000,SELL,true,
3924408344,2285.93000000,0.00440000,BUY,false,
3924408345,2285.93000000,1.00000000,BUY,false,LARGE
3924408346,2285.93000000,0.00280000,BUY,false,
3924408347,2285.93000000,0.10970000,BUY,false,
3924408348,2285.92000000,0.09990000,SELL,true,
3924408349,2285.92000000,0.00400000,SELL,true,
3924408350,2285.93000000,0.01640000,BUY,false,
3924408351,2285.93000000,0.00440000,BUY,false,
3924408352,2285.92000000,0.00260000,SELL,true,
3924408353,2285.93000000,0.11080000,BUY,false,
3924408354,2285.93000000,0.00330000,BUY,false,
3924408355,2285.93000000,0.01010000,BUY,false,
3924408356,2285.93000000,0.00450000,BUY,false,
3924408357,2285.93000000,0.00220000,BUY,false,
3924408358,2285.93000000,0.00450000,BUY,false,
3924408359,2285.93000000,1.14410000,BUY,false,LARGE
3924408360,2285.93000000,0.00450000,BUY,false,
3924408361,2285.93000000,0.00450000,BUY,false,
3924408362,2285.93000000,0.00220000,BUY,false,
3924408363,2285.93000000,0.00220000,BUY,false,
3924408364,2285.93000000,0.00240000,BUY,false,
3924408365,2285.93000000,0.02400000,BUY,false,
3924408366,2285.93000000,0.00450000,BUY,false,
3924408367,2285.93000000,0.50620000,BUY,false,LARGE
3924408368,2285.93000000,0.00220000,BUY,false,
3924408369,2285.93000000,0.01060000,BUY,false,
3924408370,2285.93000000,0.00970000,BUY,false,
3924408371,2285.93000000,1.30470000,BUY,false,LARGE
3924408372,2285.93000000,0.00220000,BUY,false,
3924408373,2285.93000000,0.00260000,BUY,false,
3924408374,2285.93000000,0.54320000,BUY,false,LARGE
3924408375,2285.93000000,0.05420000,BUY,false,
3924408376,2285.93000000,0.48550000,BUY,false,LARGE
3924408377,2285.93000000,0.00450000,BUY,false,
3924408378,2285.93000000,1.57030000,BUY,false,LARGE
3924408379,2285.93000000,0.41040000,BUY,false,LARGE
3924408380,2285.93000000,0.00820000,BUY,false,
3924408381,2285.93000000,0.00220000,BUY,false,
3924408382,2285.93000000,0.32650000,BUY,false,LARGE
3924408383,2285.93000000,0.61910000,BUY,false,LARGE
3924408384,2285.93000000,0.00220000,BUY,false,
3924408385,2285.93000000,0.00220000,BUY,false,
3924408386,2285.93000000,0.00220000,BUY,false,
3924408387,2285.93000000,0.00220000,BUY,false,
3924408388,2285.93000000,0.00220000,BUY,false,
3924408389,2285.93000000,0.00220000,BUY,false,
3924408390,2285.93000000,0.00220000,BUY,false,
3924408391,2285.93000000,0.00220000,BUY,false,
3924408392,2285.93000000,0.00220000,BUY,false,
3924408393,2285.93000000,0.00220000,BUY,false,
3924408394,2285.93000000,0.00220000,BUY,false,
3924408395,2285.93000000,0.00220000,BUY,false,
3924408396,2285.93000000,0.00220000,BUY,false,
3924408397,2285.93000000,0.00220000,BUY,false,
3924408398,2285.93000000,0.00220000,BUY,false,
3924408399,2285.93000000,0.00220000,BUY,false,
3924408400,2285.93000000,0.00220000,BUY,false,
3924408401,2285.93000000,0.00220000,BUY,false,
3924408402,2285.93000000,0.00220000,BUY,false,
3924408403,2285.93000000,0.00220000,BUY,false,
3924408404,2285.93000000,0.00220000,BUY,false,
3924408405,2285.93000000,0.00220000,BUY,false,
3924408406,2285.93000000,0.00220000,BUY,false,
3924408407,2285.93000000,0.00220000,BUY,false,
3924408408,2285.94000000,0.00240000,BUY,false,
3924408409,2285.95000000,0.00240000,BUY,false,
3924408410,2285.96000000,0.00220000,BUY,false,
3924408411,2285.96000000,0.00240000,BUY,false,
3924408412,2285.96000000,0.00220000,BUY,false,
3924408413,2285.97000000,0.00240000,BUY,false,
3924408414,2285.98000000,0.00240000,BUY,false,
3924408415,2285.99000000,0.00890000,BUY,false,
3924408416,2285.99000000,0.00240000,BUY,false,
3924408417,2286.00000000,0.03000000,BUY,false,
3924408418,2286.00000000,0.00240000,BUY,false,
3924408419,2286.00000000,0.00220000,BUY,false,
3924408420,2286.00000000,0.00220000,BUY,false,
3924408421,2286.00000000,0.00230000,BUY,false,
3924408422,2286.00000000,0.00230000,BUY,false,
3924408423,2286.00000000,0.00220000,BUY,false,
3924408424,2286.00000000,0.00220000,BUY,false,
3924408425,2286.00000000,0.00230000,BUY,false,
3924408426,2286.01000000,0.00240000,BUY,false,
3924408427,2286.01000000,0.00230000,BUY,false,
3924408428,2286.01000000,0.00230000,BUY,false,
3924408429,2286.01000000,0.00230000,BUY,false,
3924408430,2286.02000000,0.00220000,BUY,false,
3924408431,2286.02000000,0.00270000,BUY,false,
3924408432,2286.02000000,3.05570000,BUY,false,LARGE
3924408433,2286.02000000,2.58150000,BUY,false,LARGE
3924408434,2286.02000000,0.00240000,BUY,false,
3924408435,2286.02000000,0.54750000,BUY,false,LARGE
3924408436,2286.02000000,0.00220000,BUY,false,
3924408437,2286.02000000,0.00220000,BUY,false,
3924408438,2286.02000000,0.00220000,BUY,false,
3924408439,2286.02000000,0.00220000,BUY,false,
3924408440,2286.02000000,0.00220000,BUY,false,
3924408441,2286.08000000,0.00220000,BUY,false,
3924408442,2286.08000000,0.00240000,BUY,false,
3924408443,2286.08000000,0.00450000,BUY,false,
3924408444,2286.08000000,0.00220000,BUY,false,
3924408445,2286.08000000,0.00220000,BUY,false,
3924408446,2286.08000000,0.00220000,BUY,false,
3924408447,2286.08000000,0.00220000,BUY,false,
3924408448,2286.09000000,0.30340000,BUY,false,
3924408449,2286.09000000,0.43440000,BUY,false,LARGE
3924408450,2286.09000000,0.43700000,BUY,false,
3924408451,2286.09000000,0.42900000,BUY,false,
3924408452,2286.09000000,0.00220000,BUY,false,
3924408453,2286.09000000,0.00220000,BUY,false,
3924408454,2286.09000000,0.55620000,BUY,false,LARGE
3924408455,2286.09000000,0.00240000,BUY,false,
3924408456,2286.09000000,0.00450000,BUY,false,
3924408457,2286.09000000,0.00230000,BUY,false,
3924408458,2286.09000000,0.00230000,BUY,false,
3924408459,2286.09000000,1.32600000,BUY,false,LARGE
3924408460,2286.09000000,0.00450000,BUY,false,
3924408461,2286.09000000,1.08680000,BUY,false,LARGE
3924408462,2286.09000000,0.00220000,BUY,false,
3924408463,2286.09000000,0.00220000,BUY,false,
3924408464,2286.10000000,0.00240000,BUY,false,
3924408465,2286.10000000,0.00230000,BUY,false,
3924408466,2286.10000000,0.00230000,BUY,false,
3924408467,2286.11000000,0.00230000,BUY,false,
3924408468,2286.11000000,0.00230000,BUY,false,
3924408469,2286.11000000,0.00240000,BUY,false,
3924408470,2286.11000000,0.00230000,BUY,false,
3924408471,2286.12000000,0.00220000,BUY,false,
3924408472,2286.12000000,0.19600000,BUY,false,
3924408473,2286.12000000,0.00240000,BUY,false,
3924408474,2286.12000000,0.00220000,BUY,false,
3924408475,2286.12000000,0.00220000,BUY,false,
3924408476,2286.12000000,0.00220000,BUY,false,
3924408477,2286.12000000,0.00220000,BUY,false,
3924408478,2286.13000000,0.00220000,BUY,false,
3924408479,2286.13000000,0.00220000,BUY,false,
3924408480,2286.13000000,0.00220000,BUY,false,
3924408481,2286.13000000,0.00230000,BUY,false,
3924408482,2286.13000000,0.00270000,BUY,false,
3924408483,2286.13000000,0.00220000,BUY,false,
3924408484,2286.13000000,0.00220000,BUY,false,
3924408485,2286.13000000,0.00230000,BUY,false,
3924408486,2286.13000000,0.00230000,BUY,false,
3924408487,2286.13000000,0.00240000,BUY,false,
3924408488,2286.13000000,0.00220000,BUY,false,
3924408489,2286.13000000,0.00220000,BUY,false,
3924408490,2286.13000000,0.00220000,BUY,false,
3924408491,2286.13000000,0.00220000,BUY,false,
3924408492,2286.13000000,0.00230000,BUY,false,
3924408493,2286.13000000,0.00220000,BUY,false,
3924408494,2286.13000000,0.00220000,BUY,false,
3924408495,2286.13000000,0.00220000,BUY,false,
3924408496,2286.13000000,0.00220000,BUY,false,
3924408497,2286.13000000,0.00220000,BUY,false,
3924408498,2286.13000000,0.00220000,BUY,false,
3924408499,2286.14000000,0.32800000,BUY,false,
3924408500,2286.14000000,0.00240000,BUY,false,
3924408501,2286.15000000,0.00220000,BUY,false,
3924408502,2286.15000000,0.00240000,BUY,false,
3924408503,2286.15000000,0.00220000,BUY,false,
3924408504,2286.16000000,0.00220000,BUY,false,
3924408505,2286.16000000,0.00240000,BUY,false,
3924408506,2286.16000000,0.00220000,BUY,false,
3924408507,2286.16000000,0.00220000,BUY,false,
3924408508,2286.16000000,0.00220000,BUY,false,
3924408509,2286.16000000,0.00220000,BUY,false,
3924408510,2286.17000000,0.00240000,BUY,false,
3924408511,2286.18000000,0.00220000,BUY,false,
3924408512,2286.18000000,0.00220000,BUY,false,
3924408513,2286.18000000,0.00240000,BUY,false,
3924408514,2286.18000000,0.00220000,BUY,false,
3924408515,2286.18000000,0.00220000,BUY,false,
3924408516,2286.19000000,0.00330000,BUY,false,
3924408517,2286.20000000,0.00220000,BUY,false,
3924408518,2286.20000000,0.00220000,BUY,false,
3924408519,2286.20000000,0.00300000,BUY,false,
3924408520,2286.20000000,0.00220000,BUY,false,
3924408521,2286.20000000,0.00220000,BUY,false,
3924408522,2286.21000000,0.00220000,BUY,false,
3924408523,2286.21000000,0.00220000,BUY,false,
3924408524,2286.22000000,0.00220000,BUY,false,
3924408525,2286.22000000,0.00220000,BUY,false,
3924408526,2286.23000000,0.00220000,BUY,false,
3924408527,2286.23000000,0.00220000,BUY,false,
3924408528,2286.24000000,0.00220000,BUY,false,
3924408529,2286.24000000,0.00270000,BUY,false,
3924408530,2286.25000000,0.10940000,BUY,false,
3924408531,2286.25000000,0.00220000,BUY,false,
3924408532,2286.25000000,0.00240000,BUY,false,
3924408533,2286.25000000,0.00220000,BUY,false,
3924408534,2286.25000000,0.00450000,BUY,false,
3924408535,2286.25000000,0.00220000,BUY,false,
3924408536,2286.25000000,0.00220000,BUY,false,
3924408537,2286.26000000,0.00240000,BUY,false,
3924408538,2286.27000000,0.00220000,BUY,false,
3924408539,2286.27000000,0.02190000,BUY,false,
3924408540,2286.27000000,0.00220000,BUY,false,
3924408541,2286.27000000,0.00240000,BUY,false,
3924408542,2286.27000000,0.00450000,BUY,false,
3924408543,2286.27000000,0.00220000,BUY,false,
3924408544,2286.27000000,0.00220000,BUY,false,
3924408545,2286.27000000,0.00220000,BUY,false,
3924408546,2286.27000000,0.00220000,BUY,false,
3924408547,2286.27000000,0.00240000,BUY,false,
3924408548,2286.27000000,0.00450000,BUY,false,
3924408549,2286.27000000,0.00230000,BUY,false,
3924408550,2286.27000000,0.00230000,BUY,false,
3924408551,2286.27000000,0.00220000,BUY,false,
3924408552,2286.27000000,0.00220000,BUY,false,
3924408553,2286.27000000,0.00220000,BUY,false,
3924408554,2286.27000000,0.00450000,BUY,false,
3924408555,2286.27000000,0.00240000,BUY,false,
3924408556,2286.27000000,0.00220000,BUY,false,
3924408557,2286.27000000,0.00220000,BUY,false,
3924408558,2286.27000000,0.00220000,BUY,false,
3924408559,2286.27000000,0.00230000,BUY,false,
3924408560,2286.27000000,0.00230000,BUY,false,
3924408561,2286.27000000,0.00220000,BUY,false,
3924408562,2286.27000000,0.00050000,BUY,false,
3924408563,2286.27000000,0.00170000,BUY,false,
3924408564,2286.27000000,0.00240000,BUY,false,
3924408565,2286.27000000,0.00230000,BUY,false,
3924408566,2286.27000000,0.00450000,BUY,false,
3924408567,2286.27000000,0.00220000,BUY,false,
3924408568,2286.27000000,0.00220000,BUY,false,
3924408569,2286.27000000,0.00240000,BUY,false,
3924408570,2286.27000000,0.00230000,BUY,false,
3924408571,2286.27000000,0.00220000,BUY,false,
3924408572,2286.27000000,0.00220000,BUY,false,
3924408573,2286.27000000,0.00240000,BUY,false,
3924408574,2286.27000000,0.00230000,BUY,false,
3924408575,2286.27000000,0.00230000,BUY,false,
3924408576,2286.27000000,0.00450000,BUY,false,
3924408577,2286.28000000,0.00230000,BUY,false,
3924408578,2286.28000000,0.00240000,BUY,false,
3924408579,2286.28000000,0.00230000,BUY,false,
3924408580,2286.29000000,0.00240000,BUY,false,
3924408581,2286.30000000,0.00220000,BUY,false,
3924408582,2286.30000000,0.00220000,BUY,false,
3924408583,2286.30000000,0.00300000,BUY,false,
3924408584,2286.30000000,0.00220000,BUY,false,
3924408585,2286.30000000,0.00220000,BUY,false,
3924408586,2286.30000000,0.00240000,BUY,false,
3924408587,2286.30000000,0.00220000,BUY,false,
3924408588,2286.30000000,0.00220000,BUY,false,
3924408589,2286.30000000,0.00220000,BUY,false,
3924408590,2286.30000000,0.00220000,BUY,false,
3924408591,2286.31000000,0.00240000,BUY,false,
3924408592,2286.31000000,0.00230000,BUY,false,
3924408593,2286.31000000,0.00450000,BUY,false,
3924408594,2286.31000000,0.00230000,BUY,false,
3924408595,2286.31000000,0.00220000,BUY,false,
3924408596,2286.31000000,0.00230000,BUY,false,
3924408597,2286.31000000,0.00230000,BUY,false,
3924408598,2286.31000000,0.00230000,BUY,false,
3924408599,2286.31000000,0.00220000,BUY,false,
3924408600,2286.31000000,0.00230000,BUY,false,
3924408601,2286.32000000,0.00220000,BUY,false,
3924408602,2286.32000000,0.00240000,BUY,false,
3924408603,2286.32000000,0.00230000,BUY,false,
3924408604,2286.32000000,0.00230000,BUY,false,
3924408605,2286.32000000,0.43700000,BUY,false,LARGE
3924408606,2286.32000000,0.00220000,BUY,false,
3924408607,2286.33000000,0.00440000,BUY,false,
3924408608,2286.33000000,0.00240000,BUY,false,
3924408609,2286.35000000,0.00220000,BUY,false,
3924408610,2286.35000000,0.00230000,BUY,false,
3924408611,2286.35000000,0.00240000,BUY,false,
3924408612,2286.36000000,0.00220000,BUY,false,
3924408613,2286.36000000,0.00230000,BUY,false,
3924408614,2286.36000000,0.00230000,BUY,false,
3924408615,2286.36000000,0.00240000,BUY,false,
3924408616,2286.36000000,0.00220000,BUY,false,
3924408617,2286.36000000,0.00230000,BUY,false,
3924408618,2286.36000000,0.00220000,BUY,false,
3924408619,2286.36000000,0.00220000,BUY,false,
3924408620,2286.36000000,0.00220000,BUY,false,
3924408621,2286.37000000,0.00220000,BUY,false,
3924408622,2286.37000000,0.23550000,BUY,false,LARGE
3924408623,2286.37000000,0.00240000,BUY,false,
3924408624,2286.37000000,0.00220000,BUY,false,
3924408625,2286.37000000,0.00220000,BUY,false,
3924408626,2286.37000000,0.00220000,BUY,false,
3924408627,2286.37000000,0.00220000,BUY,false,
3924408628,2286.37000000,0.00220000,BUY,false,
3924408629,2286.37000000,0.00220000,BUY,false,
3924408630,2286.40000000,0.00220000,BUY,false,
3924408631,2286.40000000,0.00300000,BUY,false,
3924408632,2286.40000000,0.00240000,BUY,false,
3924408633,2286.40000000,0.00220000,BUY,false,
3924408634,2286.41000000,0.00220000,BUY,false,
3924408635,2286.41000000,0.00240000,BUY,false,
3924408636,2286.41000000,0.00220000,BUY,false,
3924408637,2286.42000000,0.00330000,BUY,false,
3924408638,2286.42000000,0.00220000,BUY,false,
3924408639,2286.42000000,0.00240000,BUY,false,
3924408640,2286.42000000,0.00230000,BUY,false,
3924408641,2286.42000000,0.00230000,BUY,false,
3924408642,2286.42000000,0.00220000,BUY,false,
3924408643,2286.42000000,0.00230000,BUY,false,
3924408644,2286.43000000,0.00220000,BUY,false,
3924408645,2286.43000000,0.43730000,BUY,false,LARGE
3924408646,2286.43000000,0.43730000,BUY,false,LARGE
3924408647,2286.43000000,0.43730000,BUY,false,LARGE
3924408648,2286.43000000,0.00240000,BUY,false,
3924408649,2286.43000000,0.00220000,BUY,false,
3924408650,2286.45000000,0.06850000,BUY,false,LARGE
3924408651,2286.45000000,0.00240000,BUY,false,
3924408652,2286.45000000,0.00450000,BUY,false,
3924408653,2286.45000000,0.00230000,BUY,false,
3924408654,2286.45000000,0.00220000,BUY,false,
3924408655,2286.45000000,0.00230000,BUY,false,
3924408656,2286.45000000,0.00220000,BUY,false,
3924408657,2286.45000000,0.00270000,BUY,false,
3924408658,2286.45000000,0.00220000,BUY,false,
3924408659,2286.45000000,0.00220000,BUY,false,
3924408660,2286.45000000,0.00230000,BUY,false,
3924408661,2286.46000000,0.00220000,BUY,false,
3924408662,2286.46000000,0.00220000,BUY,false,
3924408663,2286.46000000,0.00240000,BUY,false,
3924408664,2286.46000000,0.00230000,BUY,false,
3924408665,2286.46000000,0.00230000,BUY,false,
3924408666,2286.46000000,0.00220000,BUY,false,
3924408667,2286.47000000,0.00220000,BUY,false,
3924408668,2286.47000000,0.00240000,BUY,false,
3924408669,2286.47000000,0.00230000,BUY,false,
3924408670,2286.47000000,0.00230000,BUY,false,
3924408671,2286.47000000,0.00230000,BUY,false,
3924408672,2286.47000000,0.00230000,BUY,false,
3924408673,2286.47000000,0.00450000,BUY,false,
3924408674,2286.47000000,0.00220000,BUY,false,
3924408675,2286.47000000,0.00230000,BUY,false,
3924408676,2286.47000000,0.00220000,BUY,false,
3924408677,2286.47000000,0.00220000,BUY,false,
3924408678,2286.47000000,0.00220000,BUY,false,
3924408679,2286.48000000,0.06490000,BUY,false,
3924408680,2286.47000000,1.50940000,SELL,true,LARGE
3924408681,2286.47000000,2.29930000,SELL,true,LARGE
3924408682,2286.47000000,3.53850000,SELL,true,LARGE
3924408683,2286.48000000,0.04450000,BUY,false,
3924408684,2286.48000000,0.00220000,BUY,false,
3924408685,2286.48000000,0.00240000,BUY,false,
3924408686,2286.48000000,0.00230000,BUY,false,
3924408687,2286.48000000,0.00450000,BUY,false,
3924408688,2286.48000000,0.00450000,BUY,false,
3924408689,2286.48000000,0.00450000,BUY,false,
3924408690,2286.48000000,0.00450000,BUY,false,
3924408691,2286.48000000,0.11200000,BUY,false,
3924408692,2286.48000000,0.00290000,BUY,false,
3924408693,2286.48000000,0.00230000,BUY,false,
3924408694,2286.48000000,0.00230000,BUY,false,
3924408695,2286.48000000,0.00220000,BUY,false,
3924408696,2286.48000000,0.00240000,BUY,false,
3924408697,2286.48000000,0.00230000,BUY,false,
3924408698,2286.48000000,0.00450000,BUY,false,
3924408699,2286.48000000,0.00230000,BUY,false,
3924408700,2286.49000000,0.00220000,BUY,false,
3924408701,2286.49000000,0.00240000,BUY,false,
3924408702,2286.49000000,0.00230000,BUY,false,
3924408703,2286.49000000,0.00230000,BUY,false,
3924408704,2286.49000000,0.00450000,BUY,false,
3924408705,2286.49000000,0.00230000,BUY,false,
3924408706,2286.49000000,0.00230000,BUY,false,
3924408707,2286.49000000,0.00220000,BUY,false,
3924408708,2286.49000000,0.00450000,BUY,false,
3924408709,2286.49000000,0.00240000,BUY,false,
3924408710,2286.50000000,0.00300000,BUY,false,
3924408711,2286.50000000,0.02190000,BUY,false,
3924408712,2286.50000000,0.00220000,BUY,false,
3924408713,2286.50000000,0.00240000,BUY,false,
3924408714,2286.50000000,0.00230000,BUY,false,
3924408715,2286.50000000,0.00230000,BUY,false,
3924408716,2286.50000000,0.00230000,BUY,false,
3924408717,2286.50000000,0.00230000,BUY,false,
3924408718,2286.50000000,0.00230000,BUY,false,
3924408719,2286.50000000,0.00450000,BUY,false,
3924408720,2286.50000000,0.00220000,BUY,false,
3924408721,2286.50000000,0.00230000,BUY,false,
3924408722,2286.50000000,0.00230000,BUY,false,
3924408723,2286.50000000,0.00230000,BUY,false,
3924408724,2286.50000000,0.00240000,BUY,false,
3924408725,2286.50000000,0.00450000,BUY,false,
3924408726,2286.51000000,0.00220000,BUY,false,
3924408727,2286.51000000,0.00240000,BUY,false,
3924408728,2286.51000000,0.00450000,BUY,false,
3924408729,2286.51000000,0.10400000,BUY,false,
3924408730,2286.50000000,0.00450000,SELL,true,
3924408731,2286.50000000,0.00220000,SELL,true,
3924408732,2286.50000000,0.00240000,SELL,true,
3924408733,2286.50000000,0.00450000,SELL,true,
3924408734,2286.50000000,0.00450000,SELL,true,
3924408735,2286.50000000,0.00450000,SELL,true,
3924408736,2286.50000000,0.00230000,SELL,true,
3924408737,2286.50000000,0.00230000,SELL,true,
3924408738,2286.50000000,0.00230000,SELL,true,
3924408739,2286.50000000,0.00220000,SELL,true,
3924408740,2286.50000000,0.00220000,SELL,true,
3924408741,2286.50000000,0.00220000,SELL,true,
3924408742,2286.50000000,0.00220000,SELL,true,
3924408743,2286.49000000,0.00220000,SELL,true,
3924408744,2286.49000000,0.00240000,SELL,true,
3924408745,2286.49000000,0.00230000,SELL,true,
3924408746,2286.49000000,0.00230000,SELL,true,
3924408747,2286.49000000,0.00230000,SELL,true,
3924408748,2286.49000000,0.00220000,SELL,true,
3924408749,2286.49000000,0.00220000,SELL,true,
3924408750,2286.49000000,0.00220000,SELL,true,
3924408751,2286.49000000,0.00220000,SELL,true,
3924408752,2286.48000000,0.00220000,SELL,true,
3924408753,2286.48000000,0.00240000,SELL,true,
3924408754,2286.48000000,0.00220000,SELL,true,
3924408755,2286.48000000,0.00220000,SELL,true,
3924408756,2286.48000000,0.00220000,SELL,true,
3924408757,2286.48000000,0.00220000,SELL,true,
3924408758,2286.47000000,0.00220000,SELL,true,
3924408759,2286.47000000,0.00240000,SELL,true,
3924408760,2286.47000000,0.00230000,SELL,true,
3924408761,2286.47000000,0.00230000,SELL,true,
3924408762,2286.47000000,0.00220000,SELL,true,
3924408763,2286.47000000,0.00230000,SELL,true,
3924408764,2286.47000000,0.00220000,SELL,true,
3924408765,2286.47000000,0.00220000,SELL,true,
3924408766,2286.47000000,0.00220000,SELL,true,
3924408767,2286.47000000,0.00450000,BUY,false,
3924408768,2286.47000000,0.00240000,BUY,false,
3924408769,2286.47000000,0.00450000,BUY,false,
3924408770,2286.47000000,0.00220000,BUY,false,
3924408771,2286.47000000,0.12680000,BUY,false,
3924408772,2286.47000000,0.43730000,BUY,false,LARGE
3924408773,2286.46000000,0.00220000,SELL,true,
3924408774,2286.46000000,0.00240000,SELL,true,
3924408775,2286.46000000,0.00360000,SELL,true,
3924408776,2286.47000000,0.01500000,BUY,false,
3924408777,2286.47000000,0.09580000,BUY,false,
3924408778,2286.47000000,0.02660000,BUY,false,
3924408779,2286.47000000,0.02140000,BUY,false,
3924408780,2286.47000000,0.00450000,BUY,false,
3924408781,2286.47000000,0.00240000,BUY,false,
3924408782,2286.47000000,0.00220000,BUY,false,
3924408783,2286.47000000,0.00270000,BUY,false,
3924408784,2286.47000000,0.00220000,BUY,false,
3924408785,2286.47000000,0.00230000,BUY,false,
3924408786,2286.47000000,0.00220000,BUY,false,
3924408787,2286.47000000,0.00220000,BUY,false,
3924408788,2286.47000000,0.00220000,BUY,false,
3924408789,2286.47000000,0.00220000,BUY,false,
3924408790,2286.47000000,0.00220000,BUY,false,
3924408791,2286.47000000,0.00220000,BUY,false,
3924408792,2286.47000000,0.00220000,BUY,false,
3924408793,2286.48000000,0.00230000,BUY,false,
3924408794,2286.49000000,0.00240000,BUY,false,
3924408795,2286.50000000,0.00240000,BUY,false,
3924408796,2286.50000000,0.00230000,BUY,false,
3924408797,2286.50000000,0.00230000,BUY,false,
3924408798,2286.50000000,0.00230000,BUY,false,
3924408799,2286.51000000,0.13410000,BUY,false,LARGE
3924408800,2286.51000000,0.00220000,BUY,false,
3924408801,2286.51000000,0.00240000,BUY,false,
3924408802,2286.51000000,0.18670000,BUY,false,LARGE
3924408803,2286.51000000,0.13410000,BUY,false,LARGE
3924408804,2286.51000000,0.13410000,BUY,false,LARGE
3924408805,2286.51000000,0.13410000,BUY,false,LARGE
3924408806,2286.51000000,0.13410000,BUY,false,LARGE
3924408807,2286.51000000,0.13410000,BUY,false,LARGE
3924408808,2286.51000000,0.13410000,BUY,false,LARGE
3924408809,2286.51000000,0.13410000,BUY,false,LARGE
3924408810,2286.51000000,0.13410000,BUY,false,LARGE
3924408811,2286.51000000,0.03960000,BUY,false,
3924408812,2286.52000000,0.03430000,BUY,false,
3924408813,2286.52000000,0.00220000,BUY,false,
3924408814,2286.52000000,0.00240000,BUY,false,
3924408815,2286.52000000,0.00220000,BUY,false,
3924408816,2286.52000000,0.00220000,BUY,false,
3924408817,2286.52000000,0.00220000,BUY,false,
3924408818,2286.53000000,0.00230000,BUY,false,
3924408819,2286.53000000,0.00220000,BUY,false,
3924408820,2286.53000000,0.00240000,BUY,false,
3924408821,2286.53000000,0.00220000,BUY,false,
3924408822,2286.54000000,0.00240000,BUY,false,
3924408823,2286.54000000,0.00220000,BUY,false,
3924408824,2286.54000000,0.00450000,BUY,false,
3924408825,2286.54000000,0.00230000,BUY,false,
3924408826,2286.54000000,0.00230000,BUY,false,
3924408827,2286.54000000,0.00230000,BUY,false,
3924408828,2286.54000000,0.00230000,BUY,false,
3924408829,2286.54000000,0.00220000,BUY,false,
3924408830,2286.54000000,0.00230000,BUY,false,
3924408831,2286.54000000,0.00230000,BUY,false,
3924408832,2286.54000000,0.00230000,BUY,false,
3924408833,2286.54000000,0.00450000,BUY,false,
3924408834,2286.54000000,0.00230000,BUY,false,
3924408835,2286.54000000,0.00230000,BUY,false,
3924408836,2286.54000000,0.00230000,BUY,false,
3924408837,2286.54000000,0.00230000,BUY,false,
3924408838,2286.54000000,0.00450000,BUY,false,
3924408839,2286.54000000,0.00220000,BUY,false,
3924408840,2286.54000000,0.00230000,BUY,false,
3924408841,2286.54000000,0.00230000,BUY,false,
3924408842,2286.54000000,0.00230000,BUY,false,
3924408843,2286.54000000,0.00220000,BUY,false,
3924408844,2286.55000000,0.03750000,BUY,false,
3924408845,2286.55000000,0.00220000,BUY,false,
3924408846,2286.55000000,0.00240000,BUY,false,
3924408847,2286.55000000,0.00230000,BUY,false,
3924408848,2286.55000000,0.00220000,BUY,false,
3924408849,2286.56000000,0.00220000,BUY,false,
3924408850,2286.56000000,0.00240000,BUY,false,
3924408851,2286.56000000,0.00230000,BUY,false,
3924408852,2286.56000000,0.00220000,BUY,false,
3924408853,2286.57000000,0.00220000,BUY,false,
3924408854,2286.57000000,0.00220000,BUY,false,
3924408855,2286.57000000,0.00240000,BUY,false,
3924408856,2286.57000000,0.00220000,BUY,false,
3924408857,2286.57000000,0.00220000,BUY,false,
3924408858,2286.57000000,0.00220000,BUY,false,
3924408859,2286.57000000,0.00220000,BUY,false,
3924408860,2286.59000000,0.00220000,BUY,false,
3924408861,2286.59000000,0.00230000,BUY,false,
3924408862,2286.59000000,0.00220000,BUY,false,
3924408863,2286.60000000,0.00300000,BUY,false,
3924408864,2286.60000000,0.00220000,BUY,false,
3924408865,2286.60000000,0.00230000,BUY,false,
3924408866,2286.60000000,0.00220000,BUY,false,
3924408867,2286.60000000,0.00220000,BUY,false,
3924408868,2286.60000000,0.00220000,BUY,false,
3924408869,2286.60000000,0.00220000,BUY,false,
3924408870,2286.60000000,0.00220000,BUY,false,
3924408871,2286.60000000,0.00220000,BUY,false,
3924408872,2286.63000000,0.00220000,BUY,false,
3924408873,2286.63000000,0.00220000,BUY,false,
3924408874,2286.63000000,0.00220000,BUY,false,
3924408875,2286.63000000,0.00220000,BUY,false,
3924408876,2286.64000000,0.00230000,BUY,false,
3924408877,2286.64000000,0.00230000,BUY,false,
3924408878,2286.64000000,0.00230000,BUY,false,
3924408879,2286.65000000,0.43730000,BUY,false,LARGE
3924408880,2286.65000000,0.10710000,BUY,false,LARGE
3924408881,2286.65000000,0.33020000,BUY,false,LARGE
3924408882,2286.65000000,0.43730000,BUY,false,LARGE
3924408883,2286.65000000,0.43730000,BUY,false,LARGE
3924408884,2286.65000000,0.00450000,BUY,false,
3924408885,2286.65000000,0.00230000,BUY,false,
3924408886,2286.65000000,1.00810000,BUY,false,LARGE
3924408887,2286.65000000,0.00230000,BUY,false,
3924408888,2286.66000000,0.00230000,BUY,false,
3924408889,2286.66000000,0.00230000,BUY,false,
3924408890,2286.67000000,0.00230000,BUY,false,
3924408891,2286.67000000,0.00220000,BUY,false,
3924408892,2286.67000000,0.00220000,BUY,false,
3924408893,2286.68000000,0.00220000,BUY,false,
3924408894,2286.68000000,0.00270000,BUY,false,
3924408895,2286.68000000,0.00220000,BUY,false,
3924408896,2286.68000000,0.00220000,BUY,false,
3924408897,2286.68000000,0.00220000,BUY,false,
3924408898,2286.68000000,0.00220000,BUY,false,
3924408899,2286.68000000,0.00220000,BUY,false,
3924408900,2286.69000000,0.00220000,BUY,false,
3924408901,2286.69000000,0.00220000,BUY,false,
3924408902,2286.70000000,0.00300000,BUY,false,
3924408903,2286.70000000,0.00220000,BUY,false,
3924408904,2286.70000000,0.00230000,BUY,false,
3924408905,2286.70000000,0.00230000,BUY,false,
3924408906,2286.70000000,0.00220000,BUY,false,
3924408907,2286.70000000,0.00230000,BUY,false,
3924408908,2286.71000000,0.10940000,BUY,false,LARGE
3924408909,2286.71000000,0.00220000,BUY,false,
3924408910,2286.71000000,0.00220000,BUY,false,
3924408911,2286.72000000,0.06000000,BUY,false,
3924408912,2286.72000000,0.00220000,BUY,false,
3924408913,2286.72000000,0.00220000,BUY,false,
3924408914,2286.73000000,0.02190000,BUY,false,
3924408915,2286.73000000,0.00220000,BUY,false,
3924408916,2286.73000000,0.00220000,BUY,false,
3924408917,2286.73000000,0.00220000,BUY,false,
3924408918,2286.73000000,0.00220000,BUY,false,
3924408919,2286.74000000,0.00220000,BUY,false,
3924408920,2286.74000000,0.00220000,BUY,false,
3924408921,2286.76000000,0.00340000,BUY,false,
3924408922,2286.78000000,0.00230000,BUY,false,
3924408923,2286.79000000,0.00220000,BUY,false,
3924408924,2286.79000000,0.00270000,BUY,false,
3924408925,2286.79000000,0.00210000,BUY,false,
3924408926,2286.78000000,0.00230000,BUY,false,
3924408927,2286.78000000,0.00450000,BUY,false,
3924408928,2286.79000000,0.00010000,BUY,false,
3924408929,2286.79000000,0.02130000,BUY,false,
3924408930,2286.79000000,0.02660000,BUY,false,
3924408931,2286.79000000,0.00350000,BUY,false,
3924408932,2286.79000000,0.00230000,BUY,false,
3924408933,2286.79000000,0.00220000,BUY,false,
3924408934,2286.79000000,0.00450000,BUY,false,
3924408935,2286.79000000,0.00230000,BUY,false,
3924408936,2286.79000000,0.00230000,BUY,false,
3924408937,2286.79000000,0.00230000,BUY,false,
3924408938,2286.79000000,0.00220000,BUY,false,
3924408939,2286.79000000,0.00220000,BUY,false,
3924408940,2286.80000000,0.00300000,BUY,false,
3924408941,2286.80000000,0.00220000,BUY,false,
3924408942,2286.80000000,0.00230000,BUY,false,
3924408943,2286.80000000,0.00230000,BUY,false,
3924408944,2286.80000000,0.00220000,BUY,false,
3924408945,2286.81000000,0.00230000,BUY,false,
3924408946,2286.81000000,0.00220000,BUY,false,
3924408947,2286.81000000,0.00220000,BUY,false,
3924408948,2286.81000000,0.00220000,BUY,false,
3924408949,2286.81000000,0.00220000,BUY,false,
3924408950,2286.82000000,0.00220000,BUY,false,
3924408951,2286.82000000,0.00220000,BUY,false,
3924408952,2286.84000000,0.00440000,BUY,false,
3924408953,2286.85000000,0.01170000,BUY,false,
3924408954,2286.85000000,0.02580000,BUY,false,
3924408955,2286.85000000,0.00220000,BUY,false,
3924408956,2286.85000000,0.00220000,BUY,false,
3924408957,2286.85000000,0.00230000,BUY,false,
3924408958,2286.85000000,0.00230000,BUY,false,
3924408959,2286.85000000,0.00450000,BUY,false,
3924408960,2286.85000000,0.00230000,BUY,false,
3924408961,2286.85000000,0.00230000,BUY,false,
3924408962,2286.85000000,0.00220000,BUY,false,
3924408963,2286.85000000,0.00220000,BUY,false,
3924408964,2286.85000000,0.00450000,BUY,false,
3924408965,2286.85000000,0.00230000,BUY,false,
3924408966,2286.85000000,0.00230000,BUY,false,
3924408967,2286.86000000,0.00890000,BUY,false,
3924408968,2286.86000000,0.00230000,BUY,false,
3924408969,2286.86000000,0.00230000,BUY,false,
3924408970,2286.86000000,0.00230000,BUY,false,
3924408971,2286.86000000,0.00230000,BUY,false,
3924408972,2286.86000000,0.00220000,BUY,false,
3924408973,2286.86000000,0.00450000,BUY,false,
3924408974,2286.86000000,0.00230000,BUY,false,
3924408975,2286.86000000,0.00220000,BUY,false,
3924408976,2286.86000000,0.00230000,BUY,false,
3924408977,2286.86000000,0.00450000,BUY,false,
3924408978,2286.86000000,0.00230000,BUY,false,
3924408979,2286.86000000,0.00230000,BUY,false,
3924408980,2286.86000000,0.00230000,BUY,false,
3924408981,2286.86000000,0.00230000,BUY,false,
3924408982,2286.86000000,0.00230000,BUY,false,
3924408983,2286.86000000,0.00230000,BUY,false,
3924408984,2286.87000000,0.00220000,BUY,false,
3924408985,2286.87000000,0.00220000,BUY,false,
3924408986,2286.87000000,0.00230000,BUY,false,
3924408987,2286.87000000,0.00230000,BUY,false,
3924408988,2286.87000000,0.08590000,BUY,false,LARGE
3924408989,2286.87000000,0.02930000,BUY,false,LARGE
3924408990,2286.86000000,0.00490000,SELL,true,
3924408991,2286.87000000,0.00780000,BUY,false,
3924408992,2286.87000000,0.00470000,BUY,false,
3924408993,2286.87000000,0.07110000,BUY,false,LARGE
3924408994,2286.87000000,0.00220000,BUY,false,
3924408995,2286.87000000,0.00220000,BUY,false,
3924408996,2286.87000000,0.00450000,BUY,false,
3924408997,2286.87000000,0.00230000,BUY,false,
3924408998,2286.87000000,0.00230000,BUY,false,
3924408999,2286.87000000,0.00230000,BUY,false,
3924409000,2286.87000000,0.10300000,BUY,false,LARGE
3924409001,2286.87000000,0.03140000,BUY,false,LARGE
3924409002,2286.87000000,0.00240000,BUY,false,
3924409003,2286.87000000,0.01500000,BUY,false,
3924409004,2286.86000000,0.02450000,SELL,true,
3924409005,2286.87000000,0.14270000,BUY,false,LARGE
3924409006,2286.86000000,0.00240000,SELL,true,
3924409007,2286.86000000,0.00450000,SELL,true,
3924409008,2286.86000000,0.00220000,SELL,true,
3924409009,2286.86000000,0.00450000,SELL,true,
3924409010,2286.86000000,0.00450000,SELL,true,
3924409011,2286.86000000,0.00950000,SELL,true,
3924409012,2286.86000000,0.02400000,SELL,true,
3924409013,2286.86000000,0.00450000,SELL,true,
3924409014,2286.86000000,0.02520000,SELL,true,
3924409015,2286.86000000,0.16700000,SELL,true,LARGE
3924409016,2286.86000000,0.00230000,SELL,true,
3924409017,2286.86000000,0.00230000,SELL,true,
3924409018,2286.86000000,0.00230000,SELL,true,
3924409019,2286.86000000,0.00220000,SELL,true,
3924409020,2286.86000000,0.00230000,SELL,true,
3924409021,2286.86000000,0.00220000,SELL,true,
3924409022,2286.86000000,0.00220000,SELL,true,
3924409023,2286.86000000,0.00220000,SELL,true,
3924409024,2286.85000000,0.00220000,SELL,true,
3924409025,2286.85000000,0.00240000,SELL,true,
3924409026,2286.85000000,0.52180000,SELL,true,LARGE
3924409027,2286.85000000,0.21550000,SELL,true,LARGE
3924409028,2286.85000000,0.02600000,SELL,true,
3924409029,2286.85000000,0.99000000,SELL,true,LARGE
3924409030,2286.85000000,0.00230000,SELL,true,
3924409031,2286.85000000,0.00220000,SELL,true,
3924409032,2286.85000000,0.00220000,SELL,true,
3924409033,2286.85000000,0.00220000,SELL,true,
3924409034,2286.85000000,0.00220000,SELL,true,
3924409035,2286.84000000,0.00220000,SELL,true,
3924409036,2286.84000000,0.00220000,SELL,true,
3924409037,2286.84000000,0.00230000,SELL,true,
3924409038,2286.84000000,0.00240000,SELL,true,
3924409039,2286.84000000,0.00220000,SELL,true,
3924409040,2286.84000000,0.00220000,SELL,true,
3924409041,2286.84000000,0.00220000,SELL,true,
3924409042,2286.84000000,0.00220000,SELL,true,
3924409043,2286.84000000,0.00220000,SELL,true,
3924409044,2286.84000000,0.00220000,SELL,true,
3924409045,2286.84000000,0.00220000,SELL,true,
3924409046,2286.84000000,0.00220000,SELL,true,
3924409047,2286.83000000,0.00240000,SELL,true,
3924409048,2286.81000000,0.00240000,SELL,true,
3924409049,2286.80000000,0.00220000,SELL,true,
3924409050,2286.80000000,0.00240000,SELL,true,
3924409051,2286.80000000,0.00220000,SELL,true,
3924409052,2286.80000000,0.00220000,SELL,true,
3924409053,2286.80000000,0.00220000,SELL,true,
3924409054,2286.80000000,0.00220000,SELL,true,
3924409055,2286.79000000,0.00220000,SELL,true,
3924409056,2286.79000000,0.00220000,SELL,true,
3924409057,2286.79000000,0.00240000,SELL,true,
3924409058,2286.79000000,0.00220000,SELL,true,
3924409059,2286.79000000,0.00220000,SELL,true,
3924409060,2286.79000000,0.00220000,SELL,true,
3924409061,2286.79000000,0.00220000,SELL,true,
3924409062,2286.78000000,0.00240000,SELL,true,
3924409063,2286.78000000,0.00220000,SELL,true,
3924409064,2286.78000000,0.00450000,SELL,true,
3924409065,2286.78000000,0.00230000,SELL,true,
3924409066,2286.78000000,0.00220000,SELL,true,
3924409067,2286.78000000,0.00220000,SELL,true,
3924409068,2286.78000000,0.00220000,SELL,true,
3924409069,2286.78000000,0.00220000,SELL,true,
3924409070,2286.77000000,0.00220000,SELL,true,
3924409071,2286.77000000,0.00240000,SELL,true,
3924409072,2286.77000000,0.00230000,SELL,true,
3924409073,2286.77000000,0.00230000,SELL,true,
3924409074,2286.77000000,0.00450000,SELL,true,
3924409075,2286.77000000,0.00220000,SELL,true,
3924409076,2286.76000000,0.00240000,SELL,true,
3924409077,2286.75000000,0.00220000,SELL,true,
3924409078,2286.75000000,0.00220000,SELL,true,
3924409079,2286.75000000,0.00220000,SELL,true,
3924409080,2286.75000000,0.00240000,SELL,true,
3924409081,2286.75000000,0.00220000,SELL,true,
3924409082,2286.75000000,0.00220000,SELL,true,
3924409083,2286.75000000,0.00220000,SELL,true,
3924409084,2286.75000000,0.00220000,SELL,true,
3924409085,2286.75000000,0.00220000,SELL,true,
3924409086,2286.75000000,0.00220000,SELL,true,
3924409087,2286.73000000,0.00220000,SELL,true,
3924409088,2286.73000000,0.00240000,SELL,true,
3924409089,2286.73000000,0.00220000,SELL,true,
3924409090,2286.72000000,0.00230000,SELL,true,
3924409091,2286.72000000,0.00240000,SELL,true,
3924409092,2286.70000000,0.00220000,SELL,true,
3924409093,2286.70000000,0.00240000,SELL,true,
3924409094,2286.70000000,0.00220000,SELL,true,
3924409095,2286.69000000,0.00220000,SELL,true,
3924409096,2286.69000000,0.00240000,SELL,true,
3924409097,2286.69000000,2.23160000,SELL,true,LARGE
3924409098,2286.69000000,0.00230000,SELL,true,
3924409099,2286.69000000,0.00450000,SELL,true,
3924409100,2286.69000000,0.00230000,SELL,true,
3924409101,2286.69000000,0.00230000,SELL,true,
3924409102,2286.69000000,0.00230000,SELL,true,
3924409103,2286.69000000,0.00230000,SELL,true,
3924409104,2286.69000000,0.00230000,SELL,true,
3924409105,2286.69000000,0.00220000,SELL,true,
3924409106,2286.69000000,0.00220000,SELL,true,
3924409107,2286.69000000,0.00220000,SELL,true,
3924409108,2286.69000000,0.00220000,SELL,true,
3924409109,2286.69000000,0.00220000,SELL,true,
3924409110,2286.69000000,0.00220000,SELL,true,
3924409111,2286.69000000,0.00360000,BUY,false,
3924409112,2286.69000000,0.05450000,BUY,false,
3924409113,2286.68000000,0.00450000,SELL,true,
3924409114,2286.68000000,0.00220000,SELL,true,
3924409115,2286.68000000,0.00450000,SELL,true,
3924409116,2286.68000000,0.00230000,SELL,true,
3924409117,2286.68000000,0.00220000,SELL,true,
3924409118,2286.68000000,0.20540000,SELL,true,LARGE
3924409119,2286.69000000,0.21720000,BUY,false,LARGE
3924409120,2286.68000000,0.00450000,SELL,true,
3924409121,2286.68000000,0.00240000,SELL,true,
3924409122,2286.68000000,0.00450000,SELL,true,
3924409123,2286.68000000,0.00450000,SELL,true,
3924409124,2286.68000000,0.00230000,SELL,true,
3924409125,2286.68000000,0.00230000,SELL,true,
3924409126,2286.68000000,0.00230000,SELL,true,
3924409127,2286.68000000,0.08840000,SELL,true,
3924409128,2286.68000000,0.00220000,SELL,true,
3924409129,2286.68000000,0.00220000,SELL,true,
3924409130,2286.68000000,0.00230000,SELL,true,
3924409131,2286.68000000,0.02520000,SELL,true,
3924409132,2286.68000000,1.35570000,SELL,true,LARGE
3924409133,2286.68000000,0.00230000,SELL,true,
3924409134,2286.68000000,0.00220000,SELL,true,
3924409135,2286.68000000,0.00220000,SELL,true,
3924409136,2286.68000000,0.00220000,SELL,true,
3924409137,2286.67000000,0.00230000,SELL,true,
3924409138,2286.67000000,0.00240000,SELL,true,
3924409139,2286.67000000,0.01110000,SELL,true,
3924409140,2286.68000000,0.02390000,BUY,false,
3924409141,2286.67000000,0.12200000,SELL,true,
3924409142,2286.67000000,0.85690000,SELL,true,LARGE
3924409143,2286.67000000,0.00450000,SELL,true,
3924409144,2286.67000000,0.00220000,SELL,true,
3924409145,2286.67000000,0.00230000,SELL,true,
3924409146,2286.67000000,0.00230000,SELL,true,
3924409147,2286.67000000,0.00230000,SELL,true,
3924409148,2286.67000000,0.00240000,SELL,true,
3924409149,2286.67000000,0.00450000,SELL,true,
3924409150,2286.67000000,0.05040000,SELL,true,
3924409151,2286.67000000,0.00220000,SELL,true,
3924409152,2286.66000000,0.00240000,SELL,true,
3924409153,2286.66000000,0.00230000,SELL,true,
3924409154,2286.66000000,0.00230000,SELL,true,
3924409155,2286.66000000,0.00230000,SELL,true,
3924409156,2286.65000000,0.00220000,SELL,true,
3924409157,2286.65000000,0.00240000,SELL,true,
3924409158,2286.65000000,0.00220000,SELL,true,
3924409159,2286.65000000,0.00220000,SELL,true,
3924409160,2286.65000000,0.00220000,SELL,true,
3924409161,2286.65000000,0.00220000,SELL,true,
3924409162,2286.64000000,0.00220000,SELL,true,
3924409163,2286.64000000,0.00220000,SELL,true,
3924409164,2286.64000000,0.00240000,SELL,true,
3924409165,2286.64000000,0.00220000,SELL,true,
3924409166,2286.64000000,0.00220000,SELL,true,
3924409167,2286.64000000,0.00220000,SELL,true,
3924409168,2286.64000000,0.00220000,SELL,true,
3924409169,2286.64000000,0.00220000,SELL,true,
3924409170,2286.63000000,0.00120000,SELL,true,
3924409171,2286.63000000,0.00100000,SELL,true,
3924409172,2286.63000000,0.00240000,SELL,true,
3924409173,2286.63000000,0.00220000,SELL,true,
3924409174,2286.63000000,0.00220000,SELL,true,
3924409175,2286.63000000,0.00220000,SELL,true,
3924409176,2286.62000000,0.00240000,SELL,true,
3924409177,2286.61000000,0.00240000,SELL,true,
3924409178,2286.60000000,0.00220000,SELL,true,
3924409179,2286.60000000,0.00220000,SELL,true,
3924409180,2286.60000000,0.00300000,SELL,true,
3924409181,2286.60000000,0.00240000,SELL,true,
3924409182,2286.60000000,0.00230000,SELL,true,
3924409183,2286.60000000,0.00230000,SELL,true,
3924409184,2286.60000000,0.00220000,SELL,true,
3924409185,2286.60000000,0.00220000,SELL,true,
3924409186,2286.60000000,0.00230000,SELL,true,
3924409187,2286.59000000,0.00240000,SELL,true,
3924409188,2286.59000000,0.08370000,SELL,true,
3924409189,2286.58000000,0.00220000,SELL,true,
3924409190,2286.58000000,0.00240000,SELL,true,
3924409191,2286.58000000,0.00230000,SELL,true,
3924409192,2286.58000000,0.00220000,SELL,true,
3924409193,2286.58000000,0.00450000,SELL,true,
3924409194,2286.58000000,0.00220000,SELL,true,
3924409195,2286.58000000,0.00220000,SELL,true,
3924409196,2286.57000000,0.00450000,SELL,true,
3924409197,2286.57000000,0.01260000,SELL,true,
3924409198,2286.57000000,0.00220000,SELL,true,
3924409199,2286.57000000,0.00450000,SELL,true,
3924409200,2286.57000000,0.00450000,SELL,true,
3924409201,2286.57000000,0.00240000,SELL,true,
3924409202,2286.57000000,0.00220000,SELL,true,
3924409203,2286.57000000,0.00230000,SELL,true,
3924409204,2286.57000000,0.00230000,SELL,true,
3924409205,2286.57000000,0.00230000,SELL,true,
3924409206,2286.57000000,0.00220000,SELL,true,
3924409207,2286.57000000,0.00220000,SELL,true,
3924409208,2286.56000000,0.00110000,SELL,true,
3924409209,2286.56000000,0.00130000,SELL,true,
3924409210,2286.56000000,0.00230000,SELL,true,
3924409211,2286.56000000,0.00160000,SELL,true,
3924409212,2286.56000000,0.00230000,SELL,true,
3924409213,2286.56000000,0.00230000,SELL,true,
3924409214,2286.56000000,0.00230000,SELL,true,
3924409215,2286.56000000,0.00450000,SELL,true,
3924409216,2286.56000000,0.00230000,SELL,true,
3924409217,2286.56000000,0.00220000,SELL,true,
3924409218,2286.56000000,0.00450000,SELL,true,
3924409219,2286.56000000,0.00450000,SELL,true,
3924409220,2286.56000000,0.00450000,SELL,true,
3924409221,2286.56000000,0.00220000,SELL,true,
3924409222,2286.56000000,0.00240000,SELL,true,
3924409223,2286.56000000,0.00220000,SELL,true,
3924409224,2286.56000000,0.00220000,SELL,true,
3924409225,2286.56000000,0.00220000,SELL,true,
3924409226,2286.56000000,0.00220000,SELL,true,
3924409227,2286.56000000,0.00220000,SELL,true,
3924409228,2286.55000000,0.00230000,SELL,true,
3924409229,2286.55000000,0.00230000,SELL,true,
3924409230,2286.55000000,0.00230000,SELL,true,
3924409231,2286.55000000,0.00240000,SELL,true,
3924409232,2286.53000000,0.00220000,SELL,true,
3924409233,2286.53000000,0.00220000,SELL,true,
3924409234,2286.53000000,0.00240000,SELL,true,
3924409235,2286.53000000,0.00220000,SELL,true,
3924409236,2286.53000000,0.00220000,SELL,true,
3924409237,2286.53000000,0.00220000,SELL,true,
3924409238,2286.53000000,0.00220000,SELL,true,
3924409239,2286.53000000,0.00220000,SELL,true,
3924409240,2286.53000000,0.00220000,SELL,true,
3924409241,2286.53000000,0.00220000,SELL,true,
3924409242,2286.53000000,0.00220000,SELL,true,
3924409243,2286.51000000,0.00220000,SELL,true,
3924409244,2286.51000000,0.00240000,SELL,true,
3924409245,2286.51000000,0.00220000,SELL,true,
3924409246,2286.50000000,0.00220000,SELL,true,
3924409247,2286.50000000,0.02190000,SELL,true,LARGE
3924409248,2286.50000000,0.00300000,SELL,true,
3924409249,2286.50000000,0.00240000,SELL,true,
3924409250,2286.50000000,0.00220000,SELL,true,
3924409251,2286.49000000,0.00220000,SELL,true,
3924409252,2286.49000000,0.00230000,SELL,true,
3924409253,2286.49000000,0.00230000,SELL,true,
3924409254,2286.49000000,0.00240000,SELL,true,
3924409255,2286.49000000,0.00220000,SELL,true,
3924409256,2286.49000000,0.00230000,SELL,true,
3924409257,2286.49000000,0.00220000,SELL,true,
3924409258,2286.49000000,0.00220000,SELL,true,
3924409259,2286.49000000,0.00220000,SELL,true,
3924409260,2286.48000000,0.10940000,SELL,true,LARGE
3924409261,2286.48000000,0.00220000,SELL,true,
3924409262,2286.48000000,0.00240000,SELL,true,
3924409263,2286.48000000,0.00220000,SELL,true,
3924409264,2286.47000000,0.00220000,SELL,true,
3924409265,2286.47000000,0.00240000,SELL,true,
3924409266,2286.47000000,0.00220000,SELL,true,
3924409267,2286.46000000,0.00220000,SELL,true,
3924409268,2286.46000000,0.00220000,SELL,true,
3924409269,2286.46000000,0.00220000,SELL,true,
3924409270,2286.46000000,0.00220000,SELL,true,
3924409271,2286.46000000,0.00240000,SELL,true,
3924409272,2286.46000000,0.00220000,SELL,true,
3924409273,2286.46000000,0.00220000,SELL,true,
3924409274,2286.46000000,0.00220000,SELL,true,
3924409275,2286.46000000,0.00220000,SELL,true,
3924409276,2286.46000000,0.00220000,SELL,true,
3924409277,2286.46000000,0.00220000,SELL,true,
3924409278,2286.46000000,0.00220000,SELL,true,
3924409279,2286.46000000,0.00220000,SELL,true,
3924409280,2286.46000000,0.00220000,SELL,true,
3924409281,2286.46000000,0.00220000,SELL,true,
3924409282,2286.46000000,0.00220000,SELL,true,
3924409283,2286.45000000,0.00220000,SELL,true,
3924409284,2286.45000000,0.00240000,SELL,true,
3924409285,2286.44000000,0.00220000,SELL,true,
3924409286,2286.44000000,0.00220000,SELL,true,
3924409287,2286.44000000,0.00220000,SELL,true,
3924409288,2286.44000000,0.00220000,SELL,true,
3924409289,2286.44000000,0.00220000,SELL,true,
3924409290,2286.43000000,0.00220000,SELL,true,
3924409291,2286.43000000,0.00220000,SELL,true,
3924409292,2286.43000000,0.00220000,SELL,true,
3924409293,2286.43000000,0.00220000,SELL,true,
3924409294,2286.43000000,0.00220000,SELL,true,
3924409295,2286.42000000,0.00220000,SELL,true,
3924409296,2286.42000000,0.07450000,SELL,true,LARGE
3924409297,2286.42000000,0.00220000,SELL,true,
3924409298,2286.42000000,0.00220000,SELL,true,
3924409299,2286.42000000,0.00220000,SELL,true,
3924409300,2286.42000000,0.00220000,SELL,true,
3924409301,2286.42000000,0.00220000,SELL,true,
3924409302,2286.42000000,0.00220000,SELL,true,
3924409303,2286.41000000,0.00230000,SELL,true,
3924409304,2286.41000000,0.00230000,SELL,true,
3924409305,2286.40000000,0.00300000,SELL,true,
3924409306,2286.40000000,0.00220000,SELL,true,
3924409307,2286.40000000,0.00220000,SELL,true,
3924409308,2286.36000000,0.00230000,SELL,true,
3924409309,2286.35000000,0.00220000,SELL,true,
3924409310,2286.35000000,0.00230000,SELL,true,
3924409311,2286.35000000,0.00230000,SELL,true,
3924409312,2286.35000000,0.00230000,SELL,true,
3924409313,2286.35000000,0.06700000,BUY,false,LARGE
3924409314,2286.35000000,0.00450000,BUY,false,
3924409315,2286.35000000,0.04430000,BUY,false,LARGE
3924409316,2286.35000000,0.05270000,BUY,false,LARGE
3924409317,2286.34000000,0.00450000,SELL,true,
3924409318,2286.34000000,0.01730000,SELL,true,
3924409319,2286.35000000,0.00350000,BUY,false,
3924409320,2286.35000000,0.00100000,BUY,false,
3924409321,2286.35000000,0.00220000,BUY,false,
3924409322,2286.35000000,0.00300000,BUY,false,
3924409323,2286.34000000,1.32290000,SELL,true,LARGE
3924409324,2286.34000000,0.02010000,SELL,true,
3924409325,2286.35000000,0.01130000,BUY,false,
3924409326,2286.34000000,0.88860000,SELL,true,LARGE
3924409327,2286.34000000,0.00450000,SELL,true,
3924409328,2286.34000000,0.00220000,SELL,true,
3924409329,2286.34000000,0.00450000,SELL,true,
3924409330,2286.34000000,0.00220000,SELL,true,
3924409331,2286.34000000,0.00240000,SELL,true,
3924409332,2286.34000000,0.19320000,SELL,true,LARGE
3924409333,2286.34000000,0.91600000,SELL,true,LARGE
3924409334,2286.34000000,0.00450000,SELL,true,
3924409335,2286.34000000,0.00450000,SELL,true,
3924409336,2286.34000000,0.98530000,SELL,true,LARGE
